Торговое наименование,МНН (группировочное или химическое наименование),Лекарственная форма,Дозировка,Исключение отдельных групп пациентов
Суприма-Бронхо,*Адатоды сосудистой экстракт густой+Базилика священного экстракт густой+Имбиря лекарственного экстракт густой+Кардамона настоящего экстракт густой+Куркумы длинной экстракт густой+Паслена желтоплодного экстракт густой+Перца длинного экстракт густой+Солодки голой экстракт густой,сироп,,
БРОНХОЗОЛОЭ,*Адатоды сосудистой экстракт густой+Базилика священного экстракт густой+Имбиря лекарственного экстракт густой+Кардамона настоящего экстракт густой+Куркумы длинной экстракт густой+Паслена желтоплодного экстракт густой+Перца длинного экстракт густой+Солодки голой экстракт густой,раствор для приема внутрь,,
Демидовский эликсир,*Аира корневищ экстракт+Бадана корневищ экстракт+Березы почек экстракт+Боярышника плодов экстракт+Дуба коры экстракт+Душицы обыкновенной травы экстракт+Женьшеня настоящего корней экстракт+Зверобоя продырявленного травы экстракт+Кориандра плодов экстракт+Ла,эликсир,,
Демидовский сироп,*Аира корневищ экстракт+Бадана корневищ экстракт+Березы почек экстракт+Боярышника плодов экстракт+Дуба коры экстракт+Душицы обыкновенной травы экстракт+Женьшеня настоящего корней экстракт+Зверобоя продырявленного травы экстракт+Кориандра плодов экстракт+Ла,сироп,,
Бронхофактор,*Алоэ+Базилик+Девясил+Имбирь+Куркума+Левоментол+Паслен+Перец кубеба+Солодка+Терминалия белерика+Юстиция адатода,сироп,,
Доктор Мом,*Алоэ+Базилик+Девясил+Имбирь+Куркума+Левоментол+Паслен+Перец кубеба+Солодка+Терминалия белерика+Юстиция адатода,сироп,,
Релцер,*Алюминия гидроксид+Магния гидроксид+Симетикон+Солодки корни,таблетки,,
Релцер,*Алюминия гидроксид+Магния гидроксид+Симетикон+Солодки корни,суспензия для приема внутрь,,
Кустодиол,*Аминокислоты+Кетокислоты+Минералы,раствор для перфузий,,
РЕЛБИНОР,*Аминокислоты+Кетокислоты+Минералы,раствор для перфузий,,
Простопин,*Апилак+Мед натуральный+Перга+Прополис+Пыльца цветочная (обножка),суппозитории ректальные,,
ПРОСТОУРИТ,*Апилак+Мед натуральный+Перга+Прополис+Пыльца цветочная (обножка),суппозитории ректальные,,
КАПСИКАМ®,*Бензилникотинат+Диметилсульфоксид+Камфора+Нонивамид+Скипидар живичный,мазь для наружного применения,,
КРЕПСИДЕРМ,*Бензилникотинат+Диметилсульфоксид+Камфора+Нонивамид+Скипидар живичный,мазь для наружного применения,,
Фелозилит,*Береза+Горец птичий+Золотарник+Лук+Любисток+Пажитник+Петрушка+Пырей+Хвощ,паста для приготовления суспензии для приема внутрь,,
Уролинеф,*Береза+Горец птичий+Золотарник+Лук+Любисток+Пажитник+Петрушка+Пырей+Хвощ,паста для приготовления суспензии для приема внутрь,,
Фитолизин,*Береза+Горец птичий+Золотарник+Лук+Любисток+Пажитник+Петрушка+Пырей+Хвощ,паста для приготовления суспензии для приема внутрь,,
Амбене Био,*Биоактивный концентрат мелких морских рыб,раствор для инъекций,,
ЭЛТУФЛОП® БИО,*Биоактивный концентрат мелких морских рыб,раствор для инъекций,,
Алфлутоп,*Биоактивный концентрат мелких морских рыб,раствор для инъекций,,
Форземаре,*Биоактивный концентрат мелких морских рыб,раствор для внутримышечного и внутрисуставного введения,50 ЕД/мл,
Ново-Пассит,*Боярышника плодов экстракт+Бузины черной цветков экстракт+Валерианы лекарственной корневищ с корнями экстракт+Гвайфенезин+Зверобоя продырявленного травы экстракт+Мелиссы лекарственной травы экстракт+Страстоцвета мясо-красного травы экстракт+Хмеля соплодий,раствор для приема внутрь,,
Ново-Персон,*Боярышника плодов экстракт+Бузины черной цветков экстракт+Валерианы лекарственной корневищ с корнями экстракт+Гвайфенезин+Зверобоя продырявленного травы экстракт+Мелиссы лекарственной травы экстракт+Страстоцвета мясо-красного травы экстракт+Хмеля соплодий,раствор для приема внутрь,,
Ново-Пассит,*Боярышника плодов экстракт+Бузины черной цветков экстракт+Валерианы лекарственной корневищ с корнями экстракт+Гвайфенезин+Зверобоя продырявленного травы экстракт+Мелиссы лекарственной травы экстракт+Страстоцвета мясо-красного травы экстракт+Хмеля соплодий,"таблетки, покрытые пленочной оболочкой",,
НОВО-ПЕРСОН,*Боярышника плодов экстракт+Бузины черной цветков экстракт+Валерианы лекарственной корневищ с корнями экстракт+Гвайфенезин+Зверобоя продырявленного травы экстракт+Мелиссы лекарственной травы экстракт+Страстоцвета мясо-красного травы экстракт+Хмеля соплодий,"таблетки, покрытые пленочной оболочкой",,
Орвис Рино,*Бузины цветков экстракт+Вербены травы экстракт+Горечавки корень экстракт+Первоцвета цветков экстракт+Щавеля травы экстракт,"таблетки, покрытые пленочной оболочкой",,
Синупрет,*Бузины цветков экстракт+Вербены травы экстракт+Горечавки корень экстракт+Первоцвета цветков экстракт+Щавеля травы экстракт,"таблетки, покрытые оболочкой",,
Синусовит,*Бузины цветков экстракт+Вербены травы экстракт+Горечавки корень экстракт+Первоцвета цветков экстракт+Щавеля травы экстракт,"таблетки, покрытые оболочкой",,
Синупрет,*Бузины цветков экстракт+Вербены травы экстракт+Горечавки корень экстракт+Первоцвета цветков экстракт+Щавеля травы экстракт,капли для приема внутрь,,
Орвис Рино,*Бузины цветков экстракт+Вербены травы экстракт+Горечавки корень экстракт+Первоцвета цветков экстракт+Щавеля травы экстракт,капли для приема внутрь,,
СИНУКАП,*Бузины цветков экстракт+Вербены травы экстракт+Горечавки корень экстракт+Первоцвета цветков экстракт+Щавеля травы экстракт,капли для приема внутрь,,
НАЗУФИТОЛ,*Бузины цветков экстракт+Вербены травы экстракт+Горечавки корень экстракт+Первоцвета цветков экстракт+Щавеля травы экстракт,капли для приема внутрь,,
Церебролизин®,"*Комплекс пептидов, выделенных из головного мозга свньи",раствор для инъекций,215.2 мг/мл,
Церебринэль,"*Комплекс пептидов, выделенных из головного мозга свньи",раствор для инъекций,,
Церебропепт,"*Комплекс пептидов, выделенных из головного мозга свньи",раствор для инъекций,,
Церебрестан,"*Комплекс пептидов, выделенных из головного мозга свньи",раствор для инъекций,,
Дышесол,*Масло листьев мяты перечной+Масло сосны+Масло листьев эвкалипта+Тимол+альфа-Токоферола ацетат+Гвайазулен,капли назальные,,
Кодесол® Пино,*Масло листьев мяты перечной+Масло сосны+Масло листьев эвкалипта+Тимол+альфа-Токоферола ацетат+Гвайазулен,капли назальные,,
Пиносол,*Масло листьев мяты перечной+Масло сосны+Масло листьев эвкалипта+Тимол+альфа-Токоферола ацетат+Гвайазулен,капли назальные,,
Пиносол,*Масло листьев мяты перечной+Масло сосны+Масло листьев эвкалипта+Тимол+альфа-Токоферола ацетат+Гвайазулен,спрей назальный,,
Пульмекс бэби,*Масло розмарина+Масло листьев эвкалипта+Камфора+Перуанский бальзам,мазь для наружного применения,,
Подорожника настойка,*Подорожника большого листья настойка,настойка,,
Подорожника настойка,*Подорожника большого листья настойка,настойка,,
Офтолик БК,*Поливиниловый спирт+Повидон,капли глазные,,
Офтолик,*Поливиниловый спирт+Повидон,капли глазные,,
"Препарат ""КК"" Кошачий коготь",*Ункарии томентозы коры экстракт сухой,"таблетки, покрытые пленочной оболочкой",20 мг,
"Препарат ""КК"" Кошачий коготь",*Ункарии томентозы коры экстракт сухой,капсулы,20 мг,
Цернилтон,*Цернилтон,"таблетки, покрытые пленочной оболочкой",,
Цернилтон,*Цернилтон,таблетки,,
Цернилтон форте,*Цернилтон,капсулы,,
Клензит,Адапален,гель для наружного применения,0.1%,
Дифферин,Адапален,гель для наружного применения,0.1%,
Адолен,Адапален,гель для наружного применения,0.1%,
Адаклин,Адапален,крем для наружного применения,0.1%,
Дифферин,Адапален,крем для наружного применения,0.1%,
Эффезел®,Адапален+Бензоила пероксид,гель для наружного применения,1 мг/г+25 мг/г,
Акнетико Дуо,Адапален+Бензоила пероксид,гель для наружного применения,1 мг/г+25 мг/г,
Клензит-С,Адапален+Клиндамицин,гель для наружного применения,,
АДАПАЛЕН+КЛИНДАМИЦИН ИДЕЯ ФАРМ,Адапален+Клиндамицин,гель для наружного применения,1 мг/г+10 мг/г,
Клензит-С микросферы,Адапален+Клиндамицин,гель для наружного применения,,
"Растворы ЦФГ и С.А.Г.М. ""Теруфлекс""",Аденин+Декстроза+Лимонная кислота+Маннитол+Натрия дигидрофосфат+Натрия цитрат+Натрия хлорид,раствор гемоконсерванта,,
ЦФД/САГМ,Аденин+Декстроза+Лимонная кислота+Маннитол+Натрия дигидрофосфат+Натрия цитрат+Натрия хлорид,раствор гемоконсерванта,,
ЦФДА-1,Аденин+Декстроза+Лимонная кислота+Натрия дигидрофосфат+Натрия цитрат,раствор гемоконсерванта,,
Фаглюцид,Аденин+Декстроза+Лимонная кислота+Натрия дигидрофосфат+Натрия цитрат,раствор гемоконсерванта,,
ЦФДА-1,Аденин+Декстроза+Лимонная кислота+Натрия дигидрофосфат+Натрия цитрат,раствор гемоконсерванта,,
Офтаринт,Аденозин+Никотинамид+Цитохром С,капли глазные,,
НЕОКАТАХРОМ,Аденозин+Никотинамид+Цитохром С,капли глазные,2 мг/мл+20 мг/мл+0.675 мг/мл,
Цикатамид,Аденозин+Никотинамид+Цитохром С,капли глазные,2 мг/мл+20 мг/мл+0.675 мг/мл,
Офтан Катахром,Аденозин+Никотинамид+Цитохром С,капли глазные,,
Пентамин,Азаметония бромид,раствор для внутривенного и внутримышечного введения,50 мг/мл,
Пентамин,Азаметония бромид,раствор для внутривенного и внутримышечного введения,50 мг/мл,
Пентамин,Азаметония бромид,раствор для внутривенного и внутримышечного введения,50 мг/мл,
Вайдаза®,Азацитидин,лиофилизат для приготовления суспензии для подкожного введения,100 мг,
Фармазацит,Азацитидин,лиофилизат для приготовления суспензии для подкожного введения,25 мг/мл,
Азацитидин-Амедарт,Азацитидин,лиофилизат для приготовления суспензии для подкожного введения,25 мг/мл,
Азацитидин-Ника,Азацитидин,лиофилизат для приготовления суспензии для подкожного введения,25 мг/мл,
Азацитидин Эльфа®,Азацитидин,лиофилизат для приготовления суспензии для подкожного введения,25 мг/мл,
АЗАЦИТИДИН-ТЛ,Азацитидин,лиофилизат для приготовления суспензии для подкожного введения,100 мг,
Джоцитадин,Азацитидин,лиофилизат для приготовления суспензии для подкожного введения,100 мг,
АЗАЦИТИДИН-ПРОМОМЕД,Азацитидин,лиофилизат для приготовления суспензии для подкожного введения,25 мг/мл,
Скинорен,Азелаиновая кислота,гель для наружного применения,0.15,
Скиноклир,Азелаиновая кислота,гель для наружного применения,0.15,
Азелик,Азелаиновая кислота,гель для наружного применения,0.15,
Скинорен,Азелаиновая кислота,крем для наружного применения,0.2,
Азикс-Дерм,Азелаиновая кислота,крем для наружного применения,0.2,
Азелаиновая кислота - ВЕРТЕКС,Азелаиновая кислота,крем для наружного применения,0.2,
Скиноклир,Азелаиновая кислота,крем для наружного применения,0.2,
МОМАТ РИНО АДВАНС,Азеластин+Мометазон,спрей назальный дозированный,140 мкг+50 мкг/доза,
Ринетазон Комбо,Азеластин+Мометазон,спрей назальный дозированный,140 мкг+50 мкг/доза,
Азидроп,Азитромицин,капли глазные,15 мг/г,
АЗИБАКТА,Азитромицин,капли глазные,15 мг/г,
Викалин Авексима,Аира корневища+Висмута субнитрат+Келлин+Крушины ольховидной кора+Магния карбонат+Натрия гидрокарбонат+Рутозид,таблетки,,
Викалин,Аира корневища+Висмута субнитрат+Келлин+Крушины ольховидной кора+Магния карбонат+Натрия гидрокарбонат+Рутозид,таблетки,,
Викаир,Аира обыкновенного корневища+Висмута субнитрат+Крушины ольховидной кора+Магния карбонат+Натрия гидрокарбонат,таблетки,,
Викаир,Аира обыкновенного корневища+Висмута субнитрат+Крушины ольховидной кора+Магния карбонат+Натрия гидрокарбонат,таблетки,,
Викаир,Аира обыкновенного корневища+Висмута субнитрат+Крушины ольховидной кора+Магния карбонат+Натрия гидрокарбонат,таблетки,,
Викаир Авексима,Аира обыкновенного корневища+Висмута субнитрат+Крушины ольховидной кора+Магния карбонат+Натрия гидрокарбонат,таблетки,,
Ультра-адсорб,Активированный уголь,капсулы,200 мг,
Карбопект,Активированный уголь,капсулы,110 мг,
Экстрасорб,Активированный уголь,капсулы,"220 мг, 250 мг",
Уголь активированный,Активированный уголь,таблетки,250 мг,
Уголь активированный,Активированный уголь,таблетки,250 мг,
Уголь активированный,Активированный уголь,таблетки,250 мг,
Уголь активированный,Активированный уголь,таблетки,250 мг,
Уголь активированный,Активированный уголь,таблетки,250 мг,
Уголь активированный,Активированный уголь,таблетки,"250 мг, 500 мг",
Уголь активированный,Активированный уголь,таблетки,250 мг,
Уголь активированный-УБФ,Активированный уголь,таблетки,250 мг,
УГОЛЬ АКТИВИРОВАННЫЙ АВЕКСИМА,Активированный уголь,таблетки,250 мг,
Уголь активированный Медисорб,Активированный уголь,таблетки,250 мг,
Аллохол,Активированный уголь+Желчь+Крапивы двудомной листья+Чеснока посевного луковицы,"таблетки, покрытые оболочкой",,
Аллохол-УБФ,Активированный уголь+Желчь+Крапивы двудомной листья+Чеснока посевного луковицы,"таблетки, покрытые оболочкой",,
Аллохол,Активированный уголь+Желчь+Крапивы двудомной листья+Чеснока посевного луковицы,"таблетки, покрытые оболочкой",,
Аллохол,Активированный уголь+Желчь+Крапивы двудомной листья+Чеснока посевного луковицы,"таблетки, покрытые оболочкой",,
Аллохол,Активированный уголь+Желчь+Крапивы двудомной листья+Чеснока посевного луковицы,"таблетки, покрытые оболочкой",,
Аллохол,Активированный уголь+Желчь+Крапивы двудомной листья+Чеснока посевного луковицы,"таблетки, покрытые оболочкой",,
Аллохол,Активированный уголь+Желчь+Крапивы двудомной листья+Чеснока посевного луковицы,"таблетки, покрытые оболочкой",,
Аллохол,Активированный уголь+Желчь+Крапивы двудомной листья+Чеснока посевного луковицы,"таблетки, покрытые пленочной оболочкой",,
Аллохол Реневал,Активированный уголь+Желчь+Крапивы двудомной листья+Чеснока посевного луковицы,"таблетки, покрытые пленочной оболочкой",,
Метеоспазмил,Алверин+Симетикон,капсулы,60 мг+300 мг,
Спазмизан,Алверин+Симетикон,капсулы,60 мг+300 мг,
Алмагель® А,Алгелдрат+Бензокаин+Магния гидроксид,суспензия для приема внутрь,,
АЛГЕМАГ А,Алгелдрат+Бензокаин+Магния гидроксид,суспензия для приема внутрь,,
Магаплон А,Алгелдрат+Бензокаин+Магния гидроксид,суспензия для приема внутрь,,
АЛЬМАКСИЦИД А,Алгелдрат+Бензокаин+Магния гидроксид,суспензия для приема внутрь,,
Астрамаг А,Алгелдрат+Бензокаин+Магния гидроксид,суспензия для приема внутрь,,
Мальвацид® А,Алгелдрат+Бензокаин+Магния гидроксид,суспензия для приема внутрь,,
Би-Коден,Алгелдрат+Магния гидроксид,суспензия для приема внутрь,,
Алмагель,Алгелдрат+Магния гидроксид,суспензия для приема внутрь,,
Маалокс,Алгелдрат+Магния гидроксид,суспензия для приема внутрь,,
Нейтралакс,Алгелдрат+Магния гидроксид,суспензия для приема внутрь,,
Маалокс,Алгелдрат+Магния гидроксид,суспензия для приема внутрь,,
Гастрасан® А,Алгелдрат+Магния гидроксид,суспензия для приема внутрь,,
АЛГЕМАГ,Алгелдрат+Магния гидроксид,суспензия для приема внутрь,,
АЛЬМАКСИЦИД,Алгелдрат+Магния гидроксид,суспензия для приема внутрь,,
Мальвацид®,Алгелдрат+Магния гидроксид,суспензия для приема внутрь,,
Манаплон,Алгелдрат+Магния гидроксид,суспензия для приема внутрь,,
Алгелдрат+Магния гидроксид,Алгелдрат+Магния гидроксид,суспензия для приема внутрь,,
Астрамаг,Алгелдрат+Магния гидроксид,суспензия для приема внутрь,,
Гастрасан® ЮжФарм,Алгелдрат+Магния гидроксид,суспензия для приема внутрь,,
Гастрацид,Алгелдрат+Магния гидроксид,таблетки жевательные,400 мг+400 мг,
Аджифлюкс,Алгелдрат+Магния гидроксид,таблетки жевательные,,
Маалокс,Алгелдрат+Магния гидроксид,таблетки жевательные,,
Мальвацид®,Алгелдрат+Магния гидроксид,таблетки жевательные,400 мг+400 мг,
Алгелдрат + Магния гидроксид,Алгелдрат+Магния гидроксид,таблетки жевательные,400 мг+400 мг,
Би-Коден,Алгелдрат+Магния гидроксид,таблетки жевательные,400 мг+400 мг,
Магаплон,Алгелдрат+Магния гидроксид,таблетки жевательные,400 мг+400 мг,
Астрамаг,Алгелдрат+Магния гидроксид,таблетки жевательные,400 мг+400 мг,
МАЛГИДРАТ,Алгелдрат+Магния гидроксид,таблетки жевательные,400 мг+400 мг,
Нейтралакс,Алгелдрат+Магния гидроксид,таблетки жевательные,400 мг+400 мг,
БИОЛЕК Туберкулин ППД-Л,Аллерген туберкулезный для диагностики,раствор для внутрикожного введения,2 ТЕ/доза,
Аллерген туберкулезный очищенный в стандартном разведении (очищенный туберкулин в стандартном разведении),Аллерген туберкулезный для диагностики,раствор для внутрикожного введения,2 ТЕ/0.1 мл,
Алоэ экстракт жидкий,Алоэ древовидного листьев экстракт,раствор для подкожного введения,,
Алоэ экстракт жидкий,Алоэ древовидного листьев экстракт,раствор для подкожного введения,,
Алоэ экстракт жидкий,Алоэ древовидного листьев экстракт,раствор для подкожного введения,,
ВАП 20,Алпростадил,концентрат для приготовления раствора для инфузий,20 мкг/мл,
Вазостенон,Алпростадил,концентрат для приготовления раствора для инфузий,20 мкг/мл,
Вазапростан®,Алпростадил,лиофилизат для приготовления раствора для инфузий,20 мкг/мл,
Вазапростан®,Алпростадил,лиофилизат для приготовления раствора для инфузий,60 мкг,
Артерис-веро®,Алпростадил,лиофилизат для приготовления раствора для инфузий,60 мкг,
АЛПРОСТАДИЛ,Алпростадил,лиофилизат для приготовления раствора для инфузий,"20 мкг, 60 мкг",
Алпростадил,Алпростадил,лиофилизат для приготовления раствора для инфузий,"20 мкг, 60 мкг",
Ангиопрост,Алпростадил,лиофилизат для приготовления раствора для инфузий,"20 мкг, 60 мкг",
АЛПРОСТАДИЛ,Алпростадил,лиофилизат для приготовления раствора для инфузий,"20 мкг, 60 мкг",
Алтайский эликсир,Алтайский экстракт,эликсир,,
Алтайский эликсир,Алтайский экстракт,эликсир,,
Алтея сироп,Алтея корней экстракт,сироп,,
Алтея сироп,Алтея корней экстракт,сироп,,
Алтея сироп,Алтея корней экстракт,сироп,,
Алтея сироп,Алтея корней экстракт,сироп,,
Мукалтинекс,Алтея корней экстракт,сироп,,
Алтея сироп-АКОС,Алтея корней экстракт,сироп,,
Мукалтишка,Алтея корней экстракт,сироп,,
Алтея сироп,Алтея корней экстракт,сироп,,
Микстура от кашля для детей сухая,Алтея лекарственного корней экстракт+Аммония хлорид+Натрия бензоат+Натрия гидрокарбонат+Солодки корней экстракт,порошок для приготовления раствора для приема внутрь,,
Микстура от кашля для детей сухая,Алтея лекарственного корней экстракт+Аммония хлорид+Натрия бензоат+Натрия гидрокарбонат+Солодки корней экстракт,порошок для приготовления раствора для приема внутрь,,
Микстура от кашля для детей сухая,Алтея лекарственного корней экстракт+Аммония хлорид+Натрия бензоат+Натрия гидрокарбонат+Солодки корней экстракт,порошок для приготовления раствора для приема внутрь,,
Микстура от кашля для детей сухая,Алтея лекарственного корней экстракт+Аммония хлорид+Натрия бензоат+Натрия гидрокарбонат+Солодки корней экстракт,порошок для приготовления раствора для приема внутрь,,
Микстура от кашля для детей сухая,Алтея лекарственного корней экстракт+Аммония хлорид+Натрия бензоат+Натрия гидрокарбонат+Солодки корней экстракт,порошок для приготовления раствора для приема внутрь,,
Микстура от кашля для детей сухая,Алтея лекарственного корней экстракт+Аммония хлорид+Натрия бензоат+Натрия гидрокарбонат+Солодки корней экстракт,порошок для приготовления раствора для приема внутрь,,
Микстура от кашля для детей сухая,Алтея лекарственного корней экстракт+Аммония хлорид+Натрия бензоат+Натрия гидрокарбонат+Солодки корней экстракт,порошок для приготовления раствора для приема внутрь,,
Мукалтин-ЛекТ,Алтея лекарственного травы экстракт,таблетки,50 мг,
Мукалтин,Алтея лекарственного травы экстракт,таблетки,50 мг,
Мукалтин,Алтея лекарственного травы экстракт,таблетки,50 мг,
Мукалтин,Алтея лекарственного травы экстракт,таблетки,50 мг,
Мукалтин-Акрихин,Алтея лекарственного травы экстракт,таблетки,50 мг,
Мукалтин Медисорб,Алтея лекарственного травы экстракт,таблетки,50 мг,
Мукалтин Реневал,Алтея лекарственного травы экстракт,таблетки,50 мг,
Мукалтин,Алтея лекарственного травы экстракт,таблетки,50 мг,
Мукалтин,Алтея лекарственного травы экстракт,таблетки,50 мг,
Мукалтин,Алтея лекарственного травы экстракт,таблетки,50 мг,
Мукалтин,Алтея лекарственного травы экстракт,таблетки,50 мг,
Мукалтин,Алтея лекарственного травы экстракт,таблетки,50 мг,
Мукалтин,Алтея лекарственного травы экстракт,таблетки,50 мг,
Мукалтин,Алтея лекарственного травы экстракт,таблетки,50 мг,
Мукалтин,Алтея лекарственного травы экстракт,таблетки шипучие,100 мг,
Мукалтин Реневал,Алтея лекарственного травы экстракт,таблетки шипучие,50 мг,
Мукалтин,Алтея лекарственного травы экстракт,таблетки диспергируемые,50 мг,
Альбумин,Альбумин человека,раствор для инфузий,0.2,
Альбумин,Альбумин человека,раствор для инфузий,"10%, 5%",
АОСТА®,Альбумин человека,раствор для инфузий,0.2,
Альбумин человеческий,Альбумин человека,раствор для инфузий,0.2,
Альбумин,Альбумин человека,раствор для инфузий,0.1,
Альбумин,Альбумин человека,раствор для инфузий,0.2,
Альбумин,Альбумин человека,раствор для инфузий,"10%, 20%",
Альбумин,Альбумин человека,раствор для инфузий,0.2,
Альбумин Сигардис,Альбумин человека,раствор для инфузий,0.2,
Альбумин,Альбумин человека,раствор для инфузий,"10%, 20%, 5%",
Альбумин,Альбумин человека,раствор для инфузий,0.1,
Альбумин,Альбумин человека,раствор для инфузий,0.2,
Альбуфарм,Альбумин человека,раствор для инфузий,"50 мг/мл, 100 мг/мл, 200 мг/мл, 250 мг/мл",
Альбумин человека,Альбумин человека,раствор для инфузий,"20%, 5%",
Альбумин человеческий,Альбумин человека,раствор для инфузий,"20%, 5%",
Альбумин,Альбумин человека,раствор для инфузий,0.1,
Альбумин,Альбумин человека,раствор для инфузий,"10%, 20%",
Альбумин,Альбумин человека,раствор для инфузий,0.1,
Зенальб-20,Альбумин человека,раствор для инфузий,0.2,
Плазбумин-20,Альбумин человека,раствор для инфузий,0.2,
Уман альбумин,Альбумин человека,раствор для инфузий,"20%, 25%",
Альбиомин 20%,Альбумин человека,раствор для инфузий,0.2,
Альбумин 10%,Альбумин человека,раствор для инфузий,0.1,
Альбурекс,Альбумин человека,раствор для инфузий,0.2,
Альбумин человека,Альбумин человека,раствор для инфузий,0.1,
Цитовир-3,Альфа-глутамил-триптофан+Аскорбиновая кислота+Бендазол,порошок для приготовления раствора для приема внутрь,,
Цитовир-3,Альфа-глутамил-триптофан+Аскорбиновая кислота+Бендазол,сироп,,
Гастал,Алюминия гидроксид-магния карбонат+магния гидроксид,таблетки для рассасывания,,
Гастал,Алюминия гидроксид-магния карбонат+магния гидроксид,таблетки для рассасывания,,
Гастрасан® Адванс,Алюминия гидроксид-магния карбонат+магния гидроксид,таблетки для рассасывания,450 мг+300 мг,
Фосфалюгель,Алюминия фосфат,гель для приема внутрь,,
АЛЮМИНИЯ ФОСФАТ,Алюминия фосфат,гель для приема внутрь,,
Альфосфаль,Алюминия фосфат,гель для приема внутрь,,
ФОСФАЛЮМИН,Алюминия фосфат,гель для приема внутрь,,
АВВАнтацид®,Алюминия фосфат,гель для приема внутрь,,
Алюфост,Алюминия фосфат,гель для приема внутрь,,
Рефлюнорм®,Алюминия фосфат,гель для приема внутрь,,
Фарингосепт,Амбазон,таблетки для рассасывания,10 мг,
Фарингосепт,Амбазон,таблетки для рассасывания,10 мг,
Амбазон,Амбазон,таблетки для рассасывания,10 мг,
Фарингопронт,Амбазон,таблетки для рассасывания,10 мг,
Фарингазон,Амбазон,таблетки для рассасывания,10 мг,
АМБРОКСОЛ,Амброксол,таблетки,30 мг,
Амброксол,Амброксол,таблетки,30 мг,
Амброксол,Амброксол,таблетки,30 мг,
РиниКолд КОФКОМПЛЕКС,Амброксол+Гвайфенезин+Фенилэфрин+Хлорфенамин,сироп,,
Колдакт Бронхо,Амброксол+Гвайфенезин+Фенилэфрин+Хлорфенамин,сироп,,
Горпилс,Амилметакрезол+Дихлорбензиловый спирт,пастилки,,
Стрепсилс с Согревающим эффектом,Амилметакрезол+Дихлорбензиловый спирт,таблетки для рассасывания,,
Гексорал табс классик,Амилметакрезол+Дихлорбензиловый спирт,таблетки для рассасывания,0.6 мг+1.2 мг,
Стрепсилс с охлаждающим эффектом,Амилметакрезол+Дихлорбензиловый спирт,таблетки для рассасывания,,
Суприма-ЛОР,Амилметакрезол+Дихлорбензиловый спирт,таблетки для рассасывания,0.6 мг+1.2 мг,
Колдакт Лорпилс,Амилметакрезол+Дихлорбензиловый спирт,таблетки для рассасывания,,
Стрепсилс,Амилметакрезол+Дихлорбензиловый спирт,таблетки для рассасывания,,
Стрепсилс,Амилметакрезол+Дихлорбензиловый спирт,таблетки для рассасывания,,
Аджисепт,Амилметакрезол+Дихлорбензиловый спирт,леденцы лекарственные,0.6 мг+1.2 мг,
Аджисепт,Амилметакрезол+Дихлорбензиловый спирт,леденцы лекарственные,0.6 мг+1.2 мг,
Астрасепт,Амилметакрезол+Дихлорбензиловый спирт,леденцы лекарственные,0.6 мг+1.2 мг,
Нео-Ангин,Амилметакрезол+Дихлорбензиловый спирт+[Левоментол],таблетки для рассасывания,,
Нео-Ангин,Амилметакрезол+Дихлорбензиловый спирт+[Левоментол],таблетки для рассасывания,,
Стрепсилс c Ментолом и Эвкалиптом,Амилметакрезол+Дихлорбензиловый спирт+[Левоментол],таблетки для рассасывания,,
Стрепсилс Экспресс,Амилметакрезол+Дихлорбензиловый спирт+Лидокаин,таблетки для рассасывания,0.6 мг+1.2 мг+10 мг,
Гексорал табс экстра,Амилметакрезол+Дихлорбензиловый спирт+Лидокаин,таблетки для рассасывания,0.6 мг+1.2 мг+10 мг,
Эксинта,Аминобензойная кислота,капли глазные,0.007%,
Октальмол®,Аминобензойная кислота,капли глазные,0.007%,
Аминокапроновая кислота,Аминокапроновая кислота,раствор для инфузий,50 мг/мл,
Аминокапроновая кислота,Аминокапроновая кислота,раствор для инфузий,50 мг/мл,
Аминокапроновая кислота,Аминокапроновая кислота,раствор для инфузий,50 мг/мл,
Аминокапроновая кислота,Аминокапроновая кислота,раствор для инфузий,50 мг/мл,
Аминокапроновая кислота,Аминокапроновая кислота,раствор для инфузий,50 мг/мл,
Аминокапроновая кислота,Аминокапроновая кислота,раствор для инфузий,50 мг/мл,
Аминокапроновая кислота,Аминокапроновая кислота,раствор для инфузий,50 мг/мл,
Аминокапроновая кислота,Аминокапроновая кислота,раствор для инфузий,50 мг/мл,
Аминокапроновая кислота,Аминокапроновая кислота,раствор для инфузий,50 мг/мл,
Аминокапроновая кислота-Эдвансд,Аминокапроновая кислота,раствор для инфузий,50 мг/мл,
Аминокапроновая кислота,Аминокапроновая кислота,раствор для инфузий,50 мг/мл,
Аминокапроновая кислота,Аминокапроновая кислота,раствор для инфузий,0.05,
Аминокапроновая кислота,Аминокапроновая кислота,раствор для инфузий,50 мг/мл,
Аминокапроновая кислота-СОЛОфарм,Аминокапроновая кислота,раствор для инфузий,50 мг/мл,
Аминоплазмаль Б. Браун Е 10,Аминокислоты для парентерального питания+Прочие препараты [Минералы],раствор для инфузий,,
Аминоплазмаль Б. Браун Е 5,Аминокислоты для парентерального питания+Прочие препараты [Минералы],раствор для инфузий,,
Амбен,Аминометилбензойная кислота,раствор для внутривенного и внутримышечного введения,10 мг/мл,
Аминометилбензойная кислота,Аминометилбензойная кислота,раствор для внутривенного и внутримышечного введения,10 мг/мл,
Памба,Аминометилбензойная кислота,раствор для внутривенного и внутримышечного введения,10 мг/мл,
Пасконат,Аминосалициловая кислота,раствор для инфузий,30 мг/мл,
Пара-аминосалицилат натрия-Бинергия,Аминосалициловая кислота,раствор для инфузий,30 мг/мл,
ПАС-Эдвансд,Аминосалициловая кислота,раствор для инфузий,30 мг/мл,
Аминосалициловая кислота,Аминосалициловая кислота,раствор для инфузий,30 мг/мл,
Пара-аминосалицилат натрия,Аминосалициловая кислота,лиофилизат для приготовления раствора для инфузий,13.49 г,
Аминосалициловая кислота,Аминосалициловая кислота,лиофилизат для приготовления раствора для инфузий,13.49 г,
Пара-аминосалицилат натрия-Бинергия,Аминосалициловая кислота,лиофилизат для приготовления раствора для инфузий,13.49 г,
ПАСК натриевая соль,Аминосалициловая кислота,лиофилизат для приготовления раствора для инфузий,3 г,
Фенибут,Аминофенилмасляная кислота,таблетки,250 мг,
Фенибут,Аминофенилмасляная кислота,таблетки,250 мг,
Фенибут,Аминофенилмасляная кислота,таблетки,250 мг,
Фенибут,Аминофенилмасляная кислота,таблетки,250 мг,
Фенибут-С,Аминофенилмасляная кислота,таблетки,250 мг,
Фенибут-ЛекТ,Аминофенилмасляная кислота,таблетки,250 мг,
ФЕНИБУТ АВЕКСИМА,Аминофенилмасляная кислота,таблетки,250 мг,
Фенибут,Аминофенилмасляная кислота,таблетки,250 мг,
Фенибут Альфактив,Аминофенилмасляная кислота,таблетки,250 мг,
Эуфиллин-ЭСКОМ,Аминофиллин,раствор для внутривенного введения,24 мг/мл,
Эуфиллин,Аминофиллин,раствор для внутривенного введения,24 мг/мл,
Эуфиллин,Аминофиллин,раствор для внутривенного введения,24 мг/мл,
Эуфиллин,Аминофиллин,раствор для внутривенного введения,24 мг/мл,
Эуфиллин,Аминофиллин,раствор для внутривенного введения,24 мг/мл,
Эуфиллин,Аминофиллин,раствор для внутривенного введения,24 мг/мл,
Эуфиллин,Аминофиллин,раствор для внутривенного введения,24 мг/мл,
Эуфиллин,Аминофиллин,раствор для внутривенного введения,24 мг/мл,
Эуфиллин,Аминофиллин,раствор для внутривенного введения,24 мг/мл,
Эуфиллин,Аминофиллин,раствор для внутривенного введения,24 мг/мл,
Эуфиллин,Аминофиллин,раствор для внутривенного введения,24 мг/мл,
ЭУФИЛЛИН АВЕКСИМА,Аминофиллин,таблетки,150 мг,
Эуфиллин-УБФ,Аминофиллин,таблетки,150 мг,
Эуфиллин,Аминофиллин,таблетки,150 мг,
Эуфиллин,Аминофиллин,таблетки,150 мг,
Эуфиллин,Аминофиллин,таблетки,150 мг,
Эуфиллин,Аминофиллин,таблетки,150 мг,
Эуфиллин,Аминофиллин,таблетки,150 мг,
Эуфиллин,Аминофиллин,таблетки,150 мг,
Эуфиллин,Аминофиллин,таблетки,150 мг,
Эуфиллин,Аминофиллин,таблетки,150 мг,
Престанс,Амлодипин+Периндоприл,таблетки,"5 мг+5 мг, 5 мг+10 мг, 10 мг+5 мг, 10 мг+10 мг",
Дисертил солофарм,Амлодипин+Периндоприл,таблетки,"5 мг+5 мг, 5 мг+10 мг, 10 мг+5 мг, 10 мг+10 мг",
Аммиак,Аммиак,раствор для местного применения,0.1,
Аммиак,Аммиак,раствор для наружного применения и ингаляций,0.1,
Аммиак,Аммиак,раствор для наружного применения и ингаляций,0.1,
Аммиак,Аммиак,раствор для наружного применения и ингаляций,0.1,
Аммиак,Аммиак,раствор для наружного применения и ингаляций,0.1,
Аммиак,Аммиак,раствор для наружного применения и ингаляций,0.1,
Аммиак,Аммиак,раствор для наружного применения и ингаляций,0.1,
Аммиак,Аммиак,раствор для наружного применения и ингаляций,0.1,
Аммиак,Аммиак,раствор для наружного применения и ингаляций,0.1,
Аммиак,Аммиак,раствор для наружного применения и ингаляций,0.1,
Аммиак,Аммиак,раствор для наружного применения и ингаляций,0.1,
Аммиак,Аммиак,раствор для наружного применения и ингаляций,0.1,
Аммиак,Аммиак,раствор для наружного применения и ингаляций,0.1,
Аммиак,Аммиак,раствор для наружного применения и ингаляций,0.1,
Аммиак,Аммиак,раствор для наружного применения и ингаляций,0.1,
Аммиак,Аммиак,раствор для наружного применения и ингаляций,0.1,
Аммиак,Аммиак,раствор для наружного применения и ингаляций,0.1,
Аммиак,Аммиак,раствор для наружного применения и ингаляций,0.1,
Аммиак,Аммиак,раствор для наружного применения и ингаляций,0.1,
Грудной эликсир,Аммиак+Аниса плодов масло+Солодки корней экстракт,раствор для приема внутрь,,
Грудной эликсир,Аммиак+Аниса плодов масло+Солодки корней экстракт,раствор для приема внутрь,,
Грудной эликсир,Аммиак+Аниса плодов масло+Солодки корней экстракт,раствор для приема внутрь,,
Грудной эликсир,Аммиак+Аниса плодов масло+Солодки корней экстракт,раствор для приема внутрь,,
Грудной эликсир,Аммиак+Аниса плодов масло+Солодки корней экстракт,эликсир,,
Грудной эликсир,Аммиак+Аниса плодов масло+Солодки корней экстракт,эликсир,,
Грудной эликсир,Аммиак+Аниса плодов масло+Солодки корней экстракт,эликсир,,
Грудной эликсир,Аммиак+Аниса плодов масло+Солодки корней экстракт,эликсир,,
Грудной эликсир,Аммиак+Аниса плодов масло+Солодки корней экстракт,эликсир,,
Нашатырно-анисовые капли,Аммиак+Аниса плодов масло,"раствор для приема внутрь, [спиртовой]",,
Нашатырно-анисовые капли,Аммиак+Аниса плодов масло,"капли для приема внутрь, [спиртовые]",,
Нашатырно-анисовые капли,Аммиак+Аниса плодов масло,"капли для приема внутрь, [спиртовые]",,
Жидкость для рук,Аммиак+Глицерол+Этанол,раствор для наружного применения,,
Аммиак+Глицерол+Этанол,Аммиак+Глицерол+Этанол,раствор для наружного применения,,
Эпиген интим,Аммония глицирризинат,спрей для местного и наружного применения,0.1%,
ГИНОКЕЙР®,Аммония глицирризинат,спрей для местного и наружного применения,0.1%,
ГЛИЦИВИР интим,Аммония глицирризинат,спрей для местного и наружного применения,0.1%,
Локинал Интим,Аммония глицирризинат,спрей для местного и наружного применения,0.1%,
Глицирам,Аммония глицирризинат,таблетки,50 мг,
Реглисам,Аммония глицирризинат,таблетки,50 мг,
Термопсиса сироп с солодкой,Аммония хлорид+Калия бромид+Натрия бензоат+Солодки корней экстракт+Термопсиса ланцетного травы экстракт,сироп,,
Амтерсол,Аммония хлорид+Калия бромид+Натрия бензоат+Солодки корней экстракт+Термопсиса ланцетного травы экстракт,сироп,,
Микстура от кашля для взрослых сухая,Аммония хлорид+Натрия бензоат+Натрия гидрокарбонат+Солодки корней экстракт+Термопсиса ланцетного травы экстракт,порошок для приготовления раствора для приема внутрь,,
Микстура от кашля для взрослых сухая,Аммония хлорид+Натрия бензоат+Натрия гидрокарбонат+Солодки корней экстракт+Термопсиса ланцетного травы экстракт,порошок для приготовления раствора для приема внутрь,,
Микстура от кашля для взрослых сухая,Аммония хлорид+Натрия бензоат+Натрия гидрокарбонат+Солодки корней экстракт+Термопсиса ланцетного травы экстракт,порошок для приготовления раствора для приема внутрь,,
Микстура от кашля для взрослых сухая,Аммония хлорид+Натрия бензоат+Натрия гидрокарбонат+Солодки корней экстракт+Термопсиса ланцетного травы экстракт,порошок для приготовления раствора для приема внутрь,,
Микстура от кашля для взрослых сухая,Аммония хлорид+Натрия бензоат+Натрия гидрокарбонат+Солодки корней экстракт+Термопсиса ланцетного травы экстракт,порошок для приготовления раствора для приема внутрь,,
Микстура от кашля для взрослых сухая,Аммония хлорид+Натрия бензоат+Натрия гидрокарбонат+Солодки корней экстракт+Термопсиса ланцетного травы экстракт,порошок для приготовления раствора для приема внутрь,,
Флемоксин Солютаб®,Амоксициллин,таблетки диспергируемые,"125 мг, 250 мг, 500 мг, 1000 мг",
АМОКСИЦИЛЛИН,Амоксициллин,таблетки диспергируемые,"125 мг, 250 мг, 500 мг, 1000 мг",
АМОКСИЦИЛЛИН+СУЛЬБАКТАМ,Амоксициллин+[Сульбактам],порошок для приготовления раствора для внутривенного и внутримышечного введения,"250 мг+125 мг, 500 мг+250 мг, 1000 мг+500 мг",
Сульбамокс Эльфа®,Амоксициллин+[Сульбактам],порошок для приготовления раствора для внутривенного и внутримышечного введения,"250 мг+125 мг, 500 мг+250 мг, 1000 мг+500 мг",
Амоксициллин+сульбактам-АЛВИЛС,Амоксициллин+[Сульбактам],порошок для приготовления раствора для внутривенного и внутримышечного введения,"250 мг+125 мг, 500 мг+250 мг, 1000 мг+500 мг",
Амоктам,Амоксициллин+[Сульбактам],порошок для приготовления раствора для внутривенного и внутримышечного введения,"500 мг+250 мг, 1000 мг+500 мг",
Амоктам,Амоксициллин+[Сульбактам],порошок для приготовления раствора для внутривенного и внутримышечного введения,250 мг+125 мг,
АМОКСИЦИЛЛИН+СУЛЬБАКТАМ-ДЖИЭФСИ®,Амоксициллин+[Сульбактам],порошок для приготовления раствора для внутривенного и внутримышечного введения,"250 мг+125 мг, 500 мг+250 мг, 1000 мг+500 мг",
Ампициллина натриевая соль-Виал,Ампициллин,порошок для приготовления раствора для внутривенного и внутримышечного введения,500 мг,
Ампициллин,Ампициллин,порошок для приготовления раствора для внутривенного и внутримышечного введения,0.5 г,
Ампициллин,Ампициллин,порошок для приготовления раствора для внутривенного и внутримышечного введения,500 мг,
Ампициллин,Ампициллин,порошок для приготовления раствора для внутривенного и внутримышечного введения,"0.5 г, 1 г, 2 г",
Ампициллин,Ампициллин,порошок для приготовления раствора для внутримышечного введения,"0.25 г, 0.5 г",
Ампициллин,Ампициллин,порошок для приготовления раствора для внутримышечного введения,"250 мг, 500 мг",
ОКСАМП®-натрий,Ампициллин+Оксациллин,порошок для приготовления раствора для внутривенного и внутримышечного введения,667 мг+333 мг,
ОКСАМП®-натрий,Ампициллин+Оксациллин,порошок для приготовления раствора для внутривенного и внутримышечного введения,333.5 мг+166.5 мг,
Ампиокс-натрий,Ампициллин+Оксациллин,порошок для приготовления раствора для внутривенного и внутримышечного введения,"133.4 мг+66.6 мг, 333.5 мг+166.5 мг",
Оксамп-натрий,Ампициллин+Оксациллин,порошок для приготовления раствора для внутримышечного введения,"133.4 мг+66.6 мг, 333.5 мг+166.5 мг",
Оксамп-натрий,Ампициллин+Оксациллин,порошок для приготовления раствора для внутримышечного введения,667 мг+333 мг,
Ампиокс-натрий,Ампициллин+Оксациллин,порошок для приготовления раствора для внутримышечного введения,"133.4 мг+66.6 мг, 333.5 мг+166.5 мг",
Амбизом®,Амфотерицин B [липосомальный],порошок для приготовления концентрата для приготовления дисперсии для инфузий,50 мг,
Амфотерицин В липосомальный,Амфотерицин B [липосомальный],лиофилизат для приготовления концентрата для приготовления дисперсии для инфузий,50 мг,
Анатоксин дифтерийный очищенный адсорбированный с уменьшенным содержанием антигена жидкий (АД-М анатоксин),Анатоксин дифтерийный,суспензия для внутримышечного и подкожного введения,5 Lf/доза,
Анатоксин дифтерийный очищенный адсорбированный с уменьшенным содержанием антигена жидкий (АД-М-анатоксин),Анатоксин дифтерийный,суспензия для внутримышечного и подкожного введения,,
Анатоксин стафилококковый очищенный,Анатоксин стафилококковый,раствор для подкожного введения,,
Анатоксин стафилококковый очищенный адсорбированный,Анатоксин стафилококковый,суспензия для подкожного введения,,
Анатоксин столбнячный очищенный адсорбированный жидкий (АС-анатоксин),Анатоксин столбнячный,суспензия для подкожного введения,,
Анатоксин столбнячный очищенный адсорбированный жидкий (АС-анатоксин),Анатоксин столбнячный,суспензия для подкожного введения,10 ЕС/доза,
Апокинон,Апоморфин,раствор для подкожного введения,5 мг/мл,
Допацептин® П,Апоморфин,раствор для подкожного введения,5 мг/мл,
Аралии настойка,Аралии маньчжурской корней настойка,настойка,,
Аралии настойка,Аралии маньчжурской корней настойка,настойка,,
Аралии настойка,Аралии маньчжурской корней настойка,настойка,,
Аралии настойка,Аралии маньчжурской корней настойка,настойка,,
Аралии настойка,Аралии маньчжурской корней настойка,настойка,,
Глутаргин,Аргинина глутамат,концентрат для приготовления раствора для инфузий,400 мг/мл,
Глутаргин,Аргинина глутамат,раствор для инфузий,40 мг/мл,
Артикаин-ЭГЕН с адреналином,Артикаин+[Эпинефрин],раствор для инъекций,40 мг/мл+0.005 мг/мл,
Ультракаин® Д-С,Артикаин+[Эпинефрин],раствор для инъекций,40 мг/мл+0.005 мг/мл,
Артикаин-Бинергия с адреналином,Артикаин+[Эпинефрин],раствор для инъекций,(40 мг+0.005 мг)/мл,
Артифрин,Артикаин+[Эпинефрин],раствор для инъекций,(40 мг+0.006 мг)/мл,
Брилокаин®-адреналин,Артикаин+[Эпинефрин],раствор для инъекций,(40 мг+0.005 мг)/мл,
Артикаин ДФ,Артикаин+[Эпинефрин],раствор для инъекций,40 мг+0.01 мг/мл,
Ультракаин® Д-С форте,Артикаин+[Эпинефрин],раствор для инъекций,40 мг/мл+0.010 мг/мл,
Брилокаин®-адреналин форте,Артикаин+[Эпинефрин],раствор для инъекций,(40 мг+0.01 мг)/мл,
Артикаин-Бинергия с адреналином форте,Артикаин+[Эпинефрин],раствор для инъекций,(40 мг+0.01 мг)/мл,
Цитокартин,Артикаин+[Эпинефрин],раствор для инъекций,"40 мг+5 мкг/мл, 40 мг+10 мкг/мл",
Цертакаин®,Артикаин+[Эпинефрин],раствор для инъекций,"40 мг/мл+0.005 мг/мл, 40 мг/мл+0.01 мг/мл",
Артикаин с адреналином,Артикаин+[Эпинефрин],раствор для инъекций,"40 мг/мл+0.005 мг/мл, 40 мг/мл+0.01 мг/мл",
Септанест с адреналином,Артикаин+[Эпинефрин],раствор для инъекций,"40 мг+5 мкг/мл, 40 мг+10 мкг/мл",
Артикаин ИНИБСА,Артикаин+[Эпинефрин],раствор для инъекций,"40 мг/мл+0.005 мг/мл, 40 мг/мл+0.01 мг/мл",
Ораблок,Артикаин+[Эпинефрин],раствор для инъекций,"40 мг/мл+5 мкг/мл, 40 мг/мл+10 мкг/мл",
Аскорбиновая кислота,Аскорбиновая кислота,таблетки жевательные,"25 мг, 50 мг, 75 мг",
Кислота аскорбиновая (витамин С),Аскорбиновая кислота,таблетки жевательные,25 мг,
Аскорбиновая кислота,Аскорбиновая кислота,драже,50 мг,
Аскорбиновая кислота,Аскорбиновая кислота,драже,50 мг,
Аскорбиновая кислота,Аскорбиновая кислота,драже,50 мг,
Аскорбиновая кислота,Аскорбиновая кислота,драже,50 мг,
Аскорбиновая кислота,Аскорбиновая кислота,драже,50 мг,
Аскорбиновая кислота-УБФ,Аскорбиновая кислота,драже,50 мг,
Аскорбиновая кислота,Аскорбиновая кислота,порошок для приготовления раствора для приема внутрь,2.5 г,
Аскорбиновая кислота,Аскорбиновая кислота,порошок для приготовления раствора для приема внутрь,2.5 г,
Аскорбиновая кислота,Аскорбиновая кислота,порошок для приготовления раствора для приема внутрь,2.5 г,
Аскорбиновая кислота,Аскорбиновая кислота,порошок для приготовления раствора для приема внутрь,2.5 г,
Аскорбиновая кислота,Аскорбиновая кислота,порошок для приготовления раствора для приема внутрь,"1 г, 2.5 г",
Аскорбиновая кислота,Аскорбиновая кислота,порошок для приготовления раствора для приема внутрь,"1 г, 2.5 г",
Аскорбиновая кислота,Аскорбиновая кислота,порошок для приготовления раствора для приема внутрь,,
Аскорбиновая кислота,Аскорбиновая кислота,порошок для приема внутрь,1000 мг,
Аскорбиновая кислота,Аскорбиновая кислота,раствор для внутривенного и внутримышечного введения,50 мг/мл,
Аскорбиновая кислота,Аскорбиновая кислота,раствор для внутривенного и внутримышечного введения,50 мг/мл,
Аскорбиновая кислота-СОЛОфарм,Аскорбиновая кислота,раствор для внутривенного и внутримышечного введения,50 мг/мл,
Аскорбиновая кислота,Аскорбиновая кислота,раствор для внутривенного и внутримышечного введения,"50 мг/мл, 100 мг/мл",
Аскорбиновая кислота Реневал,Аскорбиновая кислота,раствор для внутривенного и внутримышечного введения,"50 мг/мл, 100 мг/мл",
Аскорбиновая кислота,Аскорбиновая кислота,раствор для внутривенного и внутримышечного введения,"50 мг/мл, 100 мг/мл",
Аскорбиновая кислота,Аскорбиновая кислота,раствор для внутривенного и внутримышечного введения,50 мг/мл,
Аскорбиновая кислота,Аскорбиновая кислота,раствор для внутривенного и внутримышечного введения,"50 мг/мл, 100 мг/мл",
Аскорбиновая кислота,Аскорбиновая кислота,раствор для внутривенного и внутримышечного введения,50 мг/мл,
Аскорбиновая кислота,Аскорбиновая кислота,раствор для внутривенного и внутримышечного введения,"50 мг/мл, 100 мг/мл",
Аскорбиновая кислота,Аскорбиновая кислота,раствор для внутривенного и внутримышечного введения,"50 мг/мл, 100 мг/мл",
Аскорбиновая кислота,Аскорбиновая кислота,раствор для внутривенного и внутримышечного введения,100 мг/мл,
Аскорбиновая кислота,Аскорбиновая кислота,раствор для внутривенного и внутримышечного введения,50 мг/мл,
Аскорбиновая кислота,Аскорбиновая кислота,раствор для внутривенного и внутримышечного введения,50 мг/мл,
Аскорбиновая кислота-Виал,Аскорбиновая кислота,раствор для внутривенного и внутримышечного введения,50 мг/мл,
Асвитол,Аскорбиновая кислота,таблетки жевательные,200 мг,
Роствит,Аскорбиновая кислота,таблетки жевательные,500 мг,
Витамин С,Аскорбиновая кислота,таблетки шипучие,"250 мг, 1000 мг",
Витамин С Реневал,Аскорбиновая кислота,таблетки шипучие,"250 мг, 1000 мг",
Асковит,Аскорбиновая кислота,таблетки шипучие,500 мг,
Аскорбиновая кислота,Аскорбиновая кислота,таблетки шипучие,1000 мг,
Асковит,Аскорбиновая кислота,таблетки шипучие,1 г,
Аскорбиновая кислота,Аскорбиновая кислота,таблетки,50 мг,
Аскорбиновая кислота,Аскорбиновая кислота,таблетки,"200 мг, 300 мг",
Аскорбиновая кислота с глюкозой,Аскорбиновая кислота+[Декстроза],таблетки,100 мг+877 мг,
Аскорбиновая кислота с глюкозой,Аскорбиновая кислота+[Декстроза],таблетки,25 мг+915 мг,
Аскорбиновая кислота с глюкозой,Аскорбиновая кислота+[Декстроза],таблетки,100 мг+877 мг,
Аскорбиновая кислота с глюкозой,Аскорбиновая кислота+[Декстроза],таблетки,100 мг+877 мг,
Аскорбиновая кислота с глюкозой,Аскорбиновая кислота+[Декстроза],таблетки,100 мг+877 мг,
Аскорбиновая кислота с глюкозой,Аскорбиновая кислота+[Декстроза],таблетки,100 мг+877 мг,
Аскорбиновая кислота с глюкозой,Аскорбиновая кислота+[Декстроза],таблетки,100 мг+877 мг,
Аскорбиновая кислота с глюкозой Медисорб,Аскорбиновая кислота+[Декстроза],таблетки,100 мг+610 мг,
Аскорбиновая кислота с глюкозой,Аскорбиновая кислота+[Декстроза],таблетки,100 мг+877 мг,
Аскорбиновая кислота с глюкозой,Аскорбиновая кислота+[Декстроза],таблетки,100 мг+877 мг,
Аскорбиновая кислота с глюкозой,Аскорбиновая кислота+[Декстроза],таблетки,100 мг+877 мг,
Аскорбиновая кислота с глюкозой,Аскорбиновая кислота+[Декстроза],таблетки,100 мг+877 мг,
Витамин С,Аскорбиновая кислота+[Декстроза],таблетки,100 мг+877 мг,
АС-Гленвитол,Аскорбиновая кислота+[Декстроза],таблетки,25 мг,
Аскорбиновая кислота с глюкозой,Аскорбиновая кислота+[Декстроза],таблетки,"100 мг+216.8 мг, 50 мг+260.2 мг, 75 мг+241.8 мг",
АнвиМакс,Аскорбиновая кислота+Кальция глюконат+Лоратадин+Парацетамол+Римантадин+Рутозид,набор капсул,,
Антигриппин-максимум,Аскорбиновая кислота+Кальция глюконат+Лоратадин+Парацетамол+Римантадин+Рутозид,набор капсул,,
АнвиМакс,Аскорбиновая кислота+Кальция глюконат+Лоратадин+Парацетамол+Римантадин+Рутозид,порошок для приготовления раствора для приема внутрь,,
АнвиМакс,Аскорбиновая кислота+Кальция глюконат+Лоратадин+Парацетамол+Римантадин+Рутозид,"таблетки шипучие, со вкусом и ароматом клюквы; таблетки шипучие, со вкусом и ароматом малины",,
ГЕРБЕЛЕН,Аскорбиновая кислота+(Мальвы лесной цветков+Подорожника ланцетовидного листьев) экстракт,сироп,,
ЭУДАЛЬЦИН,Аскорбиновая кислота+(Мальвы лесной цветков+Подорожника ланцетовидного листьев) экстракт,сироп,,
Гербилесил,Аскорбиновая кислота+(Мальвы лесной цветков+Подорожника ланцетовидного листьев) экстракт,сироп,,
Мальвы и подорожника сироп с витамином C,Аскорбиновая кислота+(Мальвы лесной цветков+Подорожника ланцетовидного листьев) экстракт,сироп,,
Гербион® сироп подорожника,Аскорбиновая кислота+(Мальвы лесной цветков+Подорожника ланцетовидного листьев) экстракт,сироп,,
Аскорутин,Аскорбиновая кислота+Рутозид,таблетки,,
Аскорутин,Аскорбиновая кислота+Рутозид,таблетки,50 мг+50 мг,
Аскорутин,Аскорбиновая кислота+Рутозид,таблетки,50 мг+50 мг,
Аскорутин,Аскорбиновая кислота+Рутозид,таблетки,50 мг+50 мг,
Аскорутин,Аскорбиновая кислота+Рутозид,таблетки,,
Аскорутин,Аскорбиновая кислота+Рутозид,таблетки,50 мг+50 мг,
Аскорутин,Аскорбиновая кислота+Рутозид,таблетки,,
Аскорутин,Аскорбиновая кислота+Рутозид,таблетки,50 мг+50 мг,
Аскорутин,Аскорбиновая кислота+Рутозид,таблетки,50 мг+50 мг,
Аскорутин,Аскорбиновая кислота+Рутозид,таблетки,50 мг+50 мг,
Аскорутин,Аскорбиновая кислота+Рутозид,таблетки,50 мг+50 мг,
Аскорутин,Аскорбиновая кислота+Рутозид,таблетки,50 мг+50 мг,
Аскорутин,Аскорбиновая кислота+Рутозид,таблетки,,
Аскорутин,Аскорбиновая кислота+Рутозид,таблетки,50 мг+50 мг,
Аскорутин,Аскорбиновая кислота+Рутозид,таблетки,50 мг+50 мг,
Аскорутин,Аскорбиновая кислота+Рутозид,таблетки,50 мг+50 мг,
Аскорутин Д,Аскорбиновая кислота+Рутозид,таблетки,,
Аскорутин-УБФ,Аскорбиновая кислота+Рутозид,таблетки,50 мг+50 мг,
Аскорутин Медисорб,Аскорбиновая кислота+Рутозид,таблетки,,
Веро-аспарагиназа,Аспарагиназа,лиофилизат для приготовления раствора для внутривенного и внутримышечного введения,10000 МЕ,
АСПАРАГИНАЗА,Аспарагиназа,лиофилизат для приготовления раствора для внутривенного и внутримышечного введения,"5000 МЕ, 10000 МЕ",
Липримар,Аторвастатин,"таблетки, покрытые пленочной оболочкой","10 мг, 20 мг, 40 мг, 80 мг",
Аторвастатин,Аторвастатин,"таблетки, покрытые пленочной оболочкой","10 мг, 20 мг, 40 мг",
Атропина сульфат,Атропин,капли глазные,0.01,
Атропин,Атропин,капли глазные,10 мг/мл,
Атропина сульфат,Атропин,раствор для инъекций,1 мг/мл,
Атропин,Атропин,раствор для инъекций,"0.5 мг/мл, 1 мг/мл",
Атропин,Атропин,раствор для инъекций,1 мг/мл,
Атропин,Атропин,раствор для инъекций,1 мг/мл,
Атропин Нова,Атропин,раствор для инъекций,1 мг/мл,
Аэртал®,Ацеклофенак,крем для наружного применения,1.5%,
Аленталь®,Ацеклофенак,крем для наружного применения,1.5%,
Ацеклофенак,Ацеклофенак,крем для наружного применения,1.5%,
Аспирин®-С,Ацетилсалициловая кислота+[Аскорбиновая кислота],таблетки шипучие,400 мг+240 мг,
Аспинат® С,Ацетилсалициловая кислота+[Аскорбиновая кислота],таблетки шипучие,,
Кардиомагнил,Ацетилсалициловая кислота+[Магния гидроксид],"таблетки, покрытые пленочной оболочкой","75 мг+15.2 мг, 150 мг+30.39 мг",
Магникардил®,Ацетилсалициловая кислота+[Магния гидроксид],"таблетки, покрытые пленочной оболочкой","75 мг+15.2 мг, 150 мг+30.39 мг",
КардиАСК® Магний,Ацетилсалициловая кислота+[Магния гидроксид],"таблетки, покрытые пленочной оболочкой","75 мг+15.2 мг, 150 мг+30.39 мг",
Кардевит® АС,Ацетилсалициловая кислота+[Магния гидроксид],"таблетки, покрытые пленочной оболочкой","75 мг+15.2 мг, 150 мг+30.39 мг",
ФАСТОКАР®,Ацетилсалициловая кислота+[Магния гидроксид],"таблетки, покрытые пленочной оболочкой","75 мг+15.2 мг, 150 мг+30.39 мг",
Ацетилсалициловая кислота+Магния гидроксид,Ацетилсалициловая кислота+[Магния гидроксид],"таблетки, покрытые пленочной оболочкой","75 мг+15.2 мг, 150 мг+30.39 мг",
Ацетилсалициловая кислота+Магния гидроксид,Ацетилсалициловая кислота+[Магния гидроксид],"таблетки, покрытые пленочной оболочкой","75 мг+15.2 мг, 150 мг+30.39 мг",
Цитрамон П,Ацетилсалициловая кислота+Кофеин+Парацетамол,таблетки,240 мг+30 мг+180 мг,
МИГРАЛГИН® ГРИН,Ацетилсалициловая кислота+Кофеин+Парацетамол,таблетки,240 мг+30 мг+180 мг,
Цитрамон П,Ацетилсалициловая кислота+Кофеин+Парацетамол,таблетки,,
Цитрамон П,Ацетилсалициловая кислота+Кофеин+Парацетамол,таблетки,240 мг+30 мг+180 мг,
Цитрамон П,Ацетилсалициловая кислота+Кофеин+Парацетамол,таблетки,240 мг+30 мг+180 мг,
Цитрамон-ЛекТ,Ацетилсалициловая кислота+Кофеин+Парацетамол,таблетки,,
Цитрамон-МФФ,Ацетилсалициловая кислота+Кофеин+Парацетамол,таблетки,240 мг+30 мг+180 мг,
Цитрамон П Реневал,Ацетилсалициловая кислота+Кофеин+Парацетамол,таблетки,,
Цитрамон П,Ацетилсалициловая кислота+Кофеин+Парацетамол,таблетки,,
Цитрамон П,Ацетилсалициловая кислота+Кофеин+Парацетамол,таблетки,240 мг+30 мг+180 мг,
Цитрамон П Медисорб,Ацетилсалициловая кислота+Кофеин+Парацетамол,таблетки,,
БРУСТРИО,Ацетилсалициловая кислота+Кофеин+Парацетамол,таблетки,,
ЦИТРАМОН П Велфарм,Ацетилсалициловая кислота+Кофеин+Парацетамол,таблетки,240 мг+30 мг+180 мг,
ЦИТРАМОН П,Ацетилсалициловая кислота+Кофеин+Парацетамол,таблетки,240 мг+30 мг+180 мг,
Цитрамон П,Ацетилсалициловая кислота+Кофеин+Парацетамол,таблетки,240 мг+30 мг+180 мг,
Цитрамарин®,Ацетилсалициловая кислота+Кофеин+Парацетамол,порошок для приготовления раствора для приема внутрь,,
Аквацитрамон,Ацетилсалициловая кислота+Кофеин+Парацетамол,гранулы для приготовления раствора для приема внутрь,,
РИНОСТЕЙН,Ацетилцистеин+Туаминогептан,спрей назальный,10 мг/мл+5 мг/мл,
Ринофлуимуцил®,Ацетилцистеин+Туаминогептан,спрей назальный,,
Ацикловир,Ацикловир,крем для наружного применения,0.05,
Ацикловир,Ацикловир,крем для наружного применения,0.05,
Виворакс,Ацикловир,крем для наружного применения,0.05,
Зовиракс,Ацикловир,крем для наружного применения,0.05,
Гервиракс,Ацикловир,крем для наружного применения,0.05,
Ацикловир Белупо,Ацикловир,крем для наружного применения,0.05,
Ацикловир-Ферейн,Ацикловир,крем для наружного применения,0.05,
Ацигерпин,Ацикловир,крем для наружного применения,0.05,
Ацикловир Сандоз,Ацикловир,крем для наружного применения,0.05,
Ацикловир-ВЕРТЕКС,Ацикловир,крем для наружного применения,0.05,
АЦИКЛОВИР,Ацикловир,крем для наружного применения,0.05,
Ацикловир,Ацикловир,крем для наружного применения,0.05,
Ацикловир,Ацикловир,мазь для наружного применения,0.05,
Ацикловир,Ацикловир,мазь для наружного применения,0.05,
Ацикловир,Ацикловир,мазь для наружного применения,0.05,
Ацикловир,Ацикловир,мазь для наружного применения,0.05,
Герперакс,Ацикловир,мазь для наружного применения,0.05,
Ацикловир-ВЕРТЕКС,Ацикловир,мазь для наружного применения,0.05,
Ацикловир Реневал,Ацикловир,мазь для наружного применения,0.05,
Ацикловир-АКОС,Ацикловир,мазь для наружного применения,0.05,
Ацикловир-Акрихин,Ацикловир,мазь для наружного применения,0.05,
Ацикловир,Ацикловир,мазь для наружного применения,0.05,
Ацикловир,Ацикловир,мазь для наружного применения,0.05,
Ацикловир,Ацикловир,мазь для наружного применения,0.05,
Ацикловир,Ацикловир,мазь для наружного применения,0.05,
Герпентол ЗД,Ацикловир,мазь для наружного применения,0.05,
Ацикловир,Ацикловир,мазь для местного и наружного применения,0.05,
Бадяга,Бадяга,порошок для приготовления суспензии для наружного применения,,
Бадяга,Бадяга,порошок для приготовления суспензии для наружного применения,,
Бадяга,Бадяга,порошок для приготовления суспензии для наружного применения,,
Бадяга,Бадяга,порошок для приготовления суспензии для наружного применения,,
Бадяга,Бадяга,порошок для приготовления суспензии для наружного применения,,
Бар-ВИПС,Бария сульфат,порошок для приготовления суспензии для приема внутрь,,
БАРИЯ СУЛЬФАТ,Бария сульфат,порошок для приготовления суспензии для приема внутрь,,
БАЦИДЕРМ,Бацитрацин+Неомицин,мазь для наружного применения,250 МЕ/г+5000 МЕ/г,
НЕОБАЦИТРАЦИН,Бацитрацин+Неомицин,мазь для наружного применения,250 МЕ/г+5000 МЕ/г,
БАКТЕРВЕКС,Бацитрацин+Неомицин,мазь для наружного применения,250 МЕ/г+5000 МЕ/г,
Банеоцин,Бацитрацин+Неомицин,мазь для наружного применения,250 МЕ/г+5000 МЕ/г,
БАЦИДЕРМ,Бацитрацин+Неомицин,порошок для наружного применения,250 МЕ/г+5000 МЕ/г,
НЕОБАЦИТРИН,Бацитрацин+Неомицин,порошок для наружного применения,250 МЕ/г+5000 МЕ/г,
Банеоцин,Бацитрацин+Неомицин,порошок для наружного применения,250 МЕ/г+5000 МЕ/г,
Красавки экстракт,Белладонны листьев экстракт,суппозитории ректальные,15 мг,
Красавки экстракт,Белладонны листьев экстракт,суппозитории ректальные,15 мг,
Красавки экстракт,Белладонны листьев экстракт,суппозитории ректальные,15 мг,
Красавки экстракт,Белладонны листьев экстракт,суппозитории ректальные,15 мг,
Красавки экстракт,Белладонны листьев экстракт,суппозитории ректальные,15 мг,
Красавки экстракт,Белладонны листьев экстракт,суппозитории ректальные,15 мг,
Белластезин,Белладонны листьев экстракт+Бензокаин,таблетки,,
Белластезин,Белладонны листьев экстракт+Бензокаин,таблетки,,
Белластезин,Белладонны листьев экстракт+Бензокаин,таблетки,300 мг+15 мг,
Беллалгин,Белладонны листьев экстракт+Бензокаин+Метамизол натрия+Натрия гидрокарбонат,таблетки,,
Беллалгин,Белладонны листьев экстракт+Бензокаин+Метамизол натрия+Натрия гидрокарбонат,таблетки,,
БЕЛЛАЛГИН,Белладонны листьев экстракт+Бензокаин+Метамизол натрия+Натрия гидрокарбонат,таблетки,,
Анузол,Белладонны листьев экстракт+Трибромфенолята висмута и Висмута оксида комплекс+Цинка сульфат,суппозитории ректальные,,
Анузол,Белладонны листьев экстракт+Трибромфенолята висмута и Висмута оксида комплекс+Цинка сульфат,суппозитории ректальные,,
Ректобелол,Белладонны листьев экстракт+Трибромфенолята висмута и Висмута оксида комплекс+Цинка сульфат,суппозитории ректальные,,
Бесалол,Белладонны листьев экстракт+Фенилсалицилат,таблетки,,
Бесалол,Белладонны листьев экстракт+Фенилсалицилат,таблетки,,
Зеленина капли,Красавки листьев настойка+Валерианы лекарственной корневищ с корнями настойка+Ландыша травы настойка+[Левоментол],капли для приема внутрь,,
Зеленина капли,Красавки листьев настойка+Валерианы лекарственной корневищ с корнями настойка+Ландыша травы настойка+[Левоментол],капли для приема внутрь,,
Зеленина капли,Красавки листьев настойка+Валерианы лекарственной корневищ с корнями настойка+Ландыша травы настойка+[Левоментол],капли для приема внутрь,,
Зеленина капли,Красавки листьев настойка+Валерианы лекарственной корневищ с корнями настойка+Ландыша травы настойка+[Левоментол],капли для приема внутрь,,
Зеленина капли,Красавки листьев настойка+Валерианы лекарственной корневищ с корнями настойка+Ландыша травы настойка+[Левоментол],капли для приема внутрь,,
Гастрогуттал,Белладонны настойка+Валерианы лекарственной корневищ с корнями настойка+Мяты перечной листьев настойка+Полыни горькой травы настойка,капли для приема внутрь,,
Гастроспазмил,Белладонны настойка+Валерианы лекарственной корневищ с корнями настойка+Мяты перечной листьев настойка+Полыни горькой травы настойка,капли для приема внутрь,,
Дибазол-Виал,Бендазол,раствор для внутривенного и внутримышечного введения,10 мг/мл,
Дибазол,Бендазол,раствор для внутривенного и внутримышечного введения,10 мг/мл,
Дибазол,Бендазол,раствор для внутривенного и внутримышечного введения,10 мг/мл,
Дибазол,Бендазол,раствор для внутривенного и внутримышечного введения,10 мг/мл,
Дибазол,Бендазол,раствор для внутривенного и внутримышечного введения,5 мг/мл,
Дибазол,Бендазол,раствор для внутривенного и внутримышечного введения,10 мг/мл,
Дибазол,Бендазол,раствор для внутривенного и внутримышечного введения,10 мг/мл,
Бендазол,Бендазол,раствор для внутривенного и внутримышечного введения,10 мг/мл,
Дибазол,Бендазол,раствор для внутривенного и внутримышечного введения,10 мг/мл,
Дибазол,Бендазол,раствор для инъекций,0.01,
Андипал,Бендазол+Метамизол натрия+Папаверин+Фенобарбитал,таблетки,,
Андипал,Бендазол+Метамизол натрия+Папаверин+Фенобарбитал,таблетки,,
Андипал,Бендазол+Метамизол натрия+Папаверин+Фенобарбитал,таблетки,,
Андипал,Бендазол+Метамизол натрия+Папаверин+Фенобарбитал,таблетки,20 мг+250 мг+20 мг+20 мг,
АНДИПАЛ АВЕКСИМА,Бендазол+Метамизол натрия+Папаверин+Фенобарбитал,таблетки,,
Андипал,Бендазол+Метамизол натрия+Папаверин+Фенобарбитал,таблетки,,
Андипал,Бендазол+Метамизол натрия+Папаверин+Фенобарбитал,таблетки,,
Андипал,Бендазол+Метамизол натрия+Папаверин+Фенобарбитал,таблетки,,
Папазол Реневал,Бендазол+Папаверин,таблетки,30 мг+30 мг,
Папазол,Бендазол+Папаверин,таблетки,,
Папазол-УБФ,Бендазол+Папаверин,таблетки,,
Папазол,Бендазол+Папаверин,таблетки,,
Папазол,Бендазол+Папаверин,таблетки,,
Папазол,Бендазол+Папаверин,таблетки,,
Фарматекс,Бензалкония хлорид,капсулы вагинальные,18.9 мг,
Фарматекс,Бензалкония хлорид,суппозитории вагинальные,18.9 мг,
Фармагинэкс,Бензалкония хлорид,суппозитории вагинальные,18.9 мг,
Эротекс,Бензалкония хлорид,суппозитории вагинальные,18.9 мг,
Сперматекс,Бензалкония хлорид,суппозитории вагинальные,18.9 мг,
Бензалкония хлорид,Бензалкония хлорид,суппозитории вагинальные,18.9 мг,
Контратекс,Бензалкония хлорид,суппозитории вагинальные,18.9 мг,
ЛОРОТРИЦИН®-АЛИУМ,Бензалкония хлорид+Бензокаин+Тиротрицин,таблетки для рассасывания,1 мг+1.5 мг+0.5 мг,
ТРИАТРИЦИН,Бензалкония хлорид+Бензокаин+Тиротрицин,таблетки для рассасывания,1 мг+1.5 мг+0.5 мг,
Доритрицин,Бензалкония хлорид+Бензокаин+Тиротрицин,таблетки для рассасывания,1 мг+1.5 мг+0.5 мг,
Бициллин®-3,Бензатина бензилпенициллин+Бензилпенициллин натрия+Бензилпенициллин прокаина,порошок для приготовления суспензии для внутримышечного введения,"600000 ЕД, 1200000 ЕД",
Рузциллин-3,Бензатина бензилпенициллин+Бензилпенициллин натрия+Бензилпенициллин прокаина,порошок для приготовления суспензии для внутримышечного введения,"600000 ЕД, 1200000 ЕД",
СЕПТОФОРТ ТОТАЛ,Бензидамин+Цетилпиридиния хлорид,спрей для местного применения дозированный,0.15 мг/доза+0.5 мг/доза,
Септолете® тотал,Бензидамин+Цетилпиридиния хлорид,спрей для местного применения дозированный,0.15 мг/доза+0.5 мг/доза,
Звездочка Дуо ЛОР,Бензидамин+Хлоргексидин,спрей для местного применения,1.5 мг/мл+1.2 мг/мл,
Лоросептин,Бензидамин+Хлоргексидин,спрей для местного применения дозированный,0.30 мг+0.24 мг/доза,
Бензилбензоат,Бензилбензоат,мазь для наружного применения,"10%, 20%",
Бензилбензоат,Бензилбензоат,мазь для наружного применения,"10%, 20%",
Бензилбензоат,Бензилбензоат,мазь для наружного применения,"10%, 20%",
Бензилбензоат,Бензилбензоат,мазь для наружного применения,"10%, 20%",
Бензилбензоат,Бензилбензоат,мазь для наружного применения,"10%, 20%",
Бензилбензоат,Бензилбензоат,мазь для наружного применения,"10%, 20%",
БЕНЗИЛБЕНЗОАТ,Бензилбензоат,мазь для наружного применения,0.2,
Бензилбензоат,Бензилбензоат,мазь для наружного применения,0.2,
Бензилбензоат,Бензилбензоат,мазь для наружного применения,0.2,
Бензилбензоат,Бензилбензоат,мазь для наружного применения,0.2,
БЕНЗИЛБЕНЗОАТ,Бензилбензоат,мазь для наружного применения,0.2,
Бензилбензоат,Бензилбензоат,мазь для наружного применения,0.2,
Бензилбензоат,Бензилбензоат,мазь для наружного применения,0.2,
БЕНЗИЛБЕНЗОАТ,Бензилбензоат,эмульсия для наружного применения,0.2,
Бензилбензоат,Бензилбензоат,эмульсия для наружного применения,0.2,
Бензилбензоат,Бензилбензоат,эмульсия для наружного применения,0.2,
Мираминол,Бензилдиметил-миристоиламино-пропиламмоний,раствор для местного и наружного применения,0.01%,
Форсепта Про,Бензилдиметил-миристоиламино-пропиламмоний,раствор для местного и наружного применения,0.01%,
МИРАМЕД® ЭВАЛАР,Бензилдиметил-миристоиламино-пропиламмоний,раствор для местного и наружного применения,0.01%,
Мирастенекс,Бензилдиметил-миристоиламино-пропиламмоний,раствор для местного и наружного применения,0.01%,
Миристоил,Бензилдиметил-миристоиламино-пропиламмоний,раствор для местного и наружного применения,0.01%,
МИРОСТЕДИН ИНФЕКТИ,Бензилдиметил-миристоиламино-пропиламмоний,раствор для местного и наружного применения,0.01%,
Мирамистин,Бензилдиметил-миристоиламино-пропиламмоний,раствор для местного применения,0.01%,
Миравацин,Бензилдиметил-миристоиламино-пропиламмоний,раствор для местного применения,0.01%,
Зилекса септ,Бензилдиметил-миристоиламино-пропиламмоний,раствор для наружного применения,0.01%,
Бензилпенициллина натриевая соль-Виал,Бензилпенициллин,порошок для приготовления раствора для внутривенного и внутримышечного введения,1000000 ЕД,
Бензилпенициллин,Бензилпенициллин,порошок для приготовления раствора для внутривенного и внутримышечного введения,1000000 ЕД,
Бензилпенициллин,Бензилпенициллин,порошок для приготовления раствора для внутримышечного и подкожного введения,"1000000 ЕД, 500000 ЕД",
Бензилпенициллина натриевая соль,Бензилпенициллин,порошок для приготовления раствора для внутримышечного и подкожного введения,"1000000 ЕД, 500000 ЕД",
Бензилпенициллин,Бензилпенициллин,порошок для приготовления раствора для инъекций,"1 млн.ЕД, 500 тыс.ЕД",
Бензилпенициллин,Бензилпенициллин,порошок для приготовления раствора для инъекций,"1000000 ЕД, 500000 ЕД",
Бензилпенициллина натриевая соль,Бензилпенициллин,порошок для приготовления раствора для инъекций и местного применения,"1000000 ЕД, 500000 ЕД",
Экларан 10,Бензоила пероксид,гель для наружного применения,0.1,
Экларан 5,Бензоила пероксид,гель для наружного применения,0.05,
Базирон АС,Бензоила пероксид,гель для наружного применения,"2.5%, 5%, 10%",
БЕНЗОРИД,Бензоила пероксид,гель для наружного применения,"2.5%, 5%",
Бензоила пероксид,Бензоила пероксид,гель для наружного применения,"2.5%, 5%",
БАЗИКЛИР,Бензоила пероксид,гель для наружного применения,"2.5%, 5%",
БАЗИКЛИР,Бензоила пероксид,гель для наружного применения,0.1,
Зеркалин® Интенсив,Бензоила пероксид+Клиндамицин,гель для наружного применения,50 мг+10 мг/г,
Клиндовит Комбо,Бензоила пероксид+Клиндамицин,гель для наружного применения,50 мг+10 мг/г,
Релиф Адванс,Бензокаин,суппозитории ректальные,206 мг,
ПРОКЛИФИПИН АДВАНС,Бензокаин,суппозитории ректальные,206 мг,
БЕНЗОКАИН,Бензокаин,суппозитории ректальные,206 мг,
Релиталикс,Бензокаин,суппозитории ректальные,206 мг,
Бензокаин,Бензокаин,суппозитории ректальные,206 мг,
Релиф® Адванс,Бензокаин,мазь для ректального и наружного применения,200 мг/г,
Бензокаин,Бензокаин,мазь для ректального и наружного применения,200 мг/г,
ПРОКЛИФИПИН АДВАНС,Бензокаин,мазь для ректального и наружного применения,200 мг/г,
ПРОКТОСТЕЗОЛ,Бензокаин+Висмута субгаллат+Цинка оксид+Левоментол,суппозитории ректальные,,
БЕНЗОСТЕЗОЛ,Бензокаин+Висмута субгаллат+Цинка оксид+Левоментол,суппозитории ректальные,100 мг+40 мг+20 мг+4 мг,
Анестезол,Бензокаин+Висмута субгаллат+Цинка оксид+Левоментол,суппозитории ректальные,100 мг+40 мг+20 мг+4 мг,
АНТЕЗОИЛ,Бензокаин+Висмута субгаллат+Цинка оксид+Левоментол,суппозитории ректальные,,
НИГЕПРОКТ,Бензокаин+Гепарин натрия,суппозитории ректальные,50 мг+1000 МЕ,
АНЕСТЕЛАКС,Бензокаин+Гепарин натрия,суппозитории ректальные,50 мг+1000 МЕ,
Нигепан®,Бензокаин+Гепарин натрия,суппозитории ректальные,50 мг+1000 МЕ,
Меновазин-ЭКОлаб,Бензокаин+Левоментол+Прокаин,раствор для наружного применения,,
Меновазин,Бензокаин+Левоментол+Прокаин,раствор для наружного применения,,
Меновазин,Бензокаин+Левоментол+Прокаин,раствор для наружного применения,,
Меновазин,Бензокаин+Левоментол+Прокаин,раствор для наружного применения,,
Меновазин,Бензокаин+Левоментол+Прокаин,раствор для наружного применения,,
Меновазин,Бензокаин+Левоментол+Прокаин,раствор для наружного применения,,
Меновазин,Бензокаин+Левоментол+Прокаин,раствор для наружного применения,,
Меновазин,Бензокаин+Левоментол+Прокаин,раствор для наружного применения,,
Меновазин,Бензокаин+Левоментол+Прокаин,раствор для наружного применения,,
Меновазин,Бензокаин+Левоментол+Прокаин,раствор для наружного применения,,
Меновазин,Бензокаин+Левоментол+Прокаин,раствор для наружного применения,,
Меновазин,Бензокаин+Левоментол+Прокаин,раствор для наружного применения,,
Меновазин,Бензокаин+Левоментол+Прокаин,раствор для наружного применения,,
Меновазин,Бензокаин+Левоментол+Прокаин,раствор для наружного применения спиртовой,,
Меновазин Реневал,Бензокаин+Левоментол+Прокаин,раствор для наружного применения спиртовой,,
МЕНОВАЗИН,Бензокаин+Левоментол+Прокаин,раствор для наружного применения спиртовой,,
Меновазин,Бензокаин+Левоментол+Прокаин,раствор для наружного применения спиртовой,,
Меновазин,Бензокаин+Левоментол+Прокаин,раствор для наружного применения спиртовой,,
Меновазин,Бензокаин+Левоментол+Прокаин,раствор для наружного применения спиртовой,,
Меновазин,Бензокаин+Левоментол+Прокаин,раствор для наружного применения спиртовой,,
МЕНОВАЗИН,Бензокаин+Левоментол+Прокаин,раствор для наружного применения спиртовой,,
Стопангин 2А форте,Бензокаин+Тиротрицин,таблетки для рассасывания,,
Стопангин 2А,Бензокаин+Тиротрицин,таблетки для рассасывания,,
ТераФлю ЛАР,Бензоксония хлорид+Лидокаин,спрей для местного применения,,
ТераФлю ЛАР,Бензоксония хлорид+Лидокаин,таблетки для рассасывания,,
бенфо-БИНАВИТ®,Бенфотиамин+Пиридоксин,"таблетки, покрытые оболочкой",100 мг+100 мг,
Витапрайм® Композитум,Бенфотиамин+Пиридоксин,"таблетки, покрытые оболочкой",100 мг+100 мг,
Мильгамма® композитум,Бенфотиамин+Пиридоксин,"таблетки, покрытые оболочкой",100 мг+100 мг,
Цитипигам® композитум,Бенфотиамин+Пиридоксин,"таблетки, покрытые пленочной оболочкой",100 мг+100 мг,
Бенфотиамин+Пиридоксин,Бенфотиамин+Пиридоксин,"таблетки, покрытые пленочной оболочкой",100 мг+100 мг,
Бетасерк®,Бетагистин,таблетки,"8 мг, 16 мг",
Бетасерк®,Бетагистин,таблетки,24 мг,
Бетагистин солофарм,Бетагистин,таблетки,"8 мг, 16 мг, 24 мг",
Бетаметазон-Вертекс,Бетаметазон,крем для наружного применения,0.05%,
Бетлибен,Бетаметазон,крем для наружного применения,0.05%,
Акридерм,Бетаметазон,крем для наружного применения,0.05%,
Бетаметазон,Бетаметазон,крем для наружного применения,0.05%,
БЕТАНЕЦИН,Бетаметазон,крем для наружного применения,0.05%,
Белодерм,Бетаметазон,крем для наружного применения,0.05%,
Целестодерм-В,Бетаметазон,крем для наружного применения,0.1%,
Бетаметазон-ВЕРТЕКС,Бетаметазон,мазь для наружного применения,0.05%,
Бетлибен,Бетаметазон,мазь для наружного применения,0.05%,
Акридерм,Бетаметазон,мазь для наружного применения,0.05%,
БЕТАНЕЦИН,Бетаметазон,мазь для наружного применения,0.05%,
БЕТАМЕТАЗОН,Бетаметазон,мазь для наружного применения,0.05%,
Бетаметазон,Бетаметазон,мазь для наружного применения,0.05%,
Белодерм,Бетаметазон,мазь для наружного применения,0.05%,
Бетаметазон,Бетаметазон,мазь для наружного применения,0.05%,
Целестодерм-В,Бетаметазон,мазь для наружного применения,0.1%,
Бетаметазон-Брингер,Бетаметазон,мазь для наружного применения,0.05%,
Белодерм Экспресс,Бетаметазон,спрей для наружного применения,0.05%,
Дипроспан,Бетаметазон,суспензия для инъекций,2 мг+5 мг/мл,
Бипрозон,Бетаметазон,суспензия для инъекций,7 мг/мл,
Дипромета,Бетаметазон,суспензия для инъекций,7 мг/мл,
Флостерон,Бетаметазон,суспензия для инъекций,7 мг/мл,
Акридерм ГЕНТА,Бетаметазон+Гентамицин,крем для наружного применения,0.05%+0.1%,
Акридерм ГЕНТА,Бетаметазон+Гентамицин,мазь для наружного применения,0.05%+0.1%,
Белогент,Бетаметазон+Гентамицин,крем для наружного применения,0.05%+0.1%,
ГУСМАНДЕР,Бетаметазон+Гентамицин,крем для наружного применения,0.05%+0.1%,
Бетадерм,Бетаметазон+Гентамицин,мазь для наружного применения,0.05%+0.1%,
БЕТАНЕЦИН ГЕНТА,Бетаметазон+Гентамицин,мазь для наружного применения,0.05%+0.1%,
Белогент,Бетаметазон+Гентамицин,мазь для наружного применения,0.05%+0.1%,
Тридерм,Бетаметазон+Гентамицин+Клотримазол,крем для наружного применения,0.05%+0.1%+1%,
Канизон плюс,Бетаметазон+Гентамицин+Клотримазол,крем для наружного применения,0.05%+0.1%+1%,
Скимазол,Бетаметазон+Гентамицин+Клотримазол,крем для наружного применения,0.05%+0.1%+1%,
ГЕНТАБЕ,Бетаметазон+Гентамицин+Клотримазол,крем для наружного применения,0.05%+0.1%+1%,
Кло-дерм,Бетаметазон+Гентамицин+Клотримазол,крем для наружного применения,0.05%+0.1%+1%,
БЕТАНЕЦИН ГК,Бетаметазон+Гентамицин+Клотримазол,крем для наружного применения,0.05%+0.1%+1%,
Акридерм ГК,Бетаметазон+Гентамицин+Клотримазол,крем для наружного применения,0.05%+0.1%+1%,
Тридерм,Бетаметазон+Гентамицин+Клотримазол,мазь для наружного применения,0.05%+0.1%+1%,
ГЕНТАБЕ,Бетаметазон+Гентамицин+Клотримазол,мазь для наружного применения,0.5 мг/г+1 мг/г+10 мг/г,
ПОЛИАКТИН ГК,Бетаметазон+Гентамицин+Клотримазол,мазь для наружного применения,0.5 мг/г+1 мг/г+10 мг/г,
БЕТАМИНОЛ ЗД ТРИО,Бетаметазон+Гентамицин+Клотримазол,мазь для наружного применения,0.5 мг/г+1 мг/г+10 мг/г,
Канизон® Плюс,Бетаметазон+Гентамицин+Клотримазол,мазь для наружного применения,0.05%+0.1%+1%,
Вегадерм Комби,Бетаметазон+Гентамицин+Клотримазол,мазь для наружного применения,0.5 мг/г+1 мг/г+10 мг/г,
Акридерм ГК,Бетаметазон+Гентамицин+Клотримазол,мазь для наружного применения,0.05%+0.1%+1%,
Редерм,Бетаметазон+Салициловая кислота,мазь для наружного применения,0.05%+3%,
ЭКЗОБЕТА®-С,Бетаметазон+Салициловая кислота,мазь для наружного применения,0.05%+3%,
Акридерм СК,Бетаметазон+Салициловая кислота,мазь для наружного применения,0.05%+3%,
Сатава,Бетаметазон+Салициловая кислота,мазь для наружного применения,0.05%+3%,
Белосалик,Бетаметазон+Салициловая кислота,мазь для наружного применения,0.05%+3%,
Бетанецин СК,Бетаметазон+Салициловая кислота,мазь для наружного применения,0.05%+3%,
Дипросалик,Бетаметазон+Салициловая кислота,мазь для наружного применения,0.05%+3%,
Белосалик лосьон,Бетаметазон+Салициловая кислота,раствор для наружного применения,0.05%+2%,
Дипросалик лосьон,Бетаметазон+Салициловая кислота,раствор для наружного применения,0.05%+2%,
Акридерм СК,Бетаметазон+Салициловая кислота,раствор для наружного применения,0.05%+2%,
Редерм® флюид,Бетаметазон+Салициловая кислота,раствор для наружного применения,0.05%+2%,
Бианем-АФ,Биапенем,порошок для приготовления раствора для инфузий,"300 мг, 600 мг",
БИАПЕНЕМ-ДЖИЭФСИ®,Биапенем,порошок для приготовления раствора для инфузий,"300 мг, 600 мг",
Биапенем Эльфа,Биапенем,порошок для приготовления концентрата для приготовления раствора для инфузий,"300 мг, 600 мг",
БИАНЕМЕР-АГ,Биапенем,порошок для приготовления концентрата для приготовления раствора для инфузий,"300 мг, 600 мг",
Бисакодил,Бисакодил,суппозитории ректальные,10 мг,
Бисакодил-Нижфарм,Бисакодил,суппозитории ректальные,10 мг,
Бисакодил,Бисакодил,суппозитории ректальные,10 мг,
Конкор® Кор,Бисопролол,"таблетки, покрытые пленочной оболочкой",2.5 мг,
Конкор®,Бисопролол,"таблетки, покрытые пленочной оболочкой","5 мг, 10 мг",
Бисопролол солофарм,Бисопролол,"таблетки, покрытые пленочной оболочкой","2.5 мг, 5 мг, 10 мг",
Бифидумбактерин сухой,Бифидобактерии бифидум,лиофилизат для приготовления раствора для приема внутрь и местного применения,10 млн.КОЕ/доза,
Бифидумбактерин,Бифидобактерии бифидум,лиофилизат для приготовления раствора для приема внутрь и местного применения,5 доз,
Бифидумбактерин,Бифидобактерии бифидум,лиофилизат для приготовления раствора для приема внутрь и местного применения,,
Бифидумбактерин,Бифидобактерии бифидум,лиофилизат для приготовления суспензии для приема внутрь и местного применения,,
Бифидумбактерин,Бифидобактерии бифидум,порошок для приема внутрь и местного применения,500 млн.КОЕ,
Бифидумбактерин,Бифидобактерии бифидум,суппозитории вагинальные и ректальные,,
Бифидумбактерин,Бифидобактерии бифидум,суппозитории вагинальные и ректальные,,
Бификол,Бифидобактерии бифидум+Кишечные палочки,лиофилизат для приготовления суспензии для приема внутрь,,
Бификол,Бифидобактерии бифидум+Кишечные палочки,лиофилизат для приготовления суспензии для приема внутрь измельченный,,
Флорин форте,Бифидобактерии бифидум+Лактобактерии плантарум,капсулы,50 млн КОЕ+50 млн КОЕ,
Флорин форте,Бифидобактерии бифидум+Лактобактерии плантарум,порошок для приема внутрь,50 млн КОЕ+50 млн КОЕ,
Борная кислота,Борная кислота,раствор для местного применения,0.03,
Борная кислота,Борная кислота,раствор для местного применения,0.03,
Борная кислота,Борная кислота,раствор для местного применения,"0.5%, 1%, 2%, 3%",
Борная кислота,Борная кислота,раствор для местного применения,0.03,
Борная кислота,Борная кислота,раствор для местного применения,0.03,
Борная кислота,Борная кислота,раствор для местного применения,0.03,
Борная кислота,Борная кислота,раствор для местного применения,0.03,
Борная кислота,Борная кислота,раствор для местного применения,0.03,
Борная кислота,Борная кислота,раствор для местного применения,0.03,
Борная кислота,Борная кислота,раствор для местного применения,0.03,
Борная кислота Реневал,Борная кислота,раствор для местного применения,0.03,
Борная кислота,Борная кислота,раствор для местного применения,0.03,
Борная кислота,Борная кислота,раствор для местного применения,0.03,
Борная кислота,Борная кислота,раствор для местного применения,0.03,
Борная кислота,Борная кислота,раствор для местного применения,0.03,
Борная кислота,Борная кислота,раствор для местного применения,0.03,
Борная кислота,Борная кислота,раствор для местного применения,0.03,
Борная кислота,Борная кислота,раствор для местного применения,0.03,
Борная кислота,Борная кислота,раствор для местного применения,0.03,
Борная кислота,Борная кислота,раствор для местного применения,0.03,
Борная кислота,Борная кислота,раствор для местного применения,0.03,
Борная кислота,Борная кислота,раствор для местного применения,0.03,
Борная кислота,Борная кислота,раствор для местного применения,0.03,
Борная кислота,Борная кислота,раствор для местного применения,0.03,
Борная кислота,Борная кислота,раствор для местного применения,0.03,
Теймурова паста,Борная кислота+Метенамин+Натрия тетраборат+Салициловая кислота+Свинца ацетат+Тальк+Формальдегид+Цинка оксид,паста для наружного применения,,
Теймурова паста,Борная кислота+Метенамин+Натрия тетраборат+Салициловая кислота+Свинца ацетат+Тальк+Формальдегид+Цинка оксид,паста для наружного применения,,
Теймурова паста,Борная кислота+Метенамин+Натрия тетраборат+Салициловая кислота+Свинца ацетат+Тальк+Формальдегид+Цинка оксид,паста для наружного применения,,
ТЕЙМУРОВА ПАСТА,Борная кислота+Метенамин+Натрия тетраборат+Салициловая кислота+Свинца ацетат+Тальк+Формальдегид+Цинка оксид,паста для наружного применения,,
ТЕЙМУРОВА ПАСТА,Борная кислота+Метенамин+Натрия тетраборат+Салициловая кислота+Свинца ацетат+Тальк+Формальдегид+Цинка оксид,паста для наружного применения,,
Теймурова паста,Борная кислота+Метенамин+Натрия тетраборат+Салициловая кислота+Свинца ацетат+Тальк+Формальдегид+Цинка оксид,паста для наружного применения,,
Оттославин,Борная кислота+Прокаин,капли ушные,,
Отиндол,Борная кислота+Прокаин,капли ушные,,
Борная кислота + Прокаин,Борная кислота+Прокаин,капли ушные,30 мг/мл+20 мг/мл,
БОРНАЯ КИСЛОТА+ПРОКАИН,Борная кислота+Прокаин,капли ушные,30 мг/мл+20 мг/мл,
Борная кислота + Прокаин,Борная кислота+Прокаин,капли ушные,,
ИАРДОЛ,Борная кислота+Прокаин,капли ушные,3%+2%,
Отолорин,Борная кислота+Прокаин,капли ушные,,
Фукорцин,Борная кислота+Резорцин+Фенол+Фуксин,раствор для наружного применения,,
Фукорцин,Борная кислота+Резорцин+Фенол+Фуксин,раствор для наружного применения,,
Фукорцин,Борная кислота+Резорцин+Фенол+Фуксин,раствор для наружного применения,,
Фукасептол,Борная кислота+Резорцин+Фенол+Фуксин,раствор для наружного применения,,
Фукорцин,Борная кислота+Резорцин+Фенол+Фуксин,раствор для наружного применения,,
Фукорцин,Борная кислота+Резорцин+Фенол+Фуксин,раствор для наружного применения,,
Фукорцин,Борная кислота+Резорцин+Фенол+Фуксин,раствор для наружного применения,,
Фукорцин,Борная кислота+Резорцин+Фенол+Фуксин,раствор для наружного применения,,
Боярышника настойка,Боярышника плодов настойка,настойка,,
Боярышника настойка,Боярышника плодов настойка,настойка,,
Боярышника настойка,Боярышника плодов настойка,настойка,,
Боярышника настойка,Боярышника плодов настойка,настойка,,
Боярышника настойка,Боярышника плодов настойка,настойка,,
Боярышника настойка,Боярышника плодов настойка,настойка,,
Боярышника настойка,Боярышника плодов настойка,настойка,,
Боярышника настойка,Боярышника плодов настойка,настойка,,
Боярышника настойка Реневал,Боярышника плодов настойка,настойка,,
Боярышника настойка,Боярышника плодов настойка,настойка,,
Боярышника настойка,Боярышника плодов настойка,настойка,,
Боярышника настойка,Боярышника плодов настойка,настойка,,
Боярышника настойка,Боярышника плодов настойка,настойка,,
Боярышника настойка,Боярышника плодов настойка,настойка,,
Боярышника настойка,Боярышника плодов настойка,настойка,,
Боярышника настойка,Боярышника плодов настойка,настойка,,
Боярышника настойка,Боярышника плодов настойка,настойка,,
Боярышника настойка,Боярышника плодов настойка,настойка,,
Боярышника настойка БЭГРИФ,Боярышника плодов настойка,настойка,,
Боярышника настойка,Боярышника плодов настойка,настойка,,
Боярышника настойка,Боярышника плодов настойка,настойка,,
Боярышника настойка,Боярышника плодов настойка,настойка,,
Боярышника настойка,Боярышника плодов настойка,настойка,,
Боярышника настойка,Боярышника плодов настойка,настойка,,
Боярышника настойка,Боярышника плодов настойка,настойка,,
Боярышника настойка,Боярышника плодов настойка,настойка,,
Боярышника настойка,Боярышника плодов настойка,настойка,,
Бриллиантовый зеленый,Бриллиантовый зеленый,раствор для наружного применения,0.01,
Бриллиантовый зеленый,Бриллиантовый зеленый,раствор для наружного применения,0.01,
Бриллиантовый зеленый,Бриллиантовый зеленый,раствор для наружного применения,0.01,
Бриллиантовый зеленый,Бриллиантовый зеленый,раствор для наружного применения,"1%, 2%",
Бриллиантовый зеленый,Бриллиантовый зеленый,раствор для наружного применения,0.01,
Бриллиантовый зеленый,Бриллиантовый зеленый,раствор для наружного применения,,
Бриллиантовый зеленый,Бриллиантовый зеленый,раствор для наружного применения,0.01,
Бриллиантовый зеленый,Бриллиантовый зеленый,раствор для наружного применения,"1%, 2%",
Бриллиантовый зеленый,Бриллиантовый зеленый,раствор для наружного применения,0.01,
Бриллиантовый зеленый,Бриллиантовый зеленый,раствор для наружного применения,0.01,
Бриллиантовый зеленый,Бриллиантовый зеленый,раствор для наружного применения,0.01,
Бриллиантовый зеленый,Бриллиантовый зеленый,раствор для наружного применения,0.01,
Бриллиантовый зеленый,Бриллиантовый зеленый,раствор для наружного применения,0.01,
Бриллиантовый зеленый,Бриллиантовый зеленый,раствор для наружного применения,0.01,
Бриллиантовый зеленый,Бриллиантовый зеленый,раствор для наружного применения,0.01,
Бриллиантовый зеленый,Бриллиантовый зеленый,раствор для наружного применения,0.01,
Бриллиантовый зеленый,Бриллиантовый зеленый,раствор для наружного применения,0.01,
Бриллиантовый зеленый,Бриллиантовый зеленый,раствор для наружного применения,0.01,
Бриллиантовый зеленый,Бриллиантовый зеленый,раствор для наружного применения,0.01,
Бриллиантовый зеленый,Бриллиантовый зеленый,раствор для наружного применения,0.01,
Бриллиантовый зеленый,Бриллиантовый зеленый,раствор для наружного применения,0.01,
Бриллиантовый зеленый,Бриллиантовый зеленый,раствор для наружного применения,"1%, 2%",
ЗелёнКа,Бриллиантовый зеленый,раствор для наружного применения,0.01,
Мирвазо® Дерм,Бримонидин,гель для наружного применения,0.5%,
Розоникс солофарм,Бримонидин,гель для наружного применения,0.5%,
Бримайза Дуо,Бримонидин+Тимолол,капли глазные,2 мг/мл+5 мг/мл,
Бримонидин+Тимолол,Бримонидин+Тимолол,капли глазные,2 мг/мл+5 мг/мл,
Брипрессия Плюс,Бримонидин+Тимолол,капли глазные,2 мг/мл+5 мг/мл,
БРИМОНОРД,Бримонидин+Тимолол,капли глазные,2 мг/мл+5 мг/мл,
Бримтим,Бримонидин+Тимолол,капли глазные,2 мг/мл+5 мг/мл,
Комбиган,Бримонидин+Тимолол,капли глазные,2 мг/мл+5 мг/мл,
Бримонтим солофарм,Бримонидин+Тимолол,капли глазные,2 мг/мл+5 мг/мл,
Римасопт ВМ,Бримонидин+Тимолол,капли глазные,2 мг/мл+5 мг/мл,
Азарга,Бринзоламид+Тимолол,капли глазные,10 мг/мл+5 мг/мл,
Бринзопт Плюс,Бринзоламид+Тимолол,капли глазные,10 мг/мл+5 мг/мл,
Боргитол солофарм,Бринзоламид+Тимолол,капли глазные,10 мг/мл+5 мг/мл,
БРИНЗОЛОЛ® ДУО,Бринзоламид+Тимолол,капли глазные,10 мг/мл+5 мг/мл,
Окобринол,Бринзоламид+Тимолол,капли глазные,10 мг/мл+5 мг/мл,
Бринарга,Бринзоламид+Тимолол,капли глазные,1%+0.5%,
Бромгексин,Бромгексин,раствор для приема внутрь,4 мг/5 мл,
БРОМГЕКСИН,Бромгексин,раствор для приема внутрь,4 мг/5 мл,
Бромгексин,Бромгексин,раствор для приема внутрь,"4 мг/5 мл, 8 мг/5 мл",
Бромгексин,Бромгексин,раствор для приема внутрь,4 мг/5 мл,
Бромгексин-Акрихин,Бромгексин,раствор для приема внутрь,4 мг/5 мл,
Бромгексин 4 Берлин-Хеми,Бромгексин,раствор для приема внутрь,4 мг/5 мл,
Бромгексин,Бромгексин,раствор для приема внутрь,4 мг/5 мл,
Бромгексин,Бромгексин,раствор для приема внутрь,4 мг/5 мл,
Аскорил,Бромгексин+Гвайфенезин+Сальбутамол,таблетки,,
БРОМГЕКОМБ,Бромгексин+Гвайфенезин+Сальбутамол,таблетки,8 мг+100 мг+2 мг,
Аскорил экспекторант,Бромгексин+Гвайфенезин+Сальбутамол,сироп,,
Кофасма,Бромгексин+Гвайфенезин+Сальбутамол,сироп,,
Кашнол Экспекторант,Бромгексин+Гвайфенезин+Сальбутамол,сироп,,
Синотуссин,Бромгексин+Гвайфенезин+Сальбутамол,сироп,,
БРОМГЕКОМБ экспекторант,Бромгексин+Гвайфенезин+Сальбутамол,сироп,2 мг+50 мг+1 мг/5 мл,
Аскорил экспекторант,Бромгексин+Гвайфенезин+Сальбутамол,раствор для приема внутрь,2 мг+50 мг+1 мг/5 мл,
Кашнол,Бромгексин+Гвайфенезин+Сальбутамол+[Левоментол],сироп,,
ДЖОСЕТ®,Бромгексин+Гвайфенезин+Сальбутамол+[Левоментол],сироп,,
Феназепам®,Бромдигидрохлорфенилбензодиазепин,раствор для внутривенного и внутримышечного введения,1 мг/мл,
Транквезипам®,Бромдигидрохлорфенилбензодиазепин,раствор для внутривенного и внутримышечного введения,1 мг/мл,
Элзепам®,Бромдигидрохлорфенилбензодиазепин,раствор для внутривенного и внутримышечного введения,1 мг/мл,
Бензозепам®,Бромдигидрохлорфенилбензодиазепин,таблетки,"0.5 мг, 1 мг, 2.5 мг",
Феназепам®,Бромдигидрохлорфенилбензодиазепин,таблетки,"0.5 мг, 1 мг, 2.5 мг",
Транквезипам®,Бромдигидрохлорфенилбензодиазепин,таблетки,"0.5 мг, 1 мг",
Фензитат®,Бромдигидрохлорфенилбензодиазепин,таблетки,"0.5 мг, 1 мг",
ЭЛЗЕПАМ®,Бромдигидрохлорфенилбензодиазепин,таблетки,"0.5 мг, 1 мг",
Паглюферал-3,Бромизовал+Кальция глюконат+Кофеин+Папаверин+Фенобарбитал,таблетки,,
ПАГЛЮВЕРИН®-3,Бромизовал+Кальция глюконат+Кофеин+Папаверин+Фенобарбитал,таблетки,,
Паглюферал-2,Бромизовал+Кальция глюконат+Кофеин+Папаверин+Фенобарбитал,таблетки,,
ПАГЛЮВЕРИН®-2,Бромизовал+Кальция глюконат+Кофеин+Папаверин+Фенобарбитал,таблетки,,
Бромкамфора рацемическая,Бромкамфора,таблетки,250 мг,
Доброкам,Бромкамфора,таблетки,250 мг,
Пульмикорт,Будесонид,суспензия для ингаляций дозированная,"0.25 мг/мл, 0.5 мг/мл",
Сентикорт,Будесонид,суспензия для ингаляций дозированная,"0.25 мг/мл, 0.5 мг/мл",
СИМБИКОРТ РАПИХАЛЕР,Будесонид+Формотерол,аэрозоль для ингаляций дозированный,"80 мкг+4.5 мкг/доза, 160 мкг+4.5 мкг/доза",
Респифорб Эйр,Будесонид+Формотерол,аэрозоль для ингаляций дозированный,"80 мкг+4.5 мкг/доза, 160 мкг+4.5 мкг/доза",
Бусерелин,Бусерелин,спрей назальный дозированный,150 мкг/доза,
Бусерелин,Бусерелин,спрей назальный дозированный,0.15 мг/доза,
Бусерелин-лонг,Бусерелин,лиофилизат для приготовления суспензии для внутримышечного введения пролонгированного действия,3.75 мг,
Бусерелин-депо,Бусерелин,лиофилизат для приготовления суспензии для внутримышечного введения пролонгированного действия,3.75 мг,
Амбробене СТОПТУССИН,Бутамират+Гвайфенезин,капли для приема внутрь,4 мг+100 мг/мл,
АскоТус Актив,Бутамират+Гвайфенезин,капли для приема внутрь,4 мг+100 мг/мл,
Вазелин,Вазелин,мазь для наружного применения,,
Вазелин,Вазелин,мазь для наружного применения,,
Вазелин,Вазелин,мазь для наружного применения,,
Вазелин,Вазелин,мазь для наружного применения,,
Вазелин,Вазелин,мазь для наружного применения,,
Вазелин,Вазелин,мазь для наружного применения,,
Вазелин,Вазелин,мазь для наружного применения,,
Вазелин,Вазелин,мазь для наружного применения,,
Вазелин,Вазелин,мазь для наружного применения,,
Вазелин,Вазелин,мазь для наружного применения,,
Вазелин Реневал,Вазелин,мазь для наружного применения,,
Вазелин,Вазелин,мазь для наружного применения,,
Вазелин,Вазелин,мазь для наружного применения,,
Вазелин,Вазелин,мазь для наружного применения,,
Валерианы настойка,Валерианы лекарственной корневищ с корнями настойка,настойка,,
Валерианы настойка,Валерианы лекарственной корневищ с корнями настойка,настойка,,
Валерианы настойка,Валерианы лекарственной корневищ с корнями настойка,настойка,,
Валерианы настойка,Валерианы лекарственной корневищ с корнями настойка,настойка,,
Валерианы настойка,Валерианы лекарственной корневищ с корнями настойка,настойка,,
Валерианы настойка,Валерианы лекарственной корневищ с корнями настойка,настойка,,
Валерианы настойка,Валерианы лекарственной корневищ с корнями настойка,настойка,,
Валерианы настойка,Валерианы лекарственной корневищ с корнями настойка,настойка,,
Валерианы настойка,Валерианы лекарственной корневищ с корнями настойка,настойка,,
Валерианы настойка,Валерианы лекарственной корневищ с корнями настойка,настойка,,
Валерианы настойка,Валерианы лекарственной корневищ с корнями настойка,настойка,,
Валерианы настойка,Валерианы лекарственной корневищ с корнями настойка,настойка,,
Валерианы настойка,Валерианы лекарственной корневищ с корнями настойка,настойка,,
Валерианы настойка,Валерианы лекарственной корневищ с корнями настойка,настойка,,
Валерианы настойка,Валерианы лекарственной корневищ с корнями настойка,настойка,,
Валерианы настойка,Валерианы лекарственной корневищ с корнями настойка,настойка,,
Валерианы настойка,Валерианы лекарственной корневищ с корнями настойка,настойка,,
Валерианы настойка,Валерианы лекарственной корневищ с корнями настойка,настойка,,
Валерианы настойка,Валерианы лекарственной корневищ с корнями настойка,настойка,,
Валерианы настойка,Валерианы лекарственной корневищ с корнями настойка,настойка,,
Валерианы настойка,Валерианы лекарственной корневищ с корнями настойка,настойка,,
Валерианы настойка,Валерианы лекарственной корневищ с корнями настойка,настойка,,
Валерианы настойка,Валерианы лекарственной корневищ с корнями настойка,настойка,,
Валерианы настойка,Валерианы лекарственной корневищ с корнями настойка,настойка,,
Валерианы настойка,Валерианы лекарственной корневищ с корнями настойка,настойка,,
Валерианы настойка,Валерианы лекарственной корневищ с корнями настойка,настойка,,
Валерианы настойка,Валерианы лекарственной корневищ с корнями настойка,настойка,,
Валерианы настойка,Валерианы лекарственной корневищ с корнями настойка,настойка,,
Валерианы настойка,Валерианы лекарственной корневищ с корнями настойка,настойка,,
Валерианы настойка,Валерианы лекарственной корневищ с корнями настойка,настойка,,
Валерианы настойка,Валерианы лекарственной корневищ с корнями настойка,настойка,,
Валерианы настойка,Валерианы лекарственной корневищ с корнями настойка,настойка,,
Зубные капли,Валерианы лекарственной корневищ с корнями настойка+Камфора+Мяты перечной листьев масло,капли зубные,,
ЗУБНЫЕ КАПЛИ,Валерианы лекарственной корневищ с корнями настойка+Камфора+Мяты перечной листьев масло,капли зубные,,
Дентагуттал,Валерианы лекарственной корневищ с корнями настойка+Камфора+Мяты перечной листьев масло,капли зубные,,
Зубные капли,Валерианы лекарственной корневищ с корнями настойка+Камфора+Мяты перечной листьев масло,капли зубные,,
Зубные капли,Валерианы лекарственной корневищ с корнями настойка+Камфора+Мяты перечной листьев масло,капли зубные,,
Зубные капли,Валерианы лекарственной корневищ с корнями настойка+Камфора+Мяты перечной листьев масло,капли для местного применения,,
Ландышево-валериановые капли,Валерианы лекарственной корневищ с корнями настойка+Ландыша травы настойка,капли для приема внутрь,,
Ландышево-валериановые капли,Валерианы лекарственной корневищ с корнями настойка+Ландыша травы настойка,капли для приема внутрь,,
КАРНИЛАНД®,Валерианы лекарственной корневищ с корнями настойка+Ландыша травы настойка+Левоментола раствор в ментил изовалерате+Нитроглицерин,капли подъязычные,,
КАРДИДРОЛ® КАП,Валерианы лекарственной корневищ с корнями настойка+Ландыша травы настойка+Левоментола раствор в ментил изовалерате+Нитроглицерин,капли подъязычные,,
Валерианы экстракт,Валерианы лекарственной корневищ с корнями экстракт,"таблетки, покрытые оболочкой",20 мг,
Валерианы экстракт,Валерианы лекарственной корневищ с корнями экстракт,"таблетки, покрытые оболочкой",20 мг,
Валерианы экстракт,Валерианы лекарственной корневищ с корнями экстракт,"таблетки, покрытые оболочкой",20 мг,
Валерианы экстракт,Валерианы лекарственной корневищ с корнями экстракт,"таблетки, покрытые оболочкой",20 мг,
Валерианы экстракт,Валерианы лекарственной корневищ с корнями экстракт,"таблетки, покрытые оболочкой",20 мг,
Валерианы экстракт,Валерианы лекарственной корневищ с корнями экстракт,"таблетки, покрытые пленочной оболочкой",20 мг,
Валерианы экстракт,Валерианы лекарственной корневищ с корнями экстракт,"таблетки, покрытые пленочной оболочкой",20 мг,
Валериана Форте,Валерианы лекарственной корневищ с корнями экстракт,"таблетки, покрытые пленочной оболочкой",40 мг,
Валерианы экстракт,Валерианы лекарственной корневищ с корнями экстракт,"таблетки, покрытые пленочной оболочкой",20 мг,
Валерианы экстракт Реневал,Валерианы лекарственной корневищ с корнями экстракт,"таблетки, покрытые пленочной оболочкой",20 мг,
Персен,Валерианы лекарственной корневищ с корнями экстракт+Мелиссы лекарственной листьев экстракт+Мяты перечной листьев экстракт,"таблетки, покрытые оболочкой",,
ВАЛОКОРФИТУН,Валерианы лекарственной корневищ с корнями экстракт+Мелиссы лекарственной листьев экстракт+Мяты перечной листьев экстракт,"таблетки, покрытые оболочкой",,
Персен Ночь,Валерианы лекарственной корневищ с корнями экстракт+Мелиссы лекарственной листьев экстракт+Мяты перечной листьев экстракт,капсулы,,
ВАЛОСОМНИН,Валерианы лекарственной корневищ с корнями экстракт+Мелиссы лекарственной листьев экстракт+Мяты перечной листьев экстракт,капсулы,,
Галвус®,Вилдаглиптин,таблетки,50 мг,
ВИЛДАГЛИПТИН,Вилдаглиптин,таблетки,50 мг,
ВИЛДАГЛИПТИН,Вилдаглиптин,таблетки,50 мг,
Вилдаглиптин-АМЕДАРТ,Вилдаглиптин,таблетки,50 мг,
Вилдаглиптин-ДЖИЭФСИ,Вилдаглиптин,таблетки,50 мг,
Вилдеклип,Вилдаглиптин,таблетки,50 мг,
Вилдаглиптин-ФП,Вилдаглиптин,таблетки,50 мг,
Вилдаглиптин,Вилдаглиптин,таблетки,50 мг,
Вилдаглиптин,Вилдаглиптин,таблетки,50 мг,
Вилдаглиптин АВВА,Вилдаглиптин,таблетки,50 мг,
Вилдагвус,Вилдаглиптин,таблетки,50 мг,
ВИЛДАГЛИПТИН,Вилдаглиптин,таблетки,50 мг,
Вилдаглиптин Дж,Вилдаглиптин,таблетки,50 мг,
Вилдаглиптин,Вилдаглиптин,таблетки,50 мг,
Агарта,Вилдаглиптин,таблетки,50 мг,
АНУЗОПРОКТ,Висмута субнитрат+Йод+Цинка оксид,суппозитории ректальные,,
Нео-Анузол,Висмута субнитрат+Йод+Цинка оксид,суппозитории ректальные,,
Де-Нол®,Висмута трикалия дицитрат,"таблетки, покрытые пленочной оболочкой",120 мг,
Дезвимол,Висмута трикалия дицитрат,"таблетки, покрытые пленочной оболочкой",120 мг,
Висмута трикалия дицитрат Реневал,Висмута трикалия дицитрат,"таблетки, покрытые пленочной оболочкой",120 мг,
Витамин Е (альфа-токоферола ацетат),Витамин Е,капсулы,100 мг,
альфа-Токоферола ацетат (витамин Е),Витамин Е,капсулы,100 мг,
альфа-Токоферола ацетат,Витамин Е,капсулы,100 мг,
альфа-Токоферола ацетат,Витамин Е,капсулы,100 мг,
альфа-Токоферол-УБФ,Витамин Е,раствор для приема внутрь,0.1,
альфа - Токоферола ацетат (Витамин Е),Витамин Е,раствор для приема внутрь,"100 мг/мл, 300 мг/мл",
альфа-Токоферола ацетат (витамин Е),Витамин Е,раствор для приема внутрь,"100 мг/мл, 300 мг/мл",
альфа-Токоферола ацетат,Витамин Е,раствор для приема внутрь,"100 мг/мл, 300 мг/мл, 50 мг/мл",
альфа-Токоферола ацетат,Витамин Е,раствор для приема внутрь,"100 мг/мл, 300 мг/мл",
альфа-Токоферола ацетат,Витамин Е,раствор для приема внутрь,"100 мг/мл, 300 мг/мл, 50 мг/мл",
Аевит,Витамин Е+Ретинол,капсулы,,
Аевит,Витамин Е+Ретинол,капсулы,,
Аевит,Витамин Е+Ретинол,капсулы,,
Аевит,Витамин Е+Ретинол,капсулы,,
Аевит,Витамин Е+Ретинол,капсулы,100000 МЕ/100 мг,
Аевит,Витамин Е+Ретинол,капсулы,,
Аевит,Витамин Е+Ретинол,капсулы,,
Вода для инъекций,Вода,растворитель для приготовления лекарственных форм для инъекций,,
Вода для инъекций,Вода,растворитель для приготовления лекарственных форм для инъекций,,
Вода для инъекций,Вода,растворитель для приготовления лекарственных форм для инъекций,,
Вода для инъекций,Вода,растворитель для приготовления лекарственных форм для инъекций,,
ВОДА ДЛЯ ИНЪЕКЦИЙ,Вода,растворитель для приготовления лекарственных форм для инъекций,,
Вода для инъекций,Вода,растворитель для приготовления лекарственных форм для инъекций,,
Вода для инъекций,Вода,растворитель для приготовления лекарственных форм для инъекций,,
Вода для инъекций,Вода,растворитель для приготовления лекарственных форм для инъекций,,
Вода для инъекций,Вода,растворитель для приготовления лекарственных форм для инъекций,,
Вода для инъекций,Вода,растворитель для приготовления лекарственных форм для инъекций,,
Вода для инъекций,Вода,растворитель для приготовления лекарственных форм для инъекций,,
Вода для инъекций,Вода,растворитель для приготовления лекарственных форм для инъекций,,
Вода для инъекций,Вода,растворитель для приготовления лекарственных форм для инъекций,,
Вода для инъекций,Вода,растворитель для приготовления лекарственных форм для инъекций,,
Вода для инъекций,Вода,растворитель для приготовления лекарственных форм для инъекций,,
Вода для инъекций,Вода,растворитель для приготовления лекарственных форм для инъекций,,
Вода для инъекций,Вода,растворитель для приготовления лекарственных форм для инъекций,,
Вода для инъекций,Вода,растворитель для приготовления лекарственных форм для инъекций,,
Вода для инъекций,Вода,растворитель для приготовления лекарственных форм для инъекций,,
Вода для инъекций,Вода,растворитель для приготовления лекарственных форм для инъекций,,
Вода для инъекций,Вода,растворитель для приготовления лекарственных форм для инъекций,,
Вода для инъекций,Вода,растворитель для приготовления лекарственных форм для инъекций,,
Вода для инъекций,Вода,растворитель для приготовления лекарственных форм для инъекций,,
Вода для инъекций,Вода,растворитель для приготовления лекарственных форм для инъекций,,
Вода для инъекций,Вода,растворитель для приготовления лекарственных форм для инъекций,,
Вода для инъекций,Вода,растворитель для приготовления лекарственных форм для инъекций,,
Вода для инъекций,Вода,растворитель для приготовления лекарственных форм для инъекций,,
Вода для инъекций,Вода,растворитель для приготовления лекарственных форм для инъекций,,
Вода для инъекций,Вода,растворитель для приготовления лекарственных форм для инъекций,,
Вода для инъекций,Вода,растворитель для приготовления лекарственных форм для инъекций,,
Вода для инъекций,Вода,растворитель для приготовления лекарственных форм для инъекций,,
Вода для инъекций,Вода,растворитель для приготовления лекарственных форм для инъекций,,
Вода для инъекций,Вода,растворитель для приготовления лекарственных форм для инъекций,,
Вода для инъекций буфус,Вода,растворитель для приготовления лекарственных форм для инъекций,,
Вода для инъекций-Виал,Вода,растворитель для приготовления лекарственных форм для инъекций,,
Вода для инъекций,Вода,растворитель для приготовления лекарственных форм для инъекций,,
Вода для инъекций,Вода,растворитель для приготовления лекарственных форм для инъекций,,
Перекись водорода,Водорода пероксид,раствор для местного и наружного применения,0.03,
Перекись водорода,Водорода пероксид,раствор для местного и наружного применения,0.03,
Перекись водорода,Водорода пероксид,раствор для местного и наружного применения,0.03,
Перекись водорода,Водорода пероксид,раствор для местного и наружного применения,0.03,
Перекись водорода,Водорода пероксид,раствор для местного и наружного применения,0.03,
Перекись водорода,Водорода пероксид,раствор для местного и наружного применения,0.03,
Перекись водорода,Водорода пероксид,раствор для местного и наружного применения,0.03,
Перекись водорода,Водорода пероксид,раствор для местного и наружного применения,0.03,
Перекись водорода,Водорода пероксид,раствор для местного и наружного применения,0.03,
Перекись водорода,Водорода пероксид,раствор для местного и наружного применения,0.03,
Перекись водорода,Водорода пероксид,раствор для местного и наружного применения,0.03,
Перекись водорода,Водорода пероксид,раствор для местного и наружного применения,0.03,
Перекись водорода,Водорода пероксид,раствор для местного и наружного применения,0.03,
Перекись водорода,Водорода пероксид,раствор для местного и наружного применения,0.03,
Перекись водорода,Водорода пероксид,раствор для местного и наружного применения,0.03,
Перекись водорода,Водорода пероксид,раствор для местного и наружного применения,0.03,
Перекись водорода,Водорода пероксид,раствор для местного и наружного применения,0.03,
Перекись водорода,Водорода пероксид,раствор для местного и наружного применения,0.03,
Перекись водорода Реневал,Водорода пероксид,раствор для местного и наружного применения,0.03,
Перекись водорода,Водорода пероксид,раствор для местного и наружного применения,0.03,
Перекись водорода,Водорода пероксид,раствор для местного и наружного применения,0.03,
Перекись водорода,Водорода пероксид,раствор для местного и наружного применения,0.03,
Перекись водорода,Водорода пероксид,раствор для местного и наружного применения,0.03,
Перекись водорода,Водорода пероксид,раствор для местного и наружного применения,0.03,
Перекись водорода,Водорода пероксид,раствор для местного и наружного применения,0.03,
Перекись водорода,Водорода пероксид,раствор для местного и наружного применения,0.03,
Перекись водорода,Водорода пероксид,раствор для местного и наружного применения,0.03,
Перекись водорода,Водорода пероксид,раствор для местного и наружного применения,0.03,
Перекись водорода,Водорода пероксид,раствор для местного и наружного применения,0.03,
Перекись водорода,Водорода пероксид,раствор для местного и наружного применения,0.03,
Перекись водорода,Водорода пероксид,раствор для местного и наружного применения,0.03,
ПЕРЕКИСЬ ВОДОРОДА,Водорода пероксид,раствор для местного и наружного применения,0.03,
Перекись водорода,Водорода пероксид,раствор для местного и наружного применения,0.03,
Перекись водорода,Водорода пероксид,раствор для местного и наружного применения,0.03,
Перекись водорода,Водорода пероксид,раствор для местного и наружного применения,0.03,
ПЕРЕКИСЬ ВОДОРОДА,Водорода пероксид,раствор для местного и наружного применения,0.03,
Перекись водорода,Водорода пероксид,раствор для наружного применения,,
Перекись водорода,Водорода пероксид,раствор для наружного применения,0.03,
ПЕРЕКИСЬ ВОДОРОДА,Водорода пероксид,спрей для наружного применения,0.03,
Перекись водорода,Водорода пероксид,спрей для наружного применения,0.03,
Перекись водорода,Водорода пероксид,спрей для наружного применения,0.03,
Конвалис,Габапентин,капсулы,300 мг,
Габапентин,Габапентин,капсулы,300 мг,
Галантамин,Галантамин,раствор для внутривенного и подкожного введения,"1 мг/мл, 5 мг/мл",
Галантамин,Галантамин,раствор для внутривенного и подкожного введения,"2.5 мг/мл, 10 мг/мл",
Галантамин ДС,Галантамин,раствор для инъекций,"1 мг/мл, 5 мг/мл",
Нивалин®,Галантамин,раствор для инъекций,"1 мг/мл, 2.5 мг/мл, 5 мг/мл, 10 мг/мл",
"Галлия цитрат, 67Ga",Галлия [67Ga] цитрат,раствор для внутривенного введения,"400 МБк, 800  МБк",
"Цитрат галлия, 67Ga",Галлия [67Ga] цитрат,раствор для внутривенного введения,"400 МБк, 800  МБк",
Галоперидол деканоат,Галоперидол,"раствор для внутримышечного введения, [масляный]",50 мг/мл,
Галоперидол,Галоперидол,"раствор для внутримышечного введения, [масляный]",50 мг/мл,
Сенорм,Галоперидол,"раствор для внутримышечного введения, [масляный]",50 мг/мл,
Галотан,Галотан,жидкость для ингаляций,,
Фторотан,Галотан,жидкость для ингаляций,,
Аминалон,Гамма-аминомасляная кислота,"таблетки, покрытые пленочной оболочкой",250 мг,
Аминалон,Гамма-аминомасляная кислота,"таблетки, покрытые пленочной оболочкой",250 мг,
Пепсан-Р,Гвайазулен+Диметикон,капсулы,4 мг+300 мг,
Пепсан-Р,Гвайазулен+Диметикон,гель для приема внутрь,,
Бальзам Золотая звезда,Гвоздики душистой бутонов масло+Камфора+Коричника китайского коры масло+Мяты перечной листьев масло+Эвкалипта листьев масло+[Левоментол],раствор для наружного применения,,
Бальзам Золотая звезда,Гвоздики душистой бутонов масло+Камфора+Коричника китайского коры масло+Мяты перечной листьев масло+Эвкалипта листьев масло+[Левоментол],мазь для наружного применения,,
Гематоген С Вита,Гематоген,плитки,,
Гематоген с кедровым орехом,Гематоген,плитки,,
Феррогематоген,Гематоген,пастилки жевательные,,
Гематоген новый,Гематоген,пастилки жевательные,,
Гематоген Л,Гематоген,пастилки жевательные,,
Гематоген С,Гематоген,пастилки жевательные,,
Фестал,Гемицеллюлаза+Желчи компоненты+Панкреатин,"таблетки кишечнорастворимые, покрытые оболочкой",50 мг+25 мг+192 мг,
Ферестал,Гемицеллюлаза+Желчи компоненты+Панкреатин,таблетки покрытые кишечнорастворимой оболочкой,,
Энзистал,Гемицеллюлаза+Желчи компоненты+Панкреатин,таблетки покрытые кишечнорастворимой оболочкой,,
Нормоэнзим,Гемицеллюлаза+Желчи компоненты+Панкреатин,"таблетки кишечнорастворимые, покрытые пленочной оболочкой",,
Нормоэнзим форте,Гемицеллюлаза+Желчи компоненты+Панкреатин,"таблетки кишечнорастворимые, покрытые пленочной оболочкой",,
Декса-Гентамицин,Гентамицин+Дексаметазон,капли глазные,,
Декса-Гентамицин,Гентамицин+Дексаметазон,мазь глазная,,
Тромбогель 1000,Гепарин натрия,гель для местного и наружного применения,1000 МЕ/г,
Гепарин натрия,Гепарин натрия,гель для наружного применения,1000 МЕ/г,
Гепарин,Гепарин натрия,гель для наружного применения,1000 МЕ/г,
Лиотон 1000,Гепарин натрия,гель для наружного применения,1000 МЕ/г,
Гепарин ДС,Гепарин натрия,гель для наружного применения,1000 МЕ/г,
ГЕПАРИН,Гепарин натрия,гель для наружного применения,1000 МЕ/г,
Гепарин,Гепарин натрия,гель для наружного применения,1000 МЕ/г,
Гепарин,Гепарин натрия,гель для наружного применения,1000 МЕ/г,
Гепарин,Гепарин натрия,гель для наружного применения,1000 МЕ/г,
Гепарин,Гепарин натрия,гель для наружного применения,1000 ЕД/г,
Гепарин,Гепарин натрия,гель для наружного применения,1000 МЕ/г,
Гепарин,Гепарин натрия,гель для наружного применения,1000 МЕ/г,
Гепарин-Акрихин 1000,Гепарин натрия,гель для наружного применения,1000 МЕ/г,
Лавенум,Гепарин натрия,гель для наружного применения,1000 МЕ/г,
Гепарин 1000,Гепарин натрия,гель для наружного применения,1000 МЕ/г,
Гепаристан,Гепарин натрия,раствор для внутривенного и подкожного введения,5000 МЕ/мл,
Гепарин,Гепарин натрия,раствор для внутривенного и подкожного введения,5000 МЕ/мл,
Гепарин,Гепарин натрия,раствор для внутривенного и подкожного введения,5000 МЕ/мл,
Гепарин,Гепарин натрия,раствор для внутривенного и подкожного введения,5000 МЕ/мл,
Гепарин,Гепарин натрия,раствор для внутривенного и подкожного введения,5000 МЕ/мл,
Гепарин,Гепарин натрия,раствор для внутривенного и подкожного введения,5000 МЕ/мл,
Гепарин натрия,Гепарин натрия,раствор для внутривенного и подкожного введения,5000 МЕ/мл,
Гепарин Дж,Гепарин натрия,раствор для внутривенного и подкожного введения,5000 МЕ/мл,
Гепарин натрия,Гепарин натрия,раствор для внутривенного и подкожного введения,5000 МЕ/мл,
ГЕПАРИН НАТРИЯ ВЕЛФАРМ,Гепарин натрия,раствор для внутривенного и подкожного введения,5000 МЕ/мл,
Гепарин натрия,Гепарин натрия,раствор для внутривенного и подкожного введения,5000 МЕ/мл,
Гепарин натрия,Гепарин натрия,раствор для внутривенного и подкожного введения,5000 МЕ/мл,
Гепарин,Гепарин натрия,раствор для внутривенного и подкожного введения,5000 МЕ/мл,
Гепарин,Гепарин натрия,раствор для инъекций,5000 МЕ/мл,
Гепарин-Рус,Гепарин натрия,раствор для инъекций,5000 МЕ/мл,
Гепарин-Ферейн,Гепарин натрия,раствор для инъекций,5000 ЕД/мл,
Гепариновая мазь,Гепарин натрия+Бензокаин+Бензилникотинат,мазь для наружного применения,,
Гепариновая мазь,Гепарин натрия+Бензокаин+Бензилникотинат,мазь для наружного применения,100 МЕ/г+40 мг/г+0.8 мг/г,
Гепариновая мазь,Гепарин натрия+Бензокаин+Бензилникотинат,мазь для наружного применения,,
Гепарин,Гепарин натрия+Бензокаин+Бензилникотинат,мазь для наружного применения,,
Гепариновая мазь,Гепарин натрия+Бензокаин+Бензилникотинат,мазь для наружного применения,0.8 мг/г+40 мг/г+100 МЕ/г,
Гепариновая мазь,Гепарин натрия+Бензокаин+Бензилникотинат,мазь для наружного применения,,
Долобене,Гепарин натрия+Декспантенол+Диметилсульфоксид,гель для наружного применения,,
СОЛВИБЕНЕ,Гепарин натрия+Декспантенол+Диметилсульфоксид,гель для наружного применения,500 МЕ+25 мг+150 мг/г,
Гепаридекс,Гепарин натрия+Декспантенол+Диметилсульфоксид,гель для наружного применения,,
Долонит-МосФарма,Гепарин натрия+Декспантенол+Диметилсульфоксид,гель для наружного применения,,
Быструм Спринт,Гепарин натрия+Декспантенол+Диметилсульфоксид,гель для наружного применения,(500 МЕ+25 мг+150 мг)/г,
ГЕПАКСИД,Гепарин натрия+Декспантенол+Диметилсульфоксид,гель для наружного применения,500 МЕ/г+25 мг/г+150 мг/г,
Панпарин,Гепарин натрия+Декспантенол+Диметилсульфоксид,гель для наружного применения,,
Венолайф,Гепарин натрия+Декспантенол+Троксерутин,гель для наружного применения,0.25%+5%+2%,
Троксевазин Нео,Гепарин натрия+Декспантенол+Троксерутин,гель для наружного применения,,
Гепатромбин Г,Гепарин натрия+Лауромакрогол 400+Преднизолон,мазь для ректального и наружного применения,(65 МЕ + 30 мг + 2.233 мг)/г,
ГЕЛЕПАЗОКОЛ,Гепарин натрия+Лауромакрогол 400+Преднизолон,мазь для ректального и наружного применения,(65 МЕ + 30 мг + 2.233 мг)/г,
Лидаза,Гиалуронидаза,лиофилизат для приготовления раствора для инъекций и местного применения,1280 МЕ,
Лидаза,Гиалуронидаза,лиофилизат для приготовления раствора для инъекций и местного применения,1280 МЕ,
Локоид,Гидрокортизон,крем для наружного применения,0.1%,
Локоид Липокрем,Гидрокортизон,крем для наружного применения,0.1%,
Гидрокортизон-АКОС,Гидрокортизон,мазь глазная,0.5%,
Гидрокортизон-Пос,Гидрокортизон,мазь глазная,"1%, 2.5%",
Гидрокортизон,Гидрокортизон,мазь глазная,0.5%,
Гидрокортизон,Гидрокортизон,мазь глазная,0.5%,
Гидрокортизон,Гидрокортизон,мазь глазная,5 мг/г,
Гидрокортизон,Гидрокортизон,мазь для наружного применения,0.01,
Гидрокортизон-АКОС,Гидрокортизон,мазь для наружного применения,0.01,
Латикорт,Гидрокортизон,мазь для наружного применения,0.1%,
Локоид,Гидрокортизон,мазь для наружного применения,0.1%,
Гидрокортизон,Гидрокортизон,мазь для наружного применения,0.01,
Гидрокортизон,Гидрокортизон,мазь для наружного применения,0.01,
Гидрокортизон,Гидрокортизон,мазь для наружного применения,0.01,
Гидрокортизон,Гидрокортизон,мазь для наружного применения,0.01,
Гидрокортизон,Гидрокортизон,мазь для наружного применения,0.01,
Гидрокортизон,Гидрокортизон,мазь для наружного применения,0.01,
Гидрокортизон-Рихтер,Гидрокортизон+[Лидокаин],суспензия для внутрисуставного и околосуставного введения,25 мг+5 мг/мл,
Гидрокортизон+Лидокаин-Бинергия,Гидрокортизон+[Лидокаин],суспензия для внутрисуставного и околосуставного введения,25 мг+5 мг/мл,
Пимафудерм,Гидрокортизон+Натамицин+Неомицин,мазь для наружного применения,1%+1%+3500 ЕД/г,
Пимафукорт,Гидрокортизон+Натамицин+Неомицин,мазь для наружного применения,,
Гиоксизон-Акрихин,Гидрокортизон+Окситетрациклин,мазь для наружного применения,1%+3%,
Гиоксизон,Гидрокортизон+Окситетрациклин,мазь для наружного применения,1%+3%,
Гиоксизон,Гидрокортизон+Окситетрациклин,мазь для наружного применения,10 мг+30 мг/г,
Диоксидин,Гидроксиметилхиноксалиндиоксид,мазь для местного и наружного применения,0.05,
Диксин,Гидроксиметилхиноксалиндиоксид,мазь для местного и наружного применения,0.05,
Диоксисепт,Гидроксиметилхиноксалиндиоксид,мазь для местного и наружного применения,0.05,
ДИОКСИМЕТ® БСЗ,Гидроксиметилхиноксалиндиоксид,мазь для наружного применения,0.05,
Имибакт,Гидроксиметилхиноксалиндиоксид,"раствор для внутривенного введения, местного и наружного применения",5 мг/мл,
Виумксидин,Гидроксиметилхиноксалиндиоксид,раствор для инфузий и наружного применения,5 мг/мл,
ДИОКВЕЛЛ,Гидроксиметилхиноксалиндиоксид,раствор для инфузий и наружного применения,5 мг/мл,
Диоксидин,Гидроксиметилхиноксалиндиоксид,раствор для инфузий и наружного применения,5 мг/мл,
ДИОКСИМЕТ® БСЗ,Гидроксиметилхиноксалиндиоксид,раствор для инфузий и наружного применения,5 мг/мл,
Диоксидин,Гидроксиметилхиноксалиндиоксид,раствор для внутриполостного введения и наружного применения,0.01,
Диоксидин,Гидроксиметилхиноксалиндиоксид,раствор для внутриполостного введения и наружного применения,0.01,
ДИОКСИДИЛАР®,Гидроксиметилхиноксалиндиоксид,раствор для внутриполостного введения и наружного применения,"5 мг/мл, 10 мг/мл",
Виумксидин,Гидроксиметилхиноксалиндиоксид,раствор для внутриполостного введения и наружного применения,10 мг/мл,
Диоксисепт,Гидроксиметилхиноксалиндиоксид,раствор для внутриполостного введения и наружного применения,10 мг/мл,
ДИОКСИМЕТ® БСЗ,Гидроксиметилхиноксалиндиоксид,раствор для внутриполостного введения и наружного применения,10 мг/мл,
ДИОКВЕЛЛ,Гидроксиметилхиноксалиндиоксид,раствор для внутриполостного введения и наружного применения,10 мг/мл,
Диксин,Гидроксиметилхиноксалиндиоксид,раствор для внутриполостного введения и наружного применения,10 мг/мл,
Инфукол ГЭК,Гидроксиэтилкрахмал,раствор для инфузий,"6%, 10%",
Волювен,Гидроксиэтилкрахмал,раствор для инфузий,0.06,
РеоХЕС 130,Гидроксиэтилкрахмал,раствор для инфузий,0.06,
РеоХЕС 200,Гидроксиэтилкрахмал,раствор для инфузий,"6%, 10%",
ПолиХЭС,Гидроксиэтилкрахмал,раствор для инфузий,"6%, 10%",
Плазмастабил 200,Гидроксиэтилкрахмал,раствор для инфузий,"6%, 10%",
Гидроксиэтилкрахмал-Эском,Гидроксиэтилкрахмал,раствор для инфузий,0.06,
Гидроксиэтилкрахмал 200/0.5,Гидроксиэтилкрахмал,раствор для инфузий,"6%, 10%",
Гидроксиэтилкрахмал 200/0.5,Гидроксиэтилкрахмал,раствор для инфузий,"6%, 10%",
Волемкор,Гидроксиэтилкрахмал,раствор для инфузий,0.06,
Волекам ГЭК-200,Гидроксиэтилкрахмал,раствор для инфузий,"6%, 10%",
Венофундин,Гидроксиэтилкрахмал,раствор для инфузий,0.06,
Волекам,Гидроксиэтилкрахмал,раствор для инфузий,0.06,
ГИДРОКСИЭТИЛКРАХМАЛ 200-АЛИУМ,Гидроксиэтилкрахмал,раствор для инфузий,"6%, 10%",
ГИДРОКСИЭТИЛКРАХМАЛ 130-АЛИУМ,Гидроксиэтилкрахмал,раствор для инфузий,0.06,
ГИДРОКСИЭТИЛКРАХМАЛ 130,Гидроксиэтилкрахмал,раствор для инфузий,0.06,
Гидроксиэтилкрахмал 200,Гидроксиэтилкрахмал,раствор для инфузий,0.06,
Гидроксиэтилкрахмал 200,Гидроксиэтилкрахмал,раствор для инфузий,0.06,
Гидроксиэтилкрахмал 130/0.4,Гидроксиэтилкрахмал,раствор для инфузий,0.06,
Одекромон®,Гимекромон,таблетки,200 мг,
Холикрон,Гимекромон,таблетки,200 мг,
Гимекромон,Гимекромон,таблетки,200 мг,
Одестон,Гимекромон,таблетки,200 мг,
Гинкоум,Гинкго двулопастного листьев экстракт,капсулы,40 мг,
Гинкоум,Гинкго двулопастного листьев экстракт,капсулы,80 мг,
Гинкоум,Гинкго двулопастного листьев экстракт,капсулы,120 мг,
Гинкго Билоба,Гинкго двулопастного листьев экстракт,капсулы,"40 мг, 80 мг",
Гинкго Билоба - Тева,Гинкго двулопастного листьев экстракт,капсулы,"40 мг, 80 мг",
Билобил форте,Гинкго двулопастного листьев экстракт,капсулы,80 мг,
Билобил интенс 120,Гинкго двулопастного листьев экстракт,капсулы,120 мг,
Билобил,Гинкго двулопастного листьев экстракт,капсулы,40 мг,
Танакан,Гинкго двулопастного листьев экстракт,раствор для приема внутрь,40 мг/мл,
Гинкго,Гинкго двулопастного листьев экстракт,раствор для приема внутрь,40 мг/мл,
Гинкго Билоба,Гинкго двулопастного листьев экстракт,"таблетки, покрытые пленочной оболочкой",40 мг,
Танакан,Гинкго двулопастного листьев экстракт,"таблетки, покрытые пленочной оболочкой",40 мг,
Гинкго Билоба,Гинкго двулопастного листьев экстракт,"таблетки, покрытые пленочной оболочкой","40 мг, 60 мг, 80 мг, 120 мг",
Гинкго,Гинкго двулопастного листьев экстракт,"таблетки, покрытые пленочной оболочкой",40 мг,
Мемоплант,Гинкго двулопастного листьев экстракт,"таблетки, покрытые пленочной оболочкой",80 мг,
Мемоплант,Гинкго двулопастного листьев экстракт,"таблетки, покрытые пленочной оболочкой",120 мг,
Мемоплант,Гинкго двулопастного листьев экстракт,"таблетки, покрытые пленочной оболочкой",40 мг,
Дефислёз,Гипромеллоза,капли глазные,3 мг/мл,
Искусственная слеза,Гипромеллоза,капли глазные,0.5%,
Гипромелоза-П,Гипромеллоза,капли глазные,5 мг/мл,
Бронхитусен Врамед,Глауцин+Эфедрин,сироп,,
Бронхолитин,Глауцин+Эфедрин,сироп,5.75 мг/5мл+4.6 мг/5мл,
Бронхотон,Глауцин+Эфедрин,сироп,,
Румалон,Гликозаминогликан-пептидный комплекс,раствор для внутримышечного введения,,
СУСТАНЭКС,Гликозаминогликан-пептидный комплекс,раствор для внутримышечного введения,,
Сибри® Бризхалер®,Гликопиррония бромид,капсулы с порошком для ингаляций,50 мкг,
Респинекс®,Гликопиррония бромид,капсулы с порошком для ингаляций,50 мкг/доза,
Ультибро® Бризхалер®,Гликопиррония бромид+Индакатерол,капсулы с порошком для ингаляций,50 мкг+110 мкг,
Респихейл®,Гликопиррония бромид+Индакатерол,капсулы с порошком для ингаляций,50 мкг+110 мкг,
Асептолин,глицеритан,раствор для наружного применения,"70%, 90%",
Асептолин плюс,глицеритан,раствор для наружного применения,"70%, 90%",
Глицерин,Глицерол,раствор для местного и наружного применения,,
Глицерин,Глицерол,раствор для местного и наружного применения,,
Глицерин,Глицерол,раствор для местного и наружного применения,,
Глицерин,Глицерол,раствор для местного и наружного применения,,
Глицерин,Глицерол,раствор для местного и наружного применения,,
Глицерин,Глицерол,раствор для наружного применения,,
Глицерин,Глицерол,раствор для наружного применения,,
Глицерин,Глицерол,раствор для наружного применения,,
Глицерин,Глицерол,раствор для наружного применения,,
Глицерин,Глицерол,раствор для наружного применения,,
Глицерин,Глицерол,раствор для наружного применения,,
Глицерин,Глицерол,раствор для наружного применения,,
Глицерин Реневал,Глицерол,раствор для наружного применения,,
Глицериновые суппозитории,Глицерол,суппозитории ректальные,"1405 мг, 2100 мг",
Глицерин,Глицерол,суппозитории ректальные,"1.24 г, 2.11 г",
Глицерин Реневал,Глицерол,суппозитории ректальные,"1.24 г, 2.11 г",
Глицерин,Глицерол,суппозитории ректальные,"1.24 г, 2.11 г",
Глицерин,Глицерол,суппозитории ректальные,"1.24 г, 2.11 г",
ГЛИЦЕРИН,Глицерол,суппозитории ректальные,"1.24 г, 2.11 г",
Глицерин,Глицерол,суппозитории ректальные,"1.24 г, 2.11 г",
ГЛИЦЕРОЛ АВЕКСИМА,Глицерол,суппозитории ректальные,"1.24 г, 2.11 г",
Глицерин,Глицерол,суппозитории ректальные,"1.24 г, 2.11 г",
Глицерин,Глицерол,суппозитории ректальные,"1.24 г, 2.11 г",
Глицерин,Глицерол,суппозитории ректальные,"1.24 г, 2.11 г",
ГЛИЦЕРИН,Глицерол,суппозитории ректальные,"1.24 г, 2.11 г",
ГЛИЦЕРИН-АЛИУМ,Глицерол,суппозитории ректальные,"1.24 г, 2.11 г",
Глицерин,Глицерол,суппозитории ректальные,"1.24 г, 2.11 г",
Глицерин,Глицерол,суппозитории ректальные,"1.24 г, 2.11 г",
Глицин Форте,Глицин,таблетки защечные,250 мг,
Глицин форте,Глицин,таблетки защечные и подъязычные,250 мг,
Глицин Реневал,Глицин,таблетки защечные и подъязычные,100 мг,
Глицин Форте,Глицин,таблетки подъязычные,250 мг,
Глицин,Глицин,таблетки подъязычные,100 мг,
Глицин,Глицин,таблетки подъязычные,100 мг,
Глицин-МХФП,Глицин,таблетки защечные и подъязычные,100 мг,
Глицин,Глицин,таблетки защечные и подъязычные,100 мг,
Фосфоглив®,Глицирризиновая кислота+Фосфолипиды,лиофилизат для приготовления раствора для внутривенного введения,,
Фосфогард лио,Глицирризиновая кислота+Фосфолипиды,лиофилизат для приготовления раствора для внутривенного введения,200 мг+500 мг,
Фосфоглицерр,Глицирризиновая кислота+Фосфолипиды,лиофилизат для приготовления раствора для внутривенного введения,,
Фосфоглицеризин,Глицирризиновая кислота+Фосфолипиды,капсулы,,
Фосфонциале® Глицирризин,Глицирризиновая кислота+Фосфолипиды,капсулы,35 мг+65 мг,
Фосфоглив®,Глицирризиновая кислота+Фосфолипиды,капсулы,,
Глюкозамин,Глюкозамин,концентрат для приготовления раствора для внутримышечного введения,200 мг/мл,
Глюкозамин,Глюкозамин,концентрат для приготовления раствора для внутримышечного введения,200 мг/мл,
СУСТАГАРД АРТРО,Глюкозамин,концентрат для приготовления раствора для внутримышечного введения,200 мг/мл,
ДОНА®,Глюкозамин,раствор для внутримышечного введения,200 мг/мл,
Дона®,Глюкозамин,порошок для приготовления раствора для приема внутрь,1500 мг,
СУСТАГАРД®,Глюкозамин,порошок для приготовления раствора для приема внутрь,1.5 г,
Глюкозамин,Глюкозамин,порошок для приготовления раствора для приема внутрь,1500 мг,
Эльбона,Глюкозамин,порошок для приготовления раствора для приема внутрь,1.5 г,
Глюкозамин ЛЕКАС,Глюкозамин,порошок для приготовления раствора для приема внутрь,1500 мг,
Глюкозамин,Глюкозамин,порошок для приготовления раствора для приема внутрь,1500 мг,
ГЛЮКОЗАМИН,Глюкозамин,порошок для приготовления раствора для приема внутрь,1500 мг,
Артракам®,Глюкозамин,порошок для приготовления раствора для приема внутрь,1.5 г,
Сустагард артро,Глюкозамин,порошок для приготовления раствора для приема внутрь,1.5 г,
Хондрофлекс®,Глюкозамин+Хондроитина сульфат,капсулы,250 мг+200 мг,
КОНДРОнова®,Глюкозамин+Хондроитина сульфат,капсулы,250 мг+200 мг,
АРТРАВИР®-комплекс-ИНКАМФАРМ®,Глюкозамин+Хондроитина сульфат,капсулы,250 мг+200 мг,
Глюкозамин+Хондроитин,Глюкозамин+Хондроитина сульфат,капсулы,250 мг+200 мг,
Терафлекс®,Глюкозамин+Хондроитина сульфат,капсулы,500 мг+400 мг,
АРТРАВИР®-комплекс-ТРИВИУМ®,Глюкозамин+Хондроитина сульфат,капсулы,500 мг+400 мг,
Перца водяного экстракт жидкий,Горца перечного травы экстракт,экстракт для приема внутрь,,
Перца водяного экстракт жидкий,Горца перечного травы экстракт,экстракт для приема внутрь,,
Перца водяного экстракт жидкий,Горца перечного травы экстракт,экстракт жидкий для приема внутрь,,
Горца перечного (Перца водяного) экстракт жидкий,Горца перечного травы экстракт,экстракт жидкий для приема внутрь,,
Перца водяного экстракт жидкий,Горца перечного травы экстракт,экстракт жидкий для приема внутрь,,
Горчичник-пакет с эвкалиптовым маслом,Горчичники,порошок для наружного применения,,
Горчичник-пакет,Горчичники,порошок для наружного применения,,
Грамисепт,Грамицидин С,таблетки для рассасывания,1.5 мг,
Грамицидин С Реневал,Грамицидин С,таблетки защечные,1.5 мг,
Чаги настойка,Гриба березового настойка,настойка,,
Чаги настойка,Гриба березового настойка,настойка,,
Чаги настойка,Гриба березового настойка,настойка,,
Чаги настойка,Гриба березового настойка,настойка,,
Чаги настойка,Гриба березового настойка,настойка,,
Бефунгин,Гриба березового экстракт+Кобальта хлорид,раствор для приема внутрь,,
Бефунгин,Гриба березового экстракт+Кобальта хлорид,раствор для приема внутрь,,
Бефунгин,Гриба березового экстракт+Кобальта хлорид,раствор для приема внутрь,,
Бефунгин,Гриба березового экстракт+Кобальта хлорид,концентрат для приготовления раствора для приема внутрь,,
Бефунгин,Гриба березового экстракт+Кобальта хлорид,концентрат для приготовления раствора для приема внутрь,,
Форсига,Дапаглифлозин,"таблетки, покрытые пленочной оболочкой","5 мг, 10 мг",
Глифура,Дапаглифлозин,"таблетки, покрытые пленочной оболочкой","5 мг, 10 мг",
Дориван,Дапаглифлозин,"таблетки, покрытые пленочной оболочкой","5 мг, 10 мг",
ДАПАГЛИФЛОЗИН,Дапаглифлозин,"таблетки, покрытые пленочной оболочкой","5 мг, 10 мг",
Линимент бальзамический (по Вишневскому),Деготь+Трибромфенолята висмута и Висмута оксида комплекс,линимент,,
Линимент бальзамический (по Вишневскому),Деготь+Трибромфенолята висмута и Висмута оксида комплекс,линимент,,
Линимент бальзамический (по Вишневскому),Деготь+Трибромфенолята висмута и Висмута оксида комплекс,линимент,,
Линимент бальзамический (по Вишневскому),Деготь+Трибромфенолята висмута и Висмута оксида комплекс,линимент,,
Линимент бальзамический (по Вишневскому),Деготь+Трибромфенолята висмута и Висмута оксида комплекс,линимент для наружного применения,,
Линимент бальзамический (по Вишневскому),Деготь+Трибромфенолята висмута и Висмута оксида комплекс,линимент для наружного применения,,
Линимент бальзамический (по Вишневскому),Деготь+Трибромфенолята висмута и Висмута оксида комплекс,линимент для наружного применения,,
Линимент бальзамический (по Вишневскому),Деготь+Трибромфенолята висмута и Висмута оксида комплекс,линимент для наружного применения,,
Линимент бальзамический (по Вишневскому),Деготь+Трибромфенолята висмута и Висмута оксида комплекс,линимент для наружного применения,,
ЛИНИМЕНТ БАЛЬЗАМИЧЕСКИЙ (по Вишневскому),Деготь+Трибромфенолята висмута и Висмута оксида комплекс,линимент для наружного применения,,
Линимент бальзамический по Вишневскому,Деготь+Трибромфенолята висмута и Висмута оксида комплекс,линимент для наружного применения,,
Линимент бальзамический (по Вишневскому),Деготь+Трибромфенолята висмута и Висмута оксида комплекс,линимент для наружного применения,,
Линимент бальзамический (по Вишневскому),Деготь+Трибромфенолята висмута и Висмута оксида комплекс,линимент для наружного применения,,
Линимент бальзамический (по Вишневскому),Деготь+Трибромфенолята висмута и Висмута оксида комплекс,линимент для наружного применения,,
Линимент бальзамический (по Вишневскому),Деготь+Трибромфенолята висмута и Висмута оксида комплекс,линимент для наружного применения,,
Флуомизин,Деквалиния хлорид,таблетки вагинальные,10 мг,
ДЕКВАЛИНИЯ ХЛОРИД,Деквалиния хлорид,таблетки вагинальные,10 мг,
Дексаметазон,Дексаметазон,капли глазные,0.1%,
Дексаметазон-МЭЗ,Дексаметазон,капли глазные,0.1%,
Дексаметазонлонг®,Дексаметазон,капли глазные,0.1%,
Максидекс®,Дексаметазон,капли глазные,0.1%,
Дексаметазон,Дексаметазон,капли глазные,0.1%,
Офтан® Дексаметазон,Дексаметазон,капли глазные,1 мг/мл,
Дексаметазон Реневал,Дексаметазон,капли глазные,0.1%,
Макситрол®,Дексаметазон+Неомицин+Полимиксин B,капли глазные,1 мг/мл+3500 МЕ/мл+6000 МЕ/мл,
НЕОДЕКСА,Дексаметазон+Неомицин+Полимиксин B,капли глазные,1 мг/мл+3500 МЕ/мл+6000 МЕ/мл,
Полидекса с фенилэфрином,Дексаметазон+Неомицин+Полимиксин B+Фенилэфрин,спрей назальный,,
СИНУСЭФРИН,Дексаметазон+Неомицин+Полимиксин B+Фенилэфрин,спрей назальный,,
Комвео,Дексаметазон+Левофлоксацин,капли глазные,1 мг/мл+5 мг/мл,
Л-Дексопт,Дексаметазон+Левофлоксацин,капли глазные,1 мг/мл+5 мг/мл,
ДексаТобропт,Дексаметазон+Тобрамицин,капли глазные,1 мг/мл+3 мг/мл,
Тобрадекс,Дексаметазон+Тобрамицин,капли глазные,1 мг/мл+3 мг/мл,
Тобразон,Дексаметазон+Тобрамицин,капли глазные,0.1%+0.3%,
РУБРОДЕКС,Дексаметазон+Тобрамицин,капли глазные,0.1%+0.3%,
Комбинил®,Дексаметазон+Ципрофлоксацин,капли глазные и ушные,,
ОПТАЦИН-ОФТАЛЬМОЛОР,Дексаметазон+Ципрофлоксацин,капли глазные и ушные,1 мг/мл + 3 мг/мл,
Пантенолспрей,Декспантенол,аэрозоль для наружного применения,4.63%,
ПАНТЕСЕПТ,Декспантенол,пена для наружного применения,0.05,
НовоПанетн,Декспантенол,пена для наружного применения,0.05,
Пантенол,Декспантенол,пена для наружного применения,0.05,
ПАНТЕНОЛ АЭРО,Декспантенол,пена для наружного применения,0.05,
ДЕКСПАНТЕНОЛ,Декспантенол,пена для наружного применения,0.05,
Корнерегель,Декспантенол,гель глазной,0.05,
Декспантель,Декспантенол,гель глазной,0.05,
Пантесепт,Декспантенол,крем для наружного применения,0.05,
Пантодерм,Декспантенол,крем для наружного применения,0.05,
Бепантен,Декспантенол,крем для наружного применения,0.05,
Д-пантенол-Нижфарм,Декспантенол,крем для наружного применения,0.05,
Новатенол,Декспантенол,крем для наружного применения,0.05,
Рекреол,Декспантенол,крем для наружного применения,0.05,
Бепантен,Декспантенол,мазь для наружного применения,0.05,
Пантенол ЗД,Декспантенол,мазь для наружного применения,0.05,
Д-Пантенол,Декспантенол,мазь для наружного применения,0.05,
Пантодерм,Декспантенол,мазь для наружного применения,0.05,
Пантенол-Тева,Декспантенол,мазь для наружного применения,0.05,
ДексТенол,Декспантенол,мазь для наружного применения,0.05,
Декспантенол Реневал,Декспантенол,мазь для наружного применения,50 мг/г,
ДЕКСПАНТЕНОЛ,Декспантенол,мазь для наружного применения,0.05,
ДЕКСПАНТЕНОЛ,Декспантенол,мазь для наружного применения,0.05,
ДЕКСПАНТЕНОЛ,Декспантенол,мазь для наружного применения,0.05,
ДЕКСПАНТЕНОЛ,Декспантенол,мазь для наружного применения,0.05,
БЕПАДЕРИЛ,Декспантенол,мазь для наружного применения,0.05,
Декспантенол,Декспантенол,мазь для наружного применения,0.05,
Декспантенол,Декспантенол,мазь для наружного применения,0.05,
Декспантенол,Декспантенол,мазь для наружного применения,0.05,
Пантомеколь,Декспантенол,мазь для наружного применения,0.05,
Декспантенол-ВЕРТЕКС,Декспантенол,мазь для наружного применения,0.05,
Новатенол,Декспантенол,мазь для наружного применения,0.05,
ДЕКСПАНТЕНОЛ,Декспантенол,мазь для наружного применения,0.05,
НовоПантен,Декспантенол,мазь для наружного применения,0.05,
Рекреол,Декспантенол,мазь для наружного применения,0.05,
Пантесепт плюс,Декспантенол+Хлоргексидин,крем для наружного применения,5%+0.5%,
Бепантен плюс,Декспантенол+Хлоргексидин,крем для наружного применения,5%+0.5%,
Пантодерм плюс,Декспантенол+Хлоргексидин,крем для наружного применения,5%+0.776%,
Д-пантенол плюс антисептик,Декспантенол+Хлоргексидин,крем для наружного применения,5%+0.776%,
Пантомеколь® Плюс,Декспантенол+Хлоргексидин,крем для наружного применения,5.25%+0.802%,
ДЕКСПАНТЕНОЛ+ХЛОРГЕКСИДИН,Декспантенол+Хлоргексидин,крем для наружного применения,,
ДексПенол плюс,Декспантенол+Хлоргексидин,крем для наружного применения,5%+0.5%,
НОВОПАНТЕН ПЛЮС,Декспантенол+Хлоргексидин,крем для наружного применения,5%+0.89%,
ДЕКСПАНТЕНОЛ+ХЛОРГЕКСИДИН,Декспантенол+Хлоргексидин,крем для наружного применения,5%+0.5%,
Анима-А,Декспантенол+Хлоргексидин,крем для наружного применения,5%+0.5%,
ДЕКСПАНТЕНОЛ+ХЛОРГЕКСИДИН,Декспантенол+Хлоргексидин,крем для наружного применения,5.25%+0.802%,
Депантол,Декспантенол+Хлоргексидин,суппозитории вагинальные,100 мг+16 мг,
Декспантенол+Хлоргексидин,Декспантенол+Хлоргексидин,суппозитории вагинальные,100 мг+16 мг,
ДЕКСПАНТЕНОЛ + ХЛОРГЕКСИДИН,Декспантенол+Хлоргексидин,суппозитории вагинальные,100 мг+16 мг,
Реополиглюкин 40,Декстран,раствор для инфузий,0.1,
Декстран 40,Декстран,раствор для инфузий,0.1,
Реополиглюкин-40,Декстран,раствор для инфузий,0.1,
Гемостабил,Декстран,раствор для инфузий,,
Реополиглюкин,Декстран,раствор для инфузий,0.1,
Реополиглюкин-40,Декстран,раствор для инфузий,0.1,
Реополиглюкин-40,Декстран,раствор для инфузий,0.1,
Реополиглюкин-40,Декстран,раствор для инфузий,100 мг/мл,
Реополиглюкин-40,Декстран,раствор для инфузий,0.1,
Динадекс,Декстран,раствор для инфузий,0.1,
Реополиглюкин-40,Декстран,раствор для инфузий,0.1,
Декстран 40,Декстран,раствор для инфузий,0.1,
Реополиглюкин-40-Эском,Декстран,раствор для инфузий,100 мг/мл,
Полиглюкин,Декстран,раствор для инфузий,0.06,
Декстран 70,Декстран,раствор для инфузий,0.06,
Полиглюкин,Декстран,раствор для инфузий,0.06,
Полиглюкин,Декстран,раствор для инфузий,0.06,
Глюкоза,Декстроза,раствор для внутривенного введения,400 мг/мл,
Глюкоза,Декстроза,раствор для внутривенного введения,400 мг/мл,
Глюкоза,Декстроза,раствор для внутривенного введения,400 мг/мл,
Глюкоза,Декстроза,раствор для внутривенного введения,400 мг/мл,
ГЛЮКОЗА-РОСВА,Декстроза,раствор для внутривенного введения,0.4,
Глюкоза,Декстроза,раствор для внутривенного введения,0.4,
Глюкоза,Декстроза,раствор для внутривенного введения,400 мг/мл,
Глюкоза-ЭСКОМ,Декстроза,раствор для внутривенного введения,400 мг/мл,
Глюкоза буфус,Декстроза,раствор для внутривенного введения,400 мг/мл,
Глюкоза,Декстроза,раствор для внутривенного введения,400 мг/мл,
Глюкоза,Декстроза,раствор для внутривенного введения,0.4,
Глюкоза,Декстроза,раствор для инфузий,"5%, 10%",
Глюкоза,Декстроза,раствор для инфузий,"5%, 10%",
Глюкоза,Декстроза,раствор для инфузий,"5%, 10%",
Глюкоза Реневал,Декстроза,раствор для инфузий,"5%, 10%",
Глюкоза,Декстроза,раствор для инфузий,"5%, 10%",
Глюкоза,Декстроза,раствор для инфузий,0.05,
Глюкоза,Декстроза,раствор для инфузий,"5%, 10%",
Глюкоза,Декстроза,раствор для инфузий,"5%, 10%",
Глюкоза,Декстроза,раствор для инфузий,"5%, 10%",
Глюкоза,Декстроза,раствор для инфузий,0.1,
Глюкоза,Декстроза,раствор для инфузий,0.05,
Глюкоза,Декстроза,раствор для инфузий,"5%, 10%",
Глюкоза,Декстроза,раствор для инфузий,"5%, 10%",
Глюкоза,Декстроза,раствор для инфузий,"5%, 10%",
Глюкоза-Э,Декстроза,раствор для инфузий,"5%, 10%",
Глюкоза,Декстроза,раствор для инфузий,"5%, 10%, 20%",
ГЛЮКОЗА-РОСВА,Декстроза,раствор для инфузий,"5%, 10%, 20%",
Глюкоза,Декстроза,раствор для инфузий,"5%, 10%, 20%",
Глюкоза,Декстроза,раствор для инфузий,"5%, 10%, 20%",
Глюкоза-СОЛОфарм,Декстроза,раствор для инфузий,"5%, 10%, 20%",
Глюкоза,Декстроза,раствор для инфузий,"5%, 10%",
Глюкоза,Декстроза,раствор для инфузий,"5%, 10%",
Глюкоза,Декстроза,раствор для инфузий,"5%, 10%",
Глюкоза,Декстроза,раствор для инфузий,"5%, 10%, 20%, 40%",
Глюкоза,Декстроза,раствор для инфузий,"5%, 10%, 20%, 40%",
Глюкоза,Декстроза,раствор для инфузий,"5%, 10%, 20%, 40%",
Глюкоза,Декстроза,раствор для инфузий,"5%, 10%, 20%, 40%",
Глюкоза,Декстроза,раствор для инфузий,0.05,
Глюкоза,Декстроза,раствор для инфузий,0.05,
Глюкоза,Декстроза,раствор для инфузий,0.05,
Глюкоза,Декстроза,порошок для приготовления раствора для приема внутрь,75 г,
Глюкоза,Декстроза,порошок для приготовления раствора для приема внутрь,75 г,
Глюкоза,Декстроза,порошок для приготовления раствора для приема внутрь,75 г,
Нормофундин Г-5,Декстроза+Калия хлорид+Кальция хлорид+Магния хлорид+Натрия ацетат+Натрия хлорид,расвтор для инфузий,,
Декстрофундин,Декстроза+Калия хлорид+Кальция хлорид+Магния хлорид+Натрия ацетат+Натрия хлорид,расвтор для инфузий,,
Стерофундин Г-5,Декстроза+Калия хлорид+Кальция хлорид+Магния хлорид+Натрия хлорид+Яблочная кислота,расвтор для инфузий,,
Гексафундин Г5,Декстроза+Калия хлорид+Кальция хлорид+Магния хлорид+Натрия хлорид+Яблочная кислота,расвтор для инфузий,,
Тригидросоль,Декстроза+Калия хлорид+Натрия хлорид+Натрия цитрат,порошок для приготовления раствора для приема внутрь,,
РеАкватант,Декстроза+Калия хлорид+Натрия хлорид+Натрия цитрат,порошок для приготовления раствора для приема внутрь,,
Регидрон,Декстроза+Калия хлорид+Натрия хлорид+Натрия цитрат,порошок для приготовления раствора для приема внутрь,,
ЦФГ,Декстроза+Лимонная кислота+Натрия дигидрофосфат+Натрия цитрат,раствор гемоконсерванта,,
ЦФГ,Декстроза+Лимонная кислота+Натрия дигидрофосфат+Натрия цитрат,раствор гемоконсерванта,,
Супран,Десфлуран,жидкость для ингаляций,~,
Десфлуран,Десфлуран,жидкость для ингаляций,~,
Лонградакс,Десфлуран,жидкость для ингаляций,~,
Диклак,Диклофенак,гель для наружного применения,0.05,
Диклоген,Диклофенак,гель для наружного применения,0.01,
Диклоген,Диклофенак,гель для наружного применения,0.05,
ДИКЛОФЕНАК,Диклофенак,гель для наружного применения,0.05,
Диклофенак,Диклофенак,гель для наружного применения,"1%, 5%",
Диклофенак,Диклофенак,гель для наружного применения,0.05,
Диклофенак,Диклофенак,гель для наружного применения,0.01,
Диклофенак,Диклофенак,гель для наружного применения,0.01,
Диклофенак,Диклофенак,гель для наружного применения,0.01,
Диклофенак,Диклофенак,гель для наружного применения,0.01,
Диклофенак,Диклофенак,гель для наружного применения,0.01,
Диклофенак,Диклофенак,гель для наружного применения,0.01,
Диклофенак,Диклофенак,гель для наружного применения,0.05,
Диклофенак-Тева,Диклофенак,гель для наружного применения,0.01,
ДИКЛОФЕНАК,Диклофенак,гель для наружного применения,0.01,
Диклофенак-Тева Интенсив,Диклофенак,гель для наружного применения,20 мг/г,
Вольтарен Эмульгель,Диклофенак,гель для наружного применения,0.02,
Вольтарен Эмульгель,Диклофенак,гель для наружного применения,0.01,
Ортофен,Диклофенак,гель для наружного применения,0.05,
Диклофарм,Диклофенак,гель для наружного применения,0.05,
Диклофенак-АКОС,Диклофенак,гель для наружного применения,0.05,
Диклофенак Паноксен®,Диклофенак,гель для наружного применения,10 мг/мл,
ДИКЛОФЕНАК,Диклофенак,гель для наружного применения,0.05,
ДИКЛОФЕНАК,Диклофенак,гель для наружного применения,0.05,
Диклофарм,Диклофенак,гель для наружного применения,0.01,
Цито Геликс,Диклофенак,гель для наружного применения,0.01,
Диклофенак-Акрихин,Диклофенак,гель для наружного применения,0.01,
Диклофенак,Диклофенак,крем для наружного применения,0.02,
Диклофенакол,Диклофенак,крем для наружного применения,0.01,
Диклофенак,Диклофенак,мазь для наружного применения,0.01,
Диклофенак,Диклофенак,мазь для наружного применения,0.01,
Диклофенак,Диклофенак,мазь для наружного применения,0.01,
Диклофенак ЗД,Диклофенак,мазь для наружного применения,0.02,
Диклофенак,Диклофенак,мазь для наружного применения,0.01,
Ортофер,Диклофенак,мазь для наружного применения,0.02,
Ортофен®,Диклофенак,мазь для наружного применения,0.02,
ДИКЛОФЕНАК,Диклофенак,мазь для наружного применения,0.01,
Диклофенак-АКОС,Диклофенак,мазь для наружного применения,0.01,
Диклофенак-МФФ,Диклофенак,мазь для наружного применения,0.02,
Диклофенак-Акрихин,Диклофенак,мазь для наружного применения,0.01,
Диклофенак,Диклофенак,суппозитории ректальные,"50 мг, 100 мг",
Диклофенак,Диклофенак,суппозитории ректальные,"50 мг, 100 мг",
Клодифен Нейро,Диклофенак+Пиридоксин+Тиамин+Цианокобаламин,капсулы,,
Нейродикловит,Диклофенак+Пиридоксин+Тиамин+Цианокобаламин,капсулы с модифицированным высвобождением,,
Димексид,Диметилсульфоксид,концентрат для приготовления раствора для наружного применения,,
Димексид,Диметилсульфоксид,концентрат для приготовления раствора для наружного применения,0.99,
Димексид,Диметилсульфоксид,концентрат для приготовления раствора для наружного применения,0.99,
Димексид,Диметилсульфоксид,концентрат для приготовления раствора для наружного применения,,
Димексид,Диметилсульфоксид,концентрат для приготовления раствора для наружного применения,0.99,
Димексид,Диметилсульфоксид,концентрат для приготовления раствора для наружного применения,,
Димексид,Диметилсульфоксид,концентрат для приготовления раствора для наружного применения,,
Димексид,Диметилсульфоксид,концентрат для приготовления раствора для наружного применения,0.99,
ДИМЕКСИД,Диметилсульфоксид,концентрат для приготовления раствора для наружного применения,,
Димексид,Диметилсульфоксид,концентрат для приготовления раствора для наружного применения,,
Димексид,Диметилсульфоксид,концентрат для приготовления раствора для наружного применения,,
Димексид Реневал,Диметилсульфоксид,концентрат для приготовления раствора для наружного применения,,
Димексид,Диметилсульфоксид,концентрат для приготовления раствора для наружного применения,0.99,
Димексид,Диметилсульфоксид,концентрат для приготовления раствора для наружного применения,,
Димексид,Диметилсульфоксид,концентрат для приготовления раствора для наружного применения,,
Димексид,Диметилсульфоксид,концентрат для приготовления раствора для наружного применения,0.99,
Димексид,Диметилсульфоксид,концентрат для приготовления раствора для наружного применения,0.99,
ДИМЕКСИД-ТФФ,Диметилсульфоксид,гель для наружного применения,0.25,
ДИМЕКСИД,Диметилсульфоксид,гель для наружного применения,0.25,
Димексид®,Диметилсульфоксид,гель для наружного применения,0.25,
Унитиол,Димеркаптопропансульфонат натрия,раствор для внутримышечного и подкожного введения,50 мг/мл,
Унитиол,Димеркаптопропансульфонат натрия,раствор для внутримышечного и подкожного введения,50 мг/мл,
Унитиол,Димеркаптопропансульфонат натрия,раствор для внутримышечного и подкожного введения,50 мг/мл,
Унитиол,Димеркаптопропансульфонат натрия,раствор для внутримышечного и подкожного введения,50 мг/мл,
Унитиол-Ферейн®,Димеркаптопропансульфонат натрия,раствор для внутримышечного и подкожного введения,50 мг/мл,
Унитиол-Бинергия,Димеркаптопропансульфонат натрия,раствор для внутримышечного и подкожного введения,50 мг/мл,
Фенистил,Диметинден,эмульсия для наружного применения,0.1%,
Фенистил,Диметинден,гель для наружного применения,0.1%,
Фрест®,Диметинден,гель для наружного применения,1 мг/г,
Феницитол,Диметинден,гель для наружного применения,0.1%,
Дермастил АКОС,Диметинден,гель для наружного применения,1 мг/г,
Фенилергин,Диметинден,гель для наружного применения,0.1%,
ДИМЕТИНДЕН,Диметинден,гель для наружного применения,0.1%,
Диметинден,Диметинден,гель для наружного применения,0.1%,
ДИМЕТИНДЕН,Диметинден,гель для наружного применения,0.1%,
Диметинден,Диметинден,гель для наружного применения,0.1%,
ФЕНИСМАРТ,Диметинден,гель для наружного применения,0.1%,
Диметинден,Диметинден,гель для наружного применения,0.1%,
Контразуд,Диметинден,гель для наружного применения,0.1%,
ДИМЕТИНДЕН,Диметинден,гель для наружного применения,0.1%,
СУПРАСТИГЕЛЬ®,Диметинден,гель для наружного применения,1 мг/г,
АЛЛЕРГОЛАН,Диметинден,гель для наружного применения,0.1%,
Диметинден-Акрихин,Диметинден,гель для наружного применения,0.1%,
Фридифин,Диметинден+Фенилэфрин,спрей назальный дозированный,35.125 мкг/доза+351.25 мкг/доза,
Диметинден+Фенилэфрин,Диметинден+Фенилэфрин,спрей назальный дозированный,35.125 мкг/доза+351.25 мкг/доза,
ДЕМЕФЕЦИЛ,Диметинден+Фенилэфрин,спрей назальный дозированный,35.125 мкг/доза+351.25 мкг/доза,
ДУОФРИН НОРДУМ®,Диметинден+Фенилэфрин,спрей назальный дозированный,35.125 мкг/доза+351.25 мкг/доза,
Виброцил,Диметинден+Фенилэфрин,спрей назальный дозированный,35.125 мкг/доза+351.25 мкг/доза,
Диметинден+Фенилэфрин,Диметинден+Фенилэфрин,спрей назальный дозированный,35.125 мкг/доза+351.25 мкг/доза,
ДЕМЕФЕЦИЛ,Диметинден+Фенилэфрин,капли назальные,(0.25+2.5 мг)/мл,
СОПИРОЦИЛ,Диметинден+Фенилэфрин,капли назальные,0.25 мг/мл+2.5 мг/мл,
Неодифрин,Диметинден+Фенилэфрин,капли назальные,0.25 мг/мл+2.5 мг/мл,
Дилефрин-Тева,Диметинден+Фенилэфрин,капли назальные,0.25 мг/мл+2.5 мг/мл,
ВиброксДуо,Диметинден+Фенилэфрин,капли назальные,0.25 мг/мл+2.5 мг/мл,
Фридифинил,Диметинден+Фенилэфрин,капли назальные,0.25 мг/мл+2.5 мг/мл,
СИНУЦИЛ,Диметинден+Фенилэфрин,капли назальные,(0.25+2.5 мг)/мл,
Виброфен,Диметинден+Фенилэфрин,капли назальные,0.25 мг/мл+2.5 мг/мл,
Нилмеден,Диметинден+Фенилэфрин,капли назальные,(0.25+2.5 мг)/мл,
Назацил Рино,Диметинден+Фенилэфрин,капли назальные,0.25 мг/мл+2.5 мг/мл,
ИРИНОРМ Рино,Диметинден+Фенилэфрин,капли назальные,0.25 мг/мл+2.5 мг/мл,
Диметинден+Фенилэфрин,Диметинден+Фенилэфрин,капли назальные,0.25 мг/мл+2.5 мг/мл,
Виброцил,Диметинден+Фенилэфрин,капли назальные,0.25 мг/мл+2.5 мг/мл,
Азота закись,Динитрогена оксид,газ сжатый,,
Азота закись,Динитрогена оксид,газ сжатый,6.2 кг,
Азота закись,Динитрогена оксид,газ сжатый,,
Препидил®,Динопростон,гель интрацервикальный,0.5 мг,
Простенонгель®,Динопростон,гель интрацервикальный,1 мг/доза,
Метилурацил,Диоксометилтетрагидропиримидин,мазь для местного и наружного применения,0.1,
Метилурацил,Диоксометилтетрагидропиримидин,мазь для местного и наружного применения,0.1,
Метилурацил,Диоксометилтетрагидропиримидин,мазь для местного и наружного применения,0.1,
Метилурацил,Диоксометилтетрагидропиримидин,мазь для местного и наружного применения,0.1,
Метилурацил,Диоксометилтетрагидропиримидин,мазь для местного и наружного применения,0.1,
Метилурацил,Диоксометилтетрагидропиримидин,мазь для местного и наружного применения,0.1,
Метилурацил,Диоксометилтетрагидропиримидин,мазь для местного и наружного применения,0.1,
Метилурацил,Диоксометилтетрагидропиримидин,мазь для местного и наружного применения,0.1,
Метилурацил,Диоксометилтетрагидропиримидин,мазь для местного и наружного применения,0.1,
Метилурацил Реневал,Диоксометилтетрагидропиримидин,мазь для местного и наружного применения,0.1,
МЕТИЛУРАЦИЛ,Диоксометилтетрагидропиримидин,мазь для местного и наружного применения,0.1,
МЕТИЛУРАЦИЛ,Диоксометилтетрагидропиримидин,мазь для местного и наружного применения,0.1,
Метилурацил,Диоксометилтетрагидропиримидин,мазь для местного и наружного применения,0.1,
МЕТИЛУРАЦИЛ,Диоксометилтетрагидропиримидин,мазь для местного и наружного применения,0.1,
Стизамет,Диоксометилтетрагидропиримидин,мазь для местного и наружного применения,0.03,
МЕТИЛУРАЦИЛ,Диоксометилтетрагидропиримидин,мазь для местного и наружного применения,0.1,
Метилурацил,Диоксометилтетрагидропиримидин,суппозитории ректальные,500 мг,
Метилурацил,Диоксометилтетрагидропиримидин,суппозитории ректальные,500 мг,
Метилурацил,Диоксометилтетрагидропиримидин,суппозитории ректальные,500 мг,
Метилурацил,Диоксометилтетрагидропиримидин,суппозитории ректальные,500 мг,
Метилурацил,Диоксометилтетрагидропиримидин,суппозитории ректальные,500 мг,
Метилурацил,Диоксометилтетрагидропиримидин,суппозитории ректальные,500 мг,
Метилурацил,Диоксометилтетрагидропиримидин,суппозитории ректальные,500 мг,
Метилурацил,Диоксометилтетрагидропиримидин,суппозитории ректальные,500 мг,
Метилурацил,Диоксометилтетрагидропиримидин,суппозитории ректальные,500 мг,
Метилурацил,Диоксометилтетрагидропиримидин,таблетки,500 мг,
Метилурацил,Диоксометилтетрагидропиримидин,таблетки,500 мг,
Метилурацил,Диоксометилтетрагидропиримидин,таблетки,500 мг,
Метилурацил,Диоксометилтетрагидропиримидин,таблетки,500 мг,
Левомикон-ТФФ,Диоксометилтетрагидропиримидин+Хлорамфеникол,мазь для наружного применения,,
АЛЬФАМЕКОЛЬ,Диоксометилтетрагидропиримидин+Хлорамфеникол,мазь для наружного применения,40 мг/г+7.5 мг/г,
ЛЕВОМЕДЕРМ,Диоксометилтетрагидропиримидин+Хлорамфеникол,мазь для наружного применения,40 мг/г+7.5 мг/г,
ЛЕВОФЕНАКС,Диоксометилтетрагидропиримидин+Хлорамфеникол,мазь для наружного применения,40 мг/г+7.5 мг/г,
Метилурацил+Левомицетин,Диоксометилтетрагидропиримидин+Хлорамфеникол,мазь для наружного применения,40 мг/г+7.5 мг/г,
ДИМИКОЛЬ,Диоксометилтетрагидропиримидин+Хлорамфеникол,мазь для наружного применения,40 мг/г+7.5 мг/г,
Комбимеколь,Диоксометилтетрагидропиримидин+Хлорамфеникол,мазь для наружного применения,40 мг/г+7.5 мг/г,
Новомиколь®,Диоксометилтетрагидропиримидин+Хлорамфеникол,мазь для наружного применения,40 мг/г+7.5 мг/г,
Левометил,Диоксометилтетрагидропиримидин+Хлорамфеникол,мазь для наружного применения,40 мг/г+7.5 мг/г,
Левомеколь,Диоксометилтетрагидропиримидин+Хлорамфеникол,мазь для наружного применения,40 мг/г+7.5 мг/г,
Левомисепт,Диоксометилтетрагидропиримидин+Хлорамфеникол,мазь для наружного применения,,
Оксолин,Диоксотетрагидрокситетрагидронафталин,мазь назальная,0.25%,
Оксолин Реневал,Диоксотетрагидрокситетрагидронафталин,мазь назальная,2.5 мг/г,
Оксолин,Диоксотетрагидрокситетрагидронафталин,мазь назальная,2.5 мг/г,
Оксолин,Диоксотетрагидрокситетрагидронафталин,мазь назальная,0.25%,
Оксолиновая мазь,Диоксотетрагидрокситетрагидронафталин,мазь назальная,0.25%,
Оксолиновая мазь,Диоксотетрагидрокситетрагидронафталин,мазь назальная,0.25%,
Оксолин,Диоксотетрагидрокситетрагидронафталин,мазь назальная,0.25%,
Оксолин,Диоксотетрагидрокситетрагидронафталин,мазь назальная,0.25%,
Оксолин,Диоксотетрагидрокситетрагидронафталин,мазь назальная,0.25%,
Назоксивир,Диоксотетрагидрокситетрагидронафталин,мазь назальная,0.25%,
Оксолин,Диоксотетрагидрокситетрагидронафталин,мазь назальная,0.25%,
Оксолин,Диоксотетрагидрокситетрагидронафталин,мазь назальная,0.25%,
Оксолин,Диоксотетрагидрокситетрагидронафталин,мазь назальная,0.25%,
Оксолин,Диоксотетрагидрокситетрагидронафталин,мазь назальная,2.5 мг/г,
Оксолин,Диоксотетрагидрокситетрагидронафталин,мазь назальная,0.25%,
Оксолин-АКОС,Диоксотетрагидрокситетрагидронафталин,мазь назальная,0.25%,
Димедрол,Дифенгидрамин,таблетки,50 мг,
Димедрол,Дифенгидрамин,таблетки,50 мг,
ДИМЕДРОЛ ВЕЛФАРМ,Дифенгидрамин,таблетки,50 мг,
Полинадим,Дифенгидрамин+Нафазолин,капли глазные,0.1%+0.025%,
Сигида дуо,Дифенгидрамин+Нафазолин,капли глазные,0.1%+0.033%,
КАЛАНТА дуо,Дифенгидрамин+Нафазолин,капли глазные,0.1%+0.033%,
Стелланин®,Диэтилбензимидазолия трийодид,мазь для наружного применения,0.03,
ТРОФИЛАНИН,Диэтилбензимидазолия трийодид,мазь для наружного применения,0.03,
ДЕЗЙОДАН,Диэтилбензимидазолия трийодид,мазь для наружного применения,0.03,
Донормил,Доксиламин,"таблетки, покрытые пленочной оболочкой",15 мг,
Доксиламин,Доксиламин,"таблетки, покрытые пленочной оболочкой",15 мг,
Доксиламин Органика,Доксиламин,"таблетки, покрытые пленочной оболочкой",15 мг,
Доксиламин Медисорб,Доксиламин,"таблетки, покрытые пленочной оболочкой",15 мг,
ДОКСИЛАМИН,Доксиламин,"таблетки, покрытые пленочной оболочкой",15 мг,
Доксиламин Реневал,Доксиламин,"таблетки, покрытые пленочной оболочкой",15 мг,
Доксиламин-ФОРП,Доксиламин,"таблетки, покрытые пленочной оболочкой",15 мг,
Доксиламин,Доксиламин,"таблетки, покрытые пленочной оболочкой",15 мг,
Доксиламин,Доксиламин,"таблетки, покрытые пленочной оболочкой",15 мг,
Реслип®,Доксиламин,"таблетки, покрытые пленочной оболочкой",15 мг,
Дофамин-Бинергия,Допамин,концентрат для приготовления раствора для инфузий,"5 мг/мл, 10 мг/мл, 20 мг/мл, 40 мг/мл",
Допамин,Допамин,концентрат для приготовления раствора для инфузий,"5 мг/мл, 40 мг/мл",
Допамин,Допамин,концентрат для приготовления раствора для инфузий,"5 мг/мл, 10 мг/мл, 20 мг/мл, 40 мг/мл",
Дофамин,Допамин,концентрат для приготовления раствора для инфузий,"5 мг/мл, 10 мг/мл, 20 мг/мл, 40 мг/мл",
Дофамин-Ферейн®,Допамин,концентрат для приготовления раствора для инфузий,"5 мг/мл, 40 мг/мл",
Дорзопрост,Дорзоламид+Латанопрост,капли глазные,20 мг/мл+0.05 мг/мл,
Ладорзик-оптик,Дорзоламид+Латанопрост,капли глазные,20 мг/мл+0.05 мг/мл,
Дорзопт Плюс,Дорзоламид+Тимолол,капли глазные,20 мг/мл+5 мг/мл,
Косопт,Дорзоламид+Тимолол,капли глазные,20 мг+5 мг/мл,
ДОМИЗИА ДУО®,Дорзоламид+Тимолол,капли глазные,20 мг+5 мг/мл,
Дорзоламид-Тимолол,Дорзоламид+Тимолол,капли глазные,20 мг+5 мг/мл,
ОФТОДОРТИМ,Дорзоламид+Тимолол,капли глазные,20 мг+5 мг/мл,
ДОРЗОККО-СЗ,Дорзоламид+Тимолол,капли глазные,20 мг+5 мг/мл,
Дорзотимол®,Дорзоламид+Тимолол,капли глазные,20 мг/мл+5 мг/мл,
Дортис,Дорзоламид+Тимолол,капли глазные,20 мг/мл+5 мг/мл,
Глауламид,Дорзоламид+Тимолол,капли глазные,20 мг+5 мг/мл,
Золасан Т,Дорзоламид+Тимолол,капли глазные,2%+0.5%,
Дорзиал плюс,Дорзоламид+Тимолол,капли глазные,20 мг/мл+5 мг/мл,
СПАЗМАЛГОН® ЭФФЕКТ,Дротаверин+Кофеин+Напроксен+Парацетамол+Фенирамин,"таблетки, покрытые пленочной оболочкой",,
Пенталгин,Дротаверин+Кофеин+Напроксен+Парацетамол+Фенирамин,"таблетки, покрытые пленочной оболочкой",,
Уролесан,Душицы обыкновенной травы экстракт+Клещевины обыкновенной семян масло+Моркови дикой семян экстракт+Мяты перечной листьев масло+Пихты масло+Хмеля соплодий экстракт,капли для приема внутрь,,
Урохол®,Душицы обыкновенной травы экстракт+Клещевины обыкновенной семян масло+Моркови дикой семян экстракт+Мяты перечной листьев масло+Пихты масло+Хмеля соплодий экстракт,капли для приема внутрь,,
Сорбифер Дурулес,Железа сульфат+[Аскорбиновая кислота],"таблетки с пролонгированным высвобождением, покрытые пленочной оболочкой",320 мг+60 мг,
Аскобайрон,Железа сульфат+[Аскорбиновая кислота],"таблетки с пролонгированным высвобождением, покрытые пленочной оболочкой",320 мг+60 мг,
КосмоФер,Железа [III] гидроксид декстран,раствор для внутривенного и внутримышечного введения,50 мг/мл,
ЖЕЛЕЗА [III] ГИДРОКСИД ДЕКСТРАН,Железа [III] гидроксид декстран,раствор для внутривенного и внутримышечного введения,50 мг/мл,
Холензим,Желчь+Порошок из pancreas и слизистой тонкой кишки,"таблетки, покрытые оболочкой",,
Холензим,Желчь+Порошок из pancreas и слизистой тонкой кишки,"таблетки, покрытые оболочкой",,
Женьшеня настойка,Женьшеня настоящего корней настойка,настойка,,
Женьшеня настойка,Женьшеня настоящего корней настойка,настойка,,
Женьшеня настойка,Женьшеня настоящего корней настойка,настойка,,
Женьшеня настойка,Женьшеня настоящего корней настойка,настойка,,
Женьшеня настойка,Женьшеня настоящего корней настойка,настойка,,
Женьшеня настойка,Женьшеня настоящего корней настойка,настойка,,
Женьшеня настойка,Женьшеня настоящего корней настойка,настойка,,
Женьшеня настойка,Женьшеня настоящего корней настойка,настойка,,
Женьшеня настойка,Женьшеня настоящего корней настойка,настойка,,
Женьшеня настойка,Женьшеня настоящего корней настойка,настойка,,
Женьшеня настойка,Женьшеня настоящего корней настойка,настойка,,
Женьшеня настойка,Женьшеня настоящего корней настойка,настойка,,
Женьшеня настойка,Женьшеня настоящего корней настойка,настойка,,
Женьшеня настойка,Женьшеня настоящего корней настойка,настойка,,
Женьшеня настойка,Женьшеня настоящего корней настойка,настойка,,
Интралипид,Жировые эмульсии для парентерального питания,эмульсия для инфузий,0.2,
СМОФлипид,Жировые эмульсии для парентерального питания,эмульсия для инфузий,0.2,
ИСТлипид,Жировые эмульсии для парентерального питания,эмульсия для инфузий,0.2,
Липоплюс 20,Жировые эмульсии для парентерального питания,эмульсия для инфузий,0.2,
Липофундин МСТ/ЛСТ 20%,Жировые эмульсии для парентерального питания,эмульсия для инфузий,0.2,
Простанорм,Зверобоя продырявленного трава+Золотарника канадского трава+Солодки корни+Эхинацеи пурпурной корневища с корнями,экстракт жидкий для приема внутрь,,
Простанорм,Зверобоя продырявленного трава+Золотарника канадского трава+Солодки корни+Эхинацеи пурпурной корневища с корнями,экстракт жидкий для приема внутрь,,
Простанорм,Зверобоя продырявленного трава+Золотарника канадского трава+Солодки корни+Эхинацеи пурпурной корневища с корнями,"таблетки, покрытые оболочкой",200 мг,
Канефрон Н,Золототысячника трава+Любистока лекарственного корни+Розмарина лекарственного листья,"таблетки, покрытые оболочкой",,
Фитофрон,Золототысячника трава+Любистока лекарственного корни+Розмарина лекарственного листья,"таблетки, покрытые оболочкой",,
Комбонефрон,Золототысячника трава+Любистока лекарственного корни+Розмарина лекарственного листья,"таблетки, покрытые пленочной оболочкой",,
Нефростен,Золототысячника трава+Любистока лекарственного корни+Розмарина лекарственного листья,"таблетки, покрытые пленочной оболочкой",,
Нефролок-Тева,Золототысячника трава+Любистока лекарственного корни+Розмарина лекарственного листья,капсулы,,
Фитофрон®,Золототысячника трава+Любистока лекарственного корни+Розмарина лекарственного листья,раствор для приема внутрь,,
Нефростен,Золототысячника трава+Любистока лекарственного корни+Розмарина лекарственного листья,раствор для приема внутрь,,
ГАМИФРОН,Золототысячника трава+Любистока лекарственного корни+Розмарина лекарственного листья,капли для приема внутрь,,
Канефрон Н,Золототысячника трава+Любистока лекарственного корни+Розмарина лекарственного листья,капли для приема внутрь,,
Клопиксол-акуфаз,Зуклопентиксол,"раствор для внутримышечного введения, [масляный]",50 мг/мл,
Зуклопентиксол,Зуклопентиксол,"раствор для внутримышечного введения, [масляный]",50 мг/мл,
Клопиксол депо,Зуклопентиксол,"раствор для внутримышечного введения, [масляный]",200 мг/мл,
Зуклопентиксол,Зуклопентиксол,"раствор для внутримышечного введения, [масляный]","200 мг/мл, 500 мг/мл",
Ибупрофен-ВЕРТЕКС,Ибупрофен,гель для наружного применения,0.05,
Нурофен Экспресс,Ибупрофен,гель для наружного применения,0.05,
Ибупрофен,Ибупрофен,гель для наружного применения,0.05,
Долгит,Ибупрофен,гель для наружного применения,0.05,
ИБУПРОФЕН,Ибупрофен,гель для наружного применения,0.05,
ФЕНАДЖИО,Ибупрофен,гель для наружного применения,0.05,
КОМБАЛГИН,Ибупрофен,гель для наружного применения,0.05,
Нурофактор,Ибупрофен,гель для наружного применения,0.05,
Ибупрофен Реневал,Ибупрофен,гель для наружного применения,50 мг/г,
Долгит,Ибупрофен,крем для наружного применения,0.05,
Ибупрофен,Ибупрофен,мазь для наружного применения,0.05,
ИбувенГен,Ибупрофен,концентрат для приготовления раствора для внутривенного введения,100 мг/мл,
Интрафен-ГЕН,Ибупрофен,концентрат для приготовления раствора для инфузий,100 мг/мл,
Новиган®,Ибупрофен+Питофенон+Фенпивериния бромид,"таблетки, покрытые пленочной оболочкой",400 мг+5 мг+0.1 мг,
СПАЗГАН НЕО,Ибупрофен+Питофенон+Фенпивериния бромид,"таблетки, покрытые пленочной оболочкой",400 мг+5 мг+0.1 мг,
Дип Рилиф,Ибупрофен+[Левоментол],гель для наружного применения,,
КОМБАЛГИН® АЙС,Ибупрофен+[Левоментол],гель для наружного применения,5% + 3%,
Долгитблок®,Ибупрофен+[Левоментол],гель для наружного применения,5% + 3%,
НУРОФАКТОР ПЛЮС,Ибупрофен+[Левоментол],гель для наружного применения,5% + 3%,
Инфорин Актив,Ибупрофен+[Левоментол],гель для наружного применения,50 мг/г+30 мг/г,
НЕКСТ АКТИВГЕЛЬ,Ибупрофен+[Левоментол],гель для наружного применения,5% + 3%,
Изониазид,Изониазид,раствор для инъекций,0.1,
Изониазид,Изониазид,раствор для инъекций,100 мг/мл,
Изониазид-Ферейн,Изониазид,раствор для инъекций,100 мг/мл,
Динисорб,Изосорбида динитрат,концентрат для приготовления раствора для инфузий,1 мг/мл,
Изокет,Изосорбида динитрат,концентрат для приготовления раствора для инфузий,1 мг/мл,
Нитросорбид,Изосорбида динитрат,таблетки,10 мг,
Нитросорбид,Изосорбида динитрат,таблетки,10 мг,
Нитросорбид,Изосорбида динитрат,таблетки,10 мг,
Нитросорбид,Изосорбида динитрат,таблетки,10 мг,
Изокет®,Изосорбида динитрат,спрей дозированный,1.25 мг/доза,
Изакардин®,Изосорбида динитрат,спрей подъязычный дозированный,1.25 мг/доза,
Изофлуран,Изофлуран,жидкость для ингаляций,,
Аерран,Изофлуран,жидкость для ингаляций,,
Вартоцид,Имихимод,крем для наружного применения,0.05,
Кераворт,Имихимод,крем для наружного применения,0.05,
Иммуноглобулин антирабический из сыворотки крови человека,Иммуноглобулин антирабический,раствор для внутримышечного и подкожного введения,150 МЕ/мл,
Ребинолин,Иммуноглобулин антирабический,раствор для внутримышечного и подкожного введения,150 МЕ/мл,
Иммуноглобулин человека против клещевого энцефалита,Иммуноглобулин против клещевого энцефалита,раствор для внутримышечного введения,,
Иммуноглобулин человека против клещевого энцефалита,Иммуноглобулин против клещевого энцефалита,раствор для внутримышечного введения,,
Иммуноглобулин человека против клещевого энцефалита,Иммуноглобулин против клещевого энцефалита,раствор для внутримышечного введения,,
ИММУНОРО КЕДРИОН,Иммуноглобулин человека антирезус Rho[D],лиофилизат для приготовления раствора для внутримышечного введения,300 мкг (1500 МЕ),
Иммуноро Кедрион,Иммуноглобулин человека антирезус Rho[D],лиофилизат для приготовления раствора для внутримышечного введения,300 мкг,
ГиперРОУ С/Д,Иммуноглобулин человека антирезус Rho[D],раствор для внутримышечного введения,1500 МЕ,
Иммуноглобулин человека антирезус Rho (D),Иммуноглобулин человека антирезус Rho[D],раствор для внутримышечного введения,300 мкг/доза,
Иммуноглобулин Сигардис,Иммуноглобулин человека нормальный,раствор для инфузий,50 мг/мл,
Иммуноглобулин Сигардис МТ,Иммуноглобулин человека нормальный,раствор для инфузий,50 мг/мл,
Иммуноглобулин человека нормальный,Иммуноглобулин человека нормальный,раствор для внутримышечного введения,100 мг/мл,
Иммуноглобулин человека нормальный,Иммуноглобулин человека нормальный,раствор для внутримышечного введения,,
Иммуноглобулин человека нормальный,Иммуноглобулин человека нормальный,раствор для внутримышечного введения,,
Иммуноглобулин человека нормальный,Иммуноглобулин человека нормальный,раствор для внутримышечного введения,100 мг/мл,
Иммуноглобулин человека нормальный,Иммуноглобулин человека нормальный,раствор для внутримышечного введения,,
Иммуноглобулин человека нормальный,Иммуноглобулин человека нормальный,раствор для внутримышечного введения,100 мг/мл,
ПАНЗИГА®,Иммуноглобулин человека нормальный,раствор для инфузий,100 мг/мл,
Интратект,Иммуноглобулин человека нормальный,раствор для инфузий,50 мг/мл,
Октагам,Иммуноглобулин человека нормальный,раствор для инфузий,50 мг/мл,
Имбиоглобулин,Иммуноглобулин человека нормальный,раствор для инфузий,50 мг/мл,
Иммуновенин®,Иммуноглобулин человека нормальный,лиофилизат для приготовления раствора для инфузий,50 мг/мл,
Иммуноглобулин человека нормальный,Иммуноглобулин человека нормальный,раствор для инфузий,50 мг/мл,
Габриглобин (иммуноглобулин человека нормальный),Иммуноглобулин человека нормальный,лиофилизат для приготовления раствора для инфузий,,
Иммуноглобулиновый комплексный препарат (КИП),Иммуноглобулин человека нормальный [IgG+IgM+IgA],лиофилизат для приготовления раствора для приема внутрь,300 мг,
Иммуноглобулиновый комплексный препарат для энтерального применения (КИП),Иммуноглобулин человека нормальный [IgG+IgM+IgA],лиофилизат для приготовления раствора для приема внутрь,300 мг,
Иммуноглобулиновый комплексный препарат,Иммуноглобулин человека нормальный [IgG+IgM+IgA],лиофилизат для приготовления раствора для приема внутрь,300 мг,
Антигеп-Нео Иммуноглобулин человека против гепатита В хроматографически очищенный,Иммуноглобулин человека против гепатита B,раствор для инфузий,50 МЕ/мл,
Неогепатект,Иммуноглобулин человека против гепатита B,раствор для инфузий,50 МЕ/мл,
Иммуноглобулин человека антистафилококковый,Иммуноглобулин человека противостафилококковый,раствор для внутримышечного введения,100 МЕ,
Иммуноглобулин человека антистафилококковый,Иммуноглобулин человека противостафилококковый,раствор для внутримышечного введения,100 МЕ,
Иммуноглобулин человека антистафилококковый,Иммуноглобулин человека противостафилококковый,раствор для внутримышечного введения,100 МЕ,
Иммуноглобулин человека антистафилококковый,Иммуноглобулин человека противостафилококковый,раствор для внутримышечного введения,100 МЕ,
Иммуноглобулин человека антистафилококковый,Иммуноглобулин человека противостафилококковый,раствор для внутримышечного введения,100 МЕ,
Иммуноглобулин человека антистафилококковый,Иммуноглобулин человека противостафилококковый,раствор для внутримышечного введения,100 МЕ,
Иммуноглобулин человека противостолбнячный,Иммуноглобулин человека противостолбнячный,раствор для внутримышечного введения,250 МЕ,
Иммуноглобулин противостолбнячный из сыворотки крови человека,Иммуноглобулин человека противостолбнячный,раствор для внутримышечного введения,100 МЕ/мл,
Онбрез® Бризхалер®,Индакатерол,капсулы с порошком для ингаляций,"150 мкг, 300 мкг",
Респитрол,Индакатерол,капсулы с порошком для ингаляций,"150 мкг, 300 мкг",
Индометацин ДС,Индометацин,мазь для наружного применения,0.1,
Индометацин,Индометацин,мазь для наружного применения,0.1,
Индометацин,Индометацин,мазь для наружного применения,100 мг/г,
ИНДОМЕТАЦИН,Индометацин,мазь для наружного применения,0.1,
ИНДОМЕТАЦИН,Индометацин,мазь для наружного применения,0.1,
Индометацин,Индометацин,мазь для наружного применения,0.1,
Индометацин,Индометацин,мазь для наружного применения,0.1,
Индометацин Софарма,Индометацин,мазь для наружного применения,0.1,
Индометацин-Акри,Индометацин,мазь для наружного применения,0.1,
Индоколлир,Индометацин,капли глазные,0.1%,
ИНДОФТАЛЬМИК,Индометацин,капли глазные,1 мг/мл,
Индовазин,Индометацин+Троксерутин,гель для наружного применения,,
Троксиметацин,Индометацин+Троксерутин,гель для наружного применения,,
Дозинва,Индометацин+Троксерутин,гель для наружного применения,,
ИНДОРУТИН,Индометацин+Троксерутин,гель для наружного применения,,
Вердай,Индоцианин зеленый,лиофилизат для приготовления раствора для внутривенного введения,"25 мг, 50 мг",
Индоцианин зеленый,Индоцианин зеленый,лиофилизат для приготовления раствора для внутривенного введения,25 мг,
Рибоксин-Ферейн,Инозин,раствор для внутривенного введения,20 мг/мл,
Инозин-Эском,Инозин,раствор для внутривенного введения,20 мг/мл,
Рибоксин буфус,Инозин,раствор для внутривенного введения,20 мг/мл,
Инозие-Ф,Инозин,раствор для внутривенного введения,20 мг/мл,
Рибоксин,Инозин,раствор для внутривенного введения,20 мг/мл,
Рибоксин,Инозин,раствор для внутривенного введения,20 мг/мл,
Рибоксин,Инозин,раствор для внутривенного введения,20 мг/мл,
Рибоксин,Инозин,раствор для внутривенного введения,20 мг/мл,
Рибоксин,Инозин,раствор для внутривенного введения,20 мг/мл,
Рибоксин-Виал,Инозин,раствор для внутривенного введения,20 мг/мл,
Рибоксин,Инозин,раствор для внутривенного введения,20 мг/мл,
Рибоксин,Инозин,раствор для внутривенного введения,20 мг/мл,
Рибоксин,Инозин,раствор для внутривенного введения,20 мг/мл,
Рибоксин,Инозин,раствор для внутривенного введения,20 мг/мл,
Рибоксин,Инозин,раствор для внутривенного введения,20 мг/мл,
Рибоксин,Инозин,раствор для внутривенного введения,20 мг/мл,
Гроприносин,Инозин пранобекс,таблетки,500 мг,
Ипрабекс®,Инозин пранобекс,таблетки,500 мг,
Инибизин,Инозин пранобекс,таблетки,500 мг,
Инозин пранобекс,Инозин пранобекс,таблетки,500 мг,
Нормомед,Инозин пранобекс,сироп,50 мг/мл,
Гроприносин®-Рихтер,Инозин пранобекс,сироп,50 мг/мл,
ИПРАБЕКС®,Инозин пранобекс,сироп,50 мг/мл,
Изопринозин,Инозин пранобекс,сироп,50 мг/мл,
Интерферон-Офтальмо,Интерферон альфа-2b+Дифенгидрамин,капли глазные,10000 МЕ/мл+1 мг/мл,
Офтальмоферон,Интерферон альфа-2b+Дифенгидрамин,капли глазные,10000 МЕ/мл+1 мг/мл,
Снуп® Экстра,Ипратропия бромид+Ксилометазолин,спрей назальный дозированный,84 мкг/доза+70 мкг/доза,
Риномарис® Интенсив,Ипратропия бромид+Ксилометазолин,спрей назальный дозированный,84 мкг/доза+70 мкг/доза,
Отривин Комплекс,Ипратропия бромид+Ксилометазолин,спрей назальный дозированный,84 мкг/доза+70 мкг/доза,
Ихтиол,Ихтаммол,мазь для наружного применения,"10%, 20%",
Ихтиол,Ихтаммол,мазь для наружного применения,"10%, 20%",
Ихтиол,Ихтаммол,мазь для наружного применения,"10%, 20%",
Ихтиол,Ихтаммол,мазь для наружного применения,"10%, 20%",
Ихтиол,Ихтаммол,мазь для наружного применения,200 мг/г,
Ихтиол Реневал,Ихтаммол,мазь для наружного применения,"100 мг/г, 200 мг/г",
Ихтиол,Ихтаммол,мазь для наружного применения,"10%, 20%",
Ихтиоловая мазь,Ихтаммол,мазь для наружного применения,"10%, 20%",
Ихтиоловая мазь,Ихтаммол,мазь для наружного применения,"10%, 20%",
Ихтиол,Ихтаммол,суппозитории ректальные,200 мг,
Ихтиол,Ихтаммол,суппозитории ректальные,200 мг,
Ихтиол,Ихтаммол,суппозитории ректальные,200 мг,
ИХТИОЛ,Ихтаммол,суппозитории ректальные,200 мг,
Люголь,Йод+[Калия йодид+Глицерол],раствор для местного применения,,
Люголя раствор с глицерином,Йод+[Калия йодид+Глицерол],раствор для местного применения,,
Люголя раствор с глицерином,Йод+[Калия йодид+Глицерол],раствор для местного применения,,
Люголя раствор с глицерином,Йод+[Калия йодид+Глицерол],раствор для местного применения,,
Люголь,Йод+[Калия йодид+Глицерол],раствор для местного применения,0.01,
Люголь,Йод+[Калия йодид+Глицерол],раствор для местного применения,,
Люголь,Йод+[Калия йодид+Глицерол],раствор для местного применения,0.01,
Люголь,Йод+[Калия йодид+Глицерол],раствор для местного применения,0.01,
Люголя раствор с глицерином,Йод+[Калия йодид+Глицерол],раствор для местного применения,,
Люголя раствор с глицерином,Йод+[Калия йодид+Глицерол],раствор для местного применения,,
Люголя раствор с глицерином,Йод+[Калия йодид+Глицерол],раствор для местного применения,,
Люголя раствор с глицерином,Йод+[Калия йодид+Глицерол],раствор для местного применения,,
ЛЮГОЛЯ РАСТВОР С ГЛИЦЕРИНОМ,Йод+[Калия йодид+Глицерол],раствор для местного применения,,
Люголя раствор с глицерином,Йод+[Калия йодид+Глицерол],раствор для местного применения,,
Люголя раствор с глицерином,Йод+[Калия йодид+Глицерол],раствор для местного применения,,
Люголя раствор с глицерином,Йод+[Калия йодид+Глицерол],раствор для местного применения,,
Люголя раствор с глицерином,Йод+[Калия йодид+Глицерол],раствор для местного применения,,
Люголь,Йод+[Калия йодид+Глицерол],спрей для местного применения,12.5 мг/мл,
Люголь,Йод+[Калия йодид+Глицерол],спрей для местного применения,0.01,
Йодинол,Йод+[Калия йодид+Поливиниловый спирт],раствор для местного и наружного применения,,
Йодинол,Йод+[Калия йодид+Поливиниловый спирт],раствор для местного и наружного применения,,
Йодинол,Йод+[Калия йодид+Поливиниловый спирт],раствор для местного и наружного применения,,
ЙОДИНОЛСЕПТ,Йод+[Калия йодид+Поливиниловый спирт],раствор для местного и наружного применения,,
Йодинол,Йод+[Калия йодид+Поливиниловый спирт],раствор для местного и наружного применения,,
Йодинол,Йод+[Калия йодид+Поливиниловый спирт],раствор для местного и наружного применения,,
Йодинол,Йод+[Калия йодид+Поливиниловый спирт],раствор для местного и наружного применения,,
Йодинол,Йод+[Калия йодид+Поливиниловый спирт],раствор для местного и наружного применения,,
Йод,Йод+[Калия йодид+Этанол],раствор для наружного применения,0.02,
Йод,Йод+[Калия йодид+Этанол],раствор для наружного применения,0.02,
Йод,Йод+[Калия йодид+Этанол],раствор для наружного применения,0.05,
Йод,Йод+[Калия йодид+Этанол],раствор для наружного применения,0.05,
Йод,Йод+[Калия йодид+Этанол],раствор для наружного применения,0.05,
Йод,Йод+[Калия йодид+Этанол],раствор для наружного применения,0.05,
Йод,Йод+[Калия йодид+Этанол],раствор для наружного применения,0.05,
Йод,Йод+[Калия йодид+Этанол],раствор для наружного применения,0.05,
Йод,Йод+[Калия йодид+Этанол],раствор для наружного применения,0.05,
Йод,Йод+[Калия йодид+Этанол],раствор для наружного применения,0.05,
Йод,Йод+[Калия йодид+Этанол],раствор для наружного применения,0.05,
Йод,Йод+[Калия йодид+Этанол],раствор для наружного применения,0.05,
Йод,Йод+[Калия йодид+Этанол],раствор для наружного применения,0.05,
Йод,Йод+[Калия йодид+Этанол],раствор для наружного применения,0.05,
Йод,Йод+[Калия йодид+Этанол],раствор для наружного применения,0.05,
Йод,Йод+[Калия йодид+Этанол],раствор для наружного применения,0.05,
Йод,Йод+[Калия йодид+Этанол],раствор для наружного применения,0.05,
Йод,Йод+[Калия йодид+Этанол],раствор для наружного применения,0.05,
Йод,Йод+[Калия йодид+Этанол],раствор для наружного применения,0.05,
Йод,Йод+[Калия йодид+Этанол],раствор для наружного применения,0.05,
Йод,Йод+[Калия йодид+Этанол],раствор для наружного применения,0.05,
Йод,Йод+[Калия йодид+Этанол],раствор для наружного применения,0.05,
Йод,Йод+[Калия йодид+Этанол],раствор для наружного применения,0.05,
Йод,Йод+[Калия йодид+Этанол],раствор для наружного применения,0.05,
Йод,Йод+[Калия йодид+Этанол],раствор для наружного применения,0.05,
Календулы настойка,Календулы лекарственной цветков настойка,настойка,,
Календулы настойка,Календулы лекарственной цветков настойка,настойка,,
Календулы настойка,Календулы лекарственной цветков настойка,настойка,,
Календулы настойка,Календулы лекарственной цветков настойка,настойка,,
Календулы настойка,Календулы лекарственной цветков настойка,настойка,,
Календулы настойка,Календулы лекарственной цветков настойка,настойка,,
Календулы настойка,Календулы лекарственной цветков настойка,настойка,,
Календулы настойка,Календулы лекарственной цветков настойка,настойка,,
Календулы настойка,Календулы лекарственной цветков настойка,настойка,,
Календулы настойка,Календулы лекарственной цветков настойка,настойка,,
Календулы настойка,Календулы лекарственной цветков настойка,настойка,,
Календулы настойка,Календулы лекарственной цветков настойка,настойка,,
Календулы настойка,Календулы лекарственной цветков настойка,настойка,,
Календулы настойка,Календулы лекарственной цветков настойка,настойка,,
Календулы настойка,Календулы лекарственной цветков настойка,настойка,,
Календулы настойка,Календулы лекарственной цветков настойка,настойка,,
Календулы настойка Реневал,Календулы лекарственной цветков настойка,настойка,,
Календулы настойка,Календулы лекарственной цветков настойка,настойка,,
Календулы настойка,Календулы лекарственной цветков настойка,настойка,,
Календулы настойка,Календулы лекарственной цветков настойка,настойка,,
Календулы настойка,Календулы лекарственной цветков настойка,настойка,,
Календулы настойка,Календулы лекарственной цветков настойка,настойка,,
Календулы настойка,Календулы лекарственной цветков настойка,настойка,,
Календулы настойка,Календулы лекарственной цветков настойка,"настойка для приема внутрь, местного и наружного применения",,
Календулы настойка,Календулы лекарственной цветков настойка,"настойка для приема внутрь, местного и наружного применения",,
Календулы настойка Бэгриф,Календулы лекарственной цветков настойка,"настойка для приема внутрь, местного и наружного применения",,
Календулы настойка,Календулы лекарственной цветков настойка,"настойка для приема внутрь, местного и наружного применения",,
Ротокан,Календулы лекарственной цветков экстракт+Ромашки аптечной цветков экстракт+Тысячелистника обыкновенного травы экстракт,экстракт для приема внутрь и местного применения,,
Ротокан,Календулы лекарственной цветков экстракт+Ромашки аптечной цветков экстракт+Тысячелистника обыкновенного травы экстракт,экстракт для приема внутрь и местного применения,,
Ротокан,Календулы лекарственной цветков экстракт+Ромашки аптечной цветков экстракт+Тысячелистника обыкновенного травы экстракт,экстракт для приема внутрь и местного применения,,
Ротокан,Календулы лекарственной цветков экстракт+Ромашки аптечной цветков экстракт+Тысячелистника обыкновенного травы экстракт,экстракт для приема внутрь и местного применения,,
Ротокан Реневал,Календулы лекарственной цветков экстракт+Ромашки аптечной цветков экстракт+Тысячелистника обыкновенного травы экстракт,экстракт для приема внутрь и местного применения,,
Ротокан,Календулы лекарственной цветков экстракт+Ромашки аптечной цветков экстракт+Тысячелистника обыкновенного травы экстракт,экстракт для приема внутрь и местного применения,,
Ротокан,Календулы лекарственной цветков экстракт+Ромашки аптечной цветков экстракт+Тысячелистника обыкновенного травы экстракт,экстракт для приема внутрь и местного применения,,
Ротокан,Календулы лекарственной цветков экстракт+Ромашки аптечной цветков экстракт+Тысячелистника обыкновенного травы экстракт,экстракт для приема внутрь и местного применения,,
Ротокан,Календулы лекарственной цветков экстракт+Ромашки аптечной цветков экстракт+Тысячелистника обыкновенного травы экстракт,экстракт для приема внутрь и местного применения,,
Ротокан,Календулы лекарственной цветков экстракт+Ромашки аптечной цветков экстракт+Тысячелистника обыкновенного травы экстракт,экстракт для приема внутрь и местного применения,,
Ротокан,Календулы лекарственной цветков экстракт+Ромашки аптечной цветков экстракт+Тысячелистника обыкновенного травы экстракт,экстракт для приема внутрь и местного применения,,
Ротокан,Календулы лекарственной цветков экстракт+Ромашки аптечной цветков экстракт+Тысячелистника обыкновенного травы экстракт,экстракт для приема внутрь и местного применения,,
Ротокан,Календулы лекарственной цветков экстракт+Ромашки аптечной цветков экстракт+Тысячелистника обыкновенного травы экстракт,экстракт для приема внутрь и местного применения,,
Ротокан,Календулы лекарственной цветков экстракт+Ромашки аптечной цветков экстракт+Тысячелистника обыкновенного травы экстракт,экстракт для приема внутрь и местного применения,,
Ротокан,Календулы лекарственной цветков экстракт+Ромашки аптечной цветков экстракт+Тысячелистника обыкновенного травы экстракт,экстракт для приема внутрь и местного применения,,
Аспаркам-L,Калия аспарагинат+Магния аспарагинат,раствор для инфузий,11.59 мг/мл+7.88 мг/мл,
Калия и магния аспарагинат,Калия аспарагинат+Магния аспарагинат,раствор для инфузий,,
Калия и магния аспарагинат,Калия аспарагинат+Магния аспарагинат,раствор для инфузий,,
Аспаркам-L,Калия аспарагинат+Магния аспарагинат,раствор для внутривенного введения,45.2 мг/мл+40 мг/мл,
Панангин®,Калия аспарагинат+Магния аспарагинат,концентрат для приготовления раствора для инфузий,45.2 мг/мл+40 мг/мл,
АСПАРКАМ АВЕКСИМА,Калия аспарагинат+Магния аспарагинат,таблетки,175 мг+175 мг,
Аспаркам,Калия аспарагинат+Магния аспарагинат,таблетки,175 мг+175 мг,
Аспаркам,Калия аспарагинат+Магния аспарагинат,таблетки,175 мг+175 мг,
Аспаркам,Калия аспарагинат+Магния аспарагинат,таблетки,,
Аспаркам,Калия аспарагинат+Магния аспарагинат,таблетки,,
Аспаркам,Калия аспарагинат+Магния аспарагинат,таблетки,175 мг+175 мг,
Аспаркам Медисорб,Калия аспарагинат+Магния аспарагинат,таблетки,175 мг+175 мг,
Аспаркам,Калия аспарагинат+Магния аспарагинат,таблетки,,
Аспаркам,Калия аспарагинат+Магния аспарагинат,таблетки,,
Аспаркам,Калия аспарагинат+Магния аспарагинат,таблетки,,
Аспаркам-УБФ,Калия аспарагинат+Магния аспарагинат,таблетки,175 мг+175 мг,
Аспаркам,Калия аспарагинат+Магния аспарагинат,таблетки,175 мг+175 мг,
Ридовакан,Калия аспарагинат+Магния аспарагинат,таблетки,175 мг+175 мг,
Аспаркам,Калия аспарагинат+Магния аспарагинат,таблетки,,
Аспаркам,Калия аспарагинат+Магния аспарагинат,таблетки,,
Панангин,Калия аспарагинат+Магния аспарагинат,"таблетки, покрытые пленочной оболочкой",158 мг+140 мг,
Панангин® Форте,Калия аспарагинат+Магния аспарагинат,"таблетки, покрытые пленочной оболочкой",316 мг+280 мг,
Панаспар,Калия аспарагинат+Магния аспарагинат,"таблетки, покрытые пленочной оболочкой",316 мг+280 мг,
Калия перманганат,Калия перманганат,порошок для приготовления раствора для местного и наружного применения,"15 г, 3 г, 5 г",
Калия перманганат,Калия перманганат,порошок для приготовления раствора для местного и наружного применения,,
Калия перманганат,Калия перманганат,порошок для приготовления раствора для местного и наружного применения,,
Калия перманганат,Калия перманганат,порошок для приготовления раствора для местного и наружного применения,,
Калия перманганат,Калия перманганат,порошок для приготовления раствора для местного и наружного применения,,
Калия перманганат Реневал,Калия перманганат,порошок для приготовления раствора для местного и наружного применения,,
Калия хлорид,Калия хлорид,концентрат для приготовления раствора для инфузий,40 мг/мл,
Калия хлорид Велфарм,Калия хлорид,концентрат для приготовления раствора для инфузий,40 мг/мл,
Калия хлорид,Калия хлорид,концентрат для приготовления раствора для инфузий,40 мг/мл,
Калия хлорид,Калия хлорид,концентрат для приготовления раствора для инфузий,"30 мг/мл, 40 мг/мл, 75 мг/мл, 150 мг/мл",
Калия хлорид,Калия хлорид,концентрат для приготовления раствора для инфузий,40 мг/мл,
Калия хлорид,Калия хлорид,концентрат для приготовления раствора для инфузий,"40 мг/мл, 75 мг/мл",
Калия хлорид буфус®,Калия хлорид,концентрат для приготовления раствора для инфузий,40 мг/мл,
Калия хлорид,Калия хлорид,концентрат для приготовления раствора для инфузий,40 мг/мл,
Калия хлорид,Калия хлорид,концентрат для приготовления раствора для инфузий,40 мг/мл,
Квинтасоль,Калия хлорид+Кальция хлорид+Магния хлорид+Натрия ацетат+Натрия хлорид,раствор для инфузий,,
Рингера-ацетат,Калия хлорид+Кальция хлорид+Магния хлорид+Натрия ацетат+Натрия хлорид,раствор для инфузий,,
Рингера-ацетат,Калия хлорид+Кальция хлорид+Магния хлорид+Натрия ацетат+Натрия хлорид,раствор для инфузий,,
Стерофундин изотонический,Калия хлорид+Кальция хлорид+Магния хлорид+Натрия ацетат+Натрия хлорид+Яблочная кислота,раствор для инфузий,,
Фриостерин,Калия хлорид+Кальция хлорид+Магния хлорид+Натрия ацетат+Натрия хлорид+Яблочная кислота,раствор для инфузий,,
Гексафундин,Калия хлорид+Кальция хлорид+Магния хлорид+Натрия ацетат+Натрия хлорид+Яблочная кислота,раствор для инфузий,,
ПЛАЗМАФУЗОЛ,Калия хлорид+Кальция хлорид+Магния хлорид+Натрия ацетат+Натрия хлорид+Яблочная кислота,раствор для инфузий,,
L-Малат изотонический,Калия хлорид+Кальция хлорид+Магния хлорид+Натрия ацетат+Натрия хлорид+Яблочная кислота,раствор для инфузий,,
Красгемодез 8000,Калия хлорид+Кальция хлорид+Магния хлорид+Натрия гидрокарбонат+Натрия хлорид+Повидон-8 тыс.,раствор для инфузий,,
Гемодез-Н,Калия хлорид+Кальция хлорид+Магния хлорид+Натрия гидрокарбонат+Натрия хлорид+Повидон-8 тыс.,раствор для инфузий,,
Гемодез-Н,Калия хлорид+Кальция хлорид+Магния хлорид+Натрия гидрокарбонат+Натрия хлорид+Повидон-8 тыс.,раствор для инфузий,,
Гемодез-8000,Калия хлорид+Кальция хлорид+Магния хлорид+Натрия гидрокарбонат+Натрия хлорид+Повидон-8 тыс.,раствор для инфузий,,
Неогемодез,Калия хлорид+Кальция хлорид+Магния хлорид+Натрия гидрокарбонат+Натрия хлорид+Повидон-8 тыс.,раствор для инфузий,,
Гемодез-Н,Калия хлорид+Кальция хлорид+Магния хлорид+Натрия гидрокарбонат+Натрия хлорид+Повидон-8 тыс.,раствор для инфузий,,
Гемодез-Н,Калия хлорид+Кальция хлорид+Магния хлорид+Натрия гидрокарбонат+Натрия хлорид+Повидон-8 тыс.,раствор для инфузий,,
Гемодез-Н,Калия хлорид+Кальция хлорид+Магния хлорид+Натрия гидрокарбонат+Натрия хлорид+Повидон-8 тыс.,раствор для инфузий,,
Гемодез-Н,Калия хлорид+Кальция хлорид+Магния хлорид+Натрия гидрокарбонат+Натрия хлорид+Повидон-8 тыс.,раствор для инфузий,,
Гемодез-Н,Калия хлорид+Кальция хлорид+Магния хлорид+Натрия гидрокарбонат+Натрия хлорид+Повидон-8 тыс.,раствор для инфузий,,
Сорбилакт,Калия хлорид+Кальция хлорид+Магния хлорид+Натрия лактат+Натрия хлорид+Сорбитол,раствор для инфузий,,
ИоноСорб,Калия хлорид+Кальция хлорид+Магния хлорид+Натрия лактат+Натрия хлорид+Сорбитол,раствор для инфузий,"6%, 20%",
Реосорбилакт,Калия хлорид+Кальция хлорид+Магния хлорид+Натрия лактат+Натрия хлорид+Сорбитол,раствор для инфузий,,
ИоноСорб,Калия хлорид+Кальция хлорид+Магния хлорид+Натрия лактат+Натрия хлорид+Сорбитол,раствор для инфузий,"6%, 20%",
Плазма-Лит 148 водный раствор,Калия хлорид+Магния хлорид+Натрия ацетат+Натрия глюконат+Натрия хлорид,раствор для инфузий,,
Ионоплазм,Калия хлорид+Магния хлорид+Натрия ацетат+Натрия глюконат+Натрия хлорид,раствор для инфузий,,
Натрия фумарат сложный,Калия хлорид+Магния хлорид+Натрия хлорид+Натрия фумарат,раствор для инфузий,,
Мафусол,Калия хлорид+Магния хлорид+Натрия хлорид+Натрия фумарат,раствор для инфузий,,
Мафусол,Калия хлорид+Магния хлорид+Натрия хлорид+Натрия фумарат,раствор для инфузий,,
Ацесоль,Калия хлорид+Натрия ацетат+Натрия хлорид,раствор для инфузий,,
Ацесоль,Калия хлорид+Натрия ацетат+Натрия хлорид,раствор для инфузий,,
Ацесоль,Калия хлорид+Натрия ацетат+Натрия хлорид,раствор для инфузий,,
Ацесоль,Калия хлорид+Натрия ацетат+Натрия хлорид,раствор для инфузий,,
Ацесоль,Калия хлорид+Натрия ацетат+Натрия хлорид,раствор для инфузий,,
Ацесоль,Калия хлорид+Натрия ацетат+Натрия хлорид,раствор для инфузий,,
Ацесоль,Калия хлорид+Натрия ацетат+Натрия хлорид,раствор для инфузий,,
Ацесоль,Калия хлорид+Натрия ацетат+Натрия хлорид,раствор для инфузий,,
Ацесоль,Калия хлорид+Натрия ацетат+Натрия хлорид,раствор для инфузий,,
Хесол-СОЛОфарм,Калия хлорид+Натрия ацетат+Натрия хлорид,раствор для инфузий,,
Хлосоль,Калия хлорид+Натрия ацетат+Натрия хлорид,раствор для инфузий,,
Хлосоль,Калия хлорид+Натрия ацетат+Натрия хлорид,раствор для инфузий,,
Трисоль,Калия хлорид+Натрия гидрокарбонат+Натрия хлорид,раствор для инфузий,,
Трисоль,Калия хлорид+Натрия гидрокарбонат+Натрия хлорид,раствор для инфузий,,
Трисоль,Калия хлорид+Натрия гидрокарбонат+Натрия хлорид,раствор для инфузий,,
Трисоль,Калия хлорид+Натрия гидрокарбонат+Натрия хлорид,раствор для инфузий,,
Трисоль,Калия хлорид+Натрия гидрокарбонат+Натрия хлорид,раствор для инфузий,,
Дайвонекс®,Кальципотриол,мазь для наружного применения,0.005%,
ДЕЙВОДЕРМ,Кальципотриол,мазь для наружного применения,0.005%,
Кальция глюконат,Кальция глюконат,таблетки,500 мг,
Кальция глюконат,Кальция глюконат,таблетки,500 мг,
Кальция глюконат,Кальция глюконат,таблетки,500 мг,
Кальция глюконат Велфарм,Кальция глюконат,таблетки,500 мг,
Кальция глюконат Реневал,Кальция глюконат,таблетки,500 мг,
Кальция глюконат,Кальция глюконат,таблетки,500 мг,
Кальция глюконат-ЛекТ,Кальция глюконат,таблетки,500 мг,
Кальция глюконат,Кальция глюконат,таблетки,500 мг,
КАЛЬЦИЯ ГЛЮКОНАТ,Кальция глюконат,раствор для внутривенного и внутримышечного введения,100 мг/мл,
Кальция глюконат-СОЛОфарм,Кальция глюконат,раствор для внутривенного и внутримышечного введения,100 мг/мл,
Кальция глюконат стабилизированный,Кальция глюконат,раствор для внутривенного и внутримышечного введения,100 мг/мл,
Кальция глюконат,Кальция глюконат,раствор для внутривенного и внутримышечного введения,100 мг/мл,
Кальция глюконат,Кальция глюконат,раствор для внутривенного и внутримышечного введения,100 мг/мл,
Кальция глюконат-Виал,Кальция глюконат,раствор для внутривенного и внутримышечного введения,100 мг/мл,
Кальция глюконат,Кальция глюконат,раствор для внутривенного и внутримышечного введения,100 мг/мл,
Кальция глюконат,Кальция глюконат,раствор для внутривенного и внутримышечного введения,100 мг/мл,
Кальция глюконат,Кальция глюконат,раствор для внутривенного и внутримышечного введения,100 мг/мл,
Кальция глюконат,Кальция глюконат,раствор для внутривенного и внутримышечного введения,100 мг/мл,
Натекаль Д3,Кальция карбонат+Колекальциферол,таблетки для рассасывания,600 мг+400 МЕ,
Натекаль Д3,Кальция карбонат+Колекальциферол,таблетки жевательные,600 мг+400 МЕ,
Кальций Д3,Кальция карбонат+Колекальциферол,таблетки жевательные,500 мг+200 МЕ,
Кальций-Д3,Кальция карбонат+Колекальциферол,таблетки жевательные,500 мг+200 МЕ,
Юнивит® Кальций Д3 Форте,Кальция карбонат+Колекальциферол,таблетки жевательные,500 мг+400 МЕ,
Кальций-Д3 Никомед форте,Кальция карбонат+Колекальциферол,таблетки жевательные,500 мг+400 МЕ,
Кальций Д3 КЛАССИК,Кальция карбонат+Колекальциферол,таблетки жевательные,"500 мг+200 МЕ, 500 мг+400 МЕ",
Юнивит® Кальций Д3,Кальция карбонат+Колекальциферол,таблетки жевательные,500 мг+200 МЕ,
Кальций-Д3 Никомед,Кальция карбонат+Колекальциферол,таблетки жевательные,500 мг+200 МЕ,
Ренни,Кальция карбонат+Магния карбонат,таблетки жевательные,680 мг+80 мг,
Ренни,Кальция карбонат+Магния карбонат,таблетки жевательные,680 мг+80 мг,
Ренни,Кальция карбонат+Магния карбонат,таблетки жевательные,680 мг+80 мг,
Гастрасан Экспресс,Кальция карбонат+Магния карбонат,таблетки жевательные,680 мг+80 мг,
Изжогофф,Кальция карбонат+Магния карбонат,таблетки жевательные,680 мг+80 мг,
Гаттарт,Кальция карбонат+Магния карбонат,таблетки жевательные,680 мг+80 мг,
Рамни,Кальция карбонат+Магния карбонат,таблетки жевательные,680 мг+80 мг,
Гасит,Кальция карбонат+Магния карбонат,таблетки жевательные,680 мг+80 мг,
Эннира,Кальция карбонат+Магния карбонат,таблетки жевательные,680 мг+80 мг,
Кальция карбонат + Магния карбонат,Кальция карбонат+Магния карбонат,таблетки жевательные,680 мг+80 мг,
Кальция фолинат,Кальция фолинат,раствор для внутривенного и внутримышечного введения,10 мг/мл,
Кальция Фолинат-Лекфарм,Кальция фолинат,раствор для внутривенного и внутримышечного введения,10 мг/мл,
Лейковорин,Кальция фолинат,раствор для внутривенного и внутримышечного введения,"5 мг/мл, 10 мг/мл",
Кальция фолинат ПСК,Кальция фолинат,раствор для внутривенного и внутримышечного введения,"5 мг/мл, 10 мг/мл",
Лейковорин-ЛЭНС®,Кальция фолинат,раствор для внутривенного и внутримышечного введения,"5 мг/мл, 10 мг/мл",
КАЛЬЦИЯ ФОЛИНАТ,Кальция фолинат,раствор для внутривенного и внутримышечного введения,"5 мг/мл, 10 мг/мл",
Кальция фолинат,Кальция фолинат,раствор для внутривенного и внутримышечного введения,"5 мг/мл, 10 мг/мл",
Лейковорин-ЛЭНС®,Кальция фолинат,лиофилизат для приготовления раствора для внутривенного и внутримышечного введения,"25 мг, 50 мг",
Кальция Фолинат-Простор,Кальция фолинат,лиофилизат для приготовления раствора для внутривенного и внутримышечного введения,"25 мг, 50 мг",
Кальция фолинат-ВИАЛ,Кальция фолинат,лиофилизат для приготовления раствора для внутривенного и внутримышечного введения,50 мг,
Кальция фолинат,Кальция фолинат,лиофилизат для приготовления раствора для внутривенного и внутримышечного введения,"25 мг, 50 мг",
Кальция хлорид,Кальция хлорид,раствор для внутривенного введения,100 мг/мл,
Кальция хлорид,Кальция хлорид,раствор для внутривенного введения,100 мг/мл,
Кальция хлорид,Кальция хлорид,раствор для внутривенного введения,100 мг/мл,
Кальция хлорид,Кальция хлорид,раствор для внутривенного введения,100 мг/мл,
Кальция хлорид,Кальция хлорид,раствор для внутривенного введения,100 мг/мл,
Кальция хлорид,Кальция хлорид,раствор для внутривенного введения,100 мг/мл,
Кальция хлорид,Кальция хлорид,раствор для внутривенного введения,100 мг/мл,
Камфора,Камфора,мазь для наружного применения,0.1,
Камфорная мазь,Камфора,мазь для наружного применения,0.1,
Камфорная мазь,Камфора,мазь для наружного применения,0.1,
Камфорное масло,Камфора,"раствор для наружного применения, [масляный]",0.1,
Камфорное масло,Камфора,"раствор для наружного применения, [масляный]",0.1,
Камфорное масло,Камфора,"раствор для наружного применения, [масляный]",0.1,
Камфорное масло,Камфора,"раствор для наружного применения, [масляный]",0.1,
Камфорное масло,Камфора,"раствор для наружного применения, [масляный]",0.1,
Камфорное масло,Камфора,"раствор для наружного применения, [масляный]",0.1,
Камфорное масло,Камфора,"раствор для наружного применения, [масляный]",0.1,
Камфорное масло,Камфора,"раствор для наружного применения, [масляный]",0.1,
Камфорное масло,Камфора,"раствор для наружного применения, [масляный]",0.1,
Камфорное масло,Камфора,"раствор для наружного применения, [масляный]",0.1,
Камфорное масло,Камфора,"раствор для наружного применения, [масляный]",0.1,
Масло камфорное,Камфора,"раствор для наружного применения, [масляный]",0.1,
Камфорный спирт,Камфора,"раствор для наружного применения, [спиртовой]","2%, 10%",
Камфорный спирт,Камфора,"раствор для наружного применения, [спиртовой]",0.1,
Камфорный спирт,Камфора,"раствор для наружного применения, [спиртовой]",0.1,
Камфорный спирт,Камфора,"раствор для наружного применения, [спиртовой]",0.02,
Камфорный спирт,Камфора,"раствор для наружного применения, [спиртовой]",0.1,
Камфорный спирт,Камфора,"раствор для наружного применения, [спиртовой]","2%, 10%",
Камфорный спирт,Камфора,"раствор для наружного применения, [спиртовой]","2%, 10%",
Камфорный спирт,Камфора,"раствор для наружного применения, [спиртовой]","2%, 10%",
Камфорный спирт,Камфора,"раствор для наружного применения, [спиртовой]",0.1,
Камфорный спирт,Камфора,"раствор для наружного применения, [спиртовой]","2%, 10%",
Камфорный спирт,Камфора,"раствор для наружного применения, [спиртовой]",0.1,
Камфорный спирт,Камфора,"раствор для наружного применения, [спиртовой]",0.1,
Камфорный спирт,Камфора,"раствор для наружного применения, [спиртовой]",0.1,
Камфорный спирт,Камфора,"раствор для наружного применения, [спиртовой]","2%, 10%",
Камфорный спирт,Камфора,"раствор для наружного применения, [спиртовой]",0.1,
Камфорный спирт,Камфора,"раствор для наружного применения, [спиртовой]",0.1,
Камфорный спирт,Камфора,"раствор для наружного применения, [спиртовой]","2%, 10%",
Камфорный спирт,Камфора,"раствор для наружного применения, [спиртовой]","2%, 10%",
Камфорный спирт,Камфора,"раствор для наружного применения, [спиртовой]","2%, 10%",
Камфорный спирт,Камфора,"раствор для наружного применения, [спиртовой]",0.1,
Камфорный спирт Реневал,Камфора,"раствор для наружного применения, [спиртовой]","20 мг/мл, 100 мг/мл",
Камфорный спирт,Камфора,"раствор для наружного применения, [спиртовой]",0.1,
ЭВАМЕНОЛ® АКТИВ,Камфора+Левоментол+Эвкалипта листьев масло,мазь для наружного применения,,
Гэвкамен,Камфора+Левоментол+Эвкалипта листьев масло,мазь для наружного применения,,
Гэвкамен,Камфора+Левоментол+Эвкалипта листьев масло,мазь для наружного применения,,
Гэвкамен,Камфора+Левоментол+Эвкалипта листьев масло,мазь для наружного применения,,
Гэвкамен,Камфора+Левоментол+Эвкалипта листьев масло,мазь для наружного применения,,
Гэвкамен,Камфора+Левоментол+Эвкалипта листьев масло,мазь для наружного применения,,
Гэвкамен,Камфора+Левоментол+Эвкалипта листьев масло,мазь для наружного применения,,
Алвипсал,Камфора+Салициловая кислота+Скипидар живичный+Яд гадюки,мазь для наружного применения,,
Салвисар,Камфора+Салициловая кислота+Скипидар живичный+Яд гадюки,мазь для наружного применения,,
Випросал В,Камфора+Салициловая кислота+Скипидар живичный+Яд гадюки,мазь для наружного применения,,
Каметон,Камфора+Хлоробутанол+Эвкалипта прутовидного листьев масло+[Левоментол],аэрозоль для местного применения,,
Каметон,Камфора+Хлоробутанол+Эвкалипта прутовидного листьев масло+[Левоментол],аэрозоль для местного применения,,
Каметон,Камфора+Хлоробутанол+Эвкалипта прутовидного листьев масло+[Левоментол],аэрозоль для местного применения,,
Каметон,Камфора+Хлоробутанол+Эвкалипта прутовидного листьев масло+[Левоментол],аэрозоль для местного применения,,
Каметон,Камфора+Хлоробутанол+Эвкалипта прутовидного листьев масло+[Левоментол],спрей для местного применения,,
Каметон,Камфора+Хлоробутанол+Эвкалипта прутовидного листьев масло+[Левоментол],спрей для местного применения,,
Каметон,Камфора+Хлоробутанол+Эвкалипта прутовидного листьев масло+[Левоментол],спрей для местного применения,10 мг/г+10 мг/г+10 мг/г+10 мг/г,
Каметон,Камфора+Хлоробутанол+Эвкалипта прутовидного листьев масло+[Левоментол],спрей для местного применения,,
Канамицин,Канамицин,порошок для приготовления раствора для внутримышечного введения,1 г,
Канамицин,Канамицин,порошок для приготовления раствора для внутримышечного введения,"0.5 г, 1 г",
Видисик,Карбомер,гель глазной,0.2%,
Офтагель®,Карбомер,гель глазной,2.5 мг/г,
Карнитина хлорид,Карнитин,концентрат для приготовления раствора для инфузий,100 мг/мл,
Карнитин,Карнитин,концентрат для приготовления раствора для инфузий,100 мг/мл,
Ацидокетан,Кетоаналоги аминокислот,"таблетки, покрытые пленочной оболочкой",,
Кетанамицид,Кетоаналоги аминокислот,"таблетки, покрытые пленочной оболочкой",,
Кетостерил,Кетоаналоги аминокислот,"таблетки, покрытые пленочной оболочкой",,
Кетокислоты-Амедарт,Кетоаналоги аминокислот,"таблетки, покрытые пленочной оболочкой",,
Кетоаминол,Кетоаналоги аминокислот,"таблетки, покрытые пленочной оболочкой",,
Кетоаналоги аминокислот,Кетоаналоги аминокислот,"таблетки, покрытые пленочной оболочкой",,
Низорал,Кетоконазол,крем для наружного применения,0.02,
Микозорал,Кетоконазол,мазь для наружного применения,0.02,
Перхотал,Кетоконазол,мазь для наружного применения,0.02,
Себозол,Кетоконазол,мазь для наружного применения,0.02,
Себозол,Кетоконазол,линимент,0.02,
Кетоконазол,Кетоконазол,суппозитории вагинальные,400 мг,
КЕТОКОНАЗОЛ,Кетоконазол,суппозитории вагинальные,400 мг,
Кетопрофен-АКОС,Кетопрофен,гель для наружного применения,0.05,
Кетопрофен СТМФАРМ,Кетопрофен,гель для наружного применения,"2.5%, 5%",
Кетопрофен-ВЕРТЕКС,Кетопрофен,гель для наружного применения,0.05,
КЕТОАКТИН,Кетопрофен,гель для наружного применения,2.5%,
Кетопрофен,Кетопрофен,гель для наружного применения,2.5%,
Кетопрофен,Кетопрофен,гель для наружного применения,2.5%,
Кетопрофен,Кетопрофен,гель для наружного применения,2.5%,
Брустэль®,Кетопрофен,гель для наружного применения,"2.5%, 5%",
Кетопрофен,Кетопрофен,гель для наружного применения,"2.5%, 5%",
Кетопрофен,Кетопрофен,гель для наружного применения,2.5%,
ТриоСмарт,Кетопрофен,гель для наружного применения,2.5%,
Кетопрофен-ВЕРТЕКС,Кетопрофен,гель для наружного применения,2.5%,
Кетопрофен,Кетопрофен,гель для наружного применения,2.5%,
Быструм Форте,Кетопрофен,гель для наружного применения,0.05,
Кетопрофен,Кетопрофен,гель для наружного применения,25 мг/г,
Кетопрофен Реневал,Кетопрофен,гель для наружного применения,"25 мг/г, 50 мг/г",
Спазгель,Кетопрофен,гель для наружного применения,2.5%,
Кетопрофен-Тева,Кетопрофен,гель для наружного применения,2.5%,
Фастум,Кетопрофен,гель для наружного применения,2.5%,
Камериум,Кетопрофен,гель для наружного применения,2.5%,
Кетопрофен,Кетопрофен,гель для наружного применения,2.5%,
Кетопрофен Врамед,Кетопрофен,гель для наружного применения,2.5%,
Феброфид,Кетопрофен,гель для наружного применения,2.5%,
Кетонал,Кетопрофен,гель для наружного применения,2.5%,
Быструмгель,Кетопрофен,гель для наружного применения,2.5%,
Кетопрофен ДС,Кетопрофен,гель для наружного применения,2.5%,
Кетопрофен ВП,Кетопрофен,гель для наружного применения,2.5%,
Келанотек,Кетопрофен,гель для наружного применения,2.5%,
Кетонал,Кетопрофен,крем для наружного применения,0.05,
КЕТОПРОФЕН,Кетопрофен,крем для наружного применения,0.05,
Кетопрофен,Кетопрофен,раствор для полоскания,16 мг/мл,
ЛОРЕКЕТ,Кетопрофен,раствор для полоскания,16 мг/мл,
Кетопрофен-ЛОР,Кетопрофен,раствор для полоскания,16 мг/мл,
Тонзальто®,Кетопрофен,раствор для полоскания,16 мг/мл,
КЕТОПРОФЕН,Кетопрофен,раствор для полоскания,16 мг/мл,
ОКИ,Кетопрофен,раствор для полоскания,1.6%,
Кетопрофен-ЭКОлаб,Кетопрофен,концентрат для приготовления раствора для полоскания,16 мг/мл,
Кетопрофен-СОЛОфарм,Кетопрофен,концентрат для приготовления раствора для полоскания,16 мг/мл,
КЕТОПРОФЕН,Кетопрофен,концентрат для приготовления раствора для полоскания,1.6%,
Кетонал,Кетопрофен,суппозитории ректальные,100 мг,
Кетопрофен,Кетопрофен,суппозитории ректальные,100 мг,
Кетопрофен,Кетопрофен,суппозитории ректальные,100 мг,
Кеторолак,Кеторолак,раствор для внутримышечного введения,30 мг/мл,
Кеторолак,Кеторолак,раствор для внутримышечного введения,30 мг/мл,
Кеторолак,Кеторолак,раствор для внутримышечного введения,30 мг/мл,
Матролгин ВМ,Кеторолак,раствор для внутримышечного введения,30 мг/мл,
Кетотифен-OBL,Кетотифен,таблетки,1 мг,
Кетотифен Софарма,Кетотифен,таблетки,1 мг,
Кетотифен,Кетотифен,таблетки,1 мг,
Кетотифен,Кетотифен,таблетки,1 мг,
Кетотифен,Кетотифен,таблетки,1 мг,
Кетотифен Реневал,Кетотифен,таблетки,1 мг,
Кислород газообразный медицинский,Кислород,газ медицинский сжатый,,
Кислород газообразный медицинский,Кислород,газ медицинский сжатый,,
Кислород медицинский газообразный,Кислород,газ медицинский сжатый,,
Кислород медицинский газообразный,Кислород,газ медицинский сжатый,,
Кислород газообразный медицинский,Кислород,газ медицинский сжатый,1,
Кислород медицинский газообразный,Кислород,газ медицинский сжатый,,
Кислород медицинский газообразный,Кислород,газ медицинский сжатый,,
Кислород медицинский газообразный,Кислород,газ медицинский сжатый,,
Кислород медицинский газообразный,Кислород,газ медицинский сжатый,,
Кислород медицинский газообразный,Кислород,газ медицинский сжатый,,
Кислород газообразный медицинский,Кислород,газ медицинский сжатый,,
Кислород газообразный медицинский,Кислород,газ медицинский сжатый,,
Кислород газообразный медицинский,Кислород,газ медицинский сжатый,,
Кислород газообразный медицинский,Кислород,газ медицинский сжатый,,
Кислород газ медицинский,Кислород,газ медицинский сжатый,,
Кислород газообразный медицинский,Кислород,газ медицинский сжатый,,
Кислород медицинский газообразный,Кислород,газ медицинский сжатый,,
Кислород медицинский газообразный,Кислород,газ медицинский сжатый,,
Кислород медицинский газообразный,Кислород,газ медицинский сжатый,,
Кислород медицинский,Кислород,газ медицинский сжатый,,
Кислород газообразный медицинский,Кислород,газ медицинский сжатый,,
Кислород газообразный медицинский,Кислород,газ медицинский сжатый,,
Кислород газообразный медицинский,Кислород,газ медицинский сжатый,,
Кислород газообразный медицинский,Кислород,газ медицинский сжатый,,
Кислород газообразный медицинский,Кислород,газ медицинский сжатый,,
Кислород газообразный медицинский,Кислород,газ медицинский сжатый,,
Кислород газообразный медицинский,Кислород,газ медицинский сжатый,,
Кислород газообразный медицинский,Кислород,газ медицинский сжатый,,
Кислород газообразный медицинский,Кислород,газ медицинский сжатый,,
Кислород газообразный медицинский,Кислород,газ медицинский сжатый,,
Кислород газообразный медицинский,Кислород,газ медицинский сжатый,,
Кислород газообразный медицинский,Кислород,газ медицинский сжатый,,
Кислород газообразный медицинский,Кислород,газ медицинский сжатый,,
Кислород газообразный медицинский,Кислород,газ медицинский сжатый,,
Кислород газообразный медицинский,Кислород,газ медицинский сжатый,,
Кислород газообразный медицинский,Кислород,газ медицинский сжатый,,
Кислород газообразный медицинский,Кислород,газ медицинский сжатый,,
Кислород газообразный медицинский,Кислород,газ медицинский сжатый,,
Кислород газообразный медицинский,Кислород,газ медицинский сжатый,,
Кислород газообразный медицинский,Кислород,газ медицинский сжатый,,
Кислород газообразный медицинский,Кислород,газ медицинский сжатый,,
Кислород газообразный медицинский,Кислород,газ медицинский сжатый,,
Кислород газообразный медицинский,Кислород,газ медицинский сжатый,,
Кислород газообразный медицинский,Кислород,газ медицинский сжатый,,
Кислород газообразный медицинский,Кислород,газ медицинский сжатый,,
Кислород газообразный медицинский,Кислород,газ медицинский сжатый,,
Кислород газообразный медицинский,Кислород,газ медицинский сжатый,,
Кислород газообразный медицинский,Кислород,газ медицинский сжатый,,
Кислород газообразный медицинский,Кислород,газ медицинский сжатый,,
Кислород газообразный медицинский,Кислород,газ медицинский сжатый,,
Кислород газообразный медицинский,Кислород,газ медицинский сжатый,,
Кислород газообразный медицинский,Кислород,газ медицинский сжатый,,
Кислород газообразный медицинский,Кислород,газ медицинский сжатый,,
Кислород газообразный медицинский,Кислород,газ медицинский сжатый,,
Кислород газообразный медицинский,Кислород,газ медицинский сжатый,,
Кислород газообразный медицинский,Кислород,газ медицинский сжатый,,
Кислород газообразный медицинский,Кислород,газ медицинский сжатый,,
Кислород газообразный медицинский,Кислород,газ медицинский сжатый,,
Кислород газообразный медицинский,Кислород,газ медицинский сжатый,,
Кислород газообразный медицинский,Кислород,газ медицинский сжатый,1,
Кислород газообразный медицинский,Кислород,газ медицинский сжатый,,
Кислород газообразный медицинский,Кислород,газ медицинский сжатый,,
Кислород газообразный медицинский,Кислород,газ медицинский сжатый,,
Кислород газообразный медицинский,Кислород,газ медицинский сжатый,,
Кислород газообразный медицинский,Кислород,газ медицинский сжатый,,
Кислород газообразный медицинский,Кислород,газ медицинский сжатый,,
Кислород газообразный медицинский,Кислород,газ медицинский сжатый,,
Кислород газообразный медицинский,Кислород,газ медицинский сжатый,,
Кислород газообразный медицинский,Кислород,газ медицинский сжатый,,
Кислород газообразный медицинский,Кислород,газ медицинский сжатый,,
Кислород газообразный медицинский,Кислород,газ медицинский сжатый,,
Кислород газообразный медицинский,Кислород,газ медицинский сжатый,,
Кислород газообразный медицинский,Кислород,газ медицинский сжатый,,
Кислород газообразный медицинский,Кислород,газ медицинский сжатый,,
Кислород газообразный медицинский,Кислород,газ медицинский сжатый,,
Кислород газообразный медицинский,Кислород,газ медицинский сжатый,,
Кислород газообразный медицинский,Кислород,газ медицинский сжатый,,
Кислород газообразный медицинский,Кислород,газ медицинский сжатый,,
Кислород газообразный медицинский,Кислород,газ медицинский сжатый,,
Кислород газообразный медицинский,Кислород,газ медицинский сжатый,,
Кислород газообразный медицинский,Кислород,газ медицинский сжатый,,
Кислород газообразный медицинский,Кислород,газ медицинский сжатый,,
Кислород газообразный медицинский,Кислород,газ медицинский сжатый,,
Кислород газообразный медицинский,Кислород,газ медицинский сжатый,,
Кислород газообразный медицинский,Кислород,газ медицинский сжатый,,
Кислород газообразный медицинский,Кислород,газ медицинский сжатый,,
Кислород газообразный медицинский,Кислород,газ сжатый,,
Кислород газообразный медицинский,Кислород,газ сжатый,,
Кислород газообразный медицинский,Кислород,газ сжатый,,
Кислород газообразный медицинский,Кислород,газ сжатый,,
Кислород газообразный медицинский,Кислород,газ сжатый,,
Кислород газообразный медицинский,Кислород,газ сжатый,,
Кислород газообразный медицинский,Кислород,газ сжатый,,
Кислород газообразный медицинский,Кислород,газ сжатый,,
Кислород газообразный медицинский,Кислород,газ сжатый,,
Кислород газообразный медицинский,Кислород,газ сжатый,,
Кислород газообразный медицинский,Кислород,газ сжатый,,
Кислород газообразный медицинский,Кислород,газ сжатый,,
Кислород газообразный медицинский,Кислород,газ сжатый,,
Кислород газообразный медицинский,Кислород,газ сжатый,,
Кислород газообразный медицинский,Кислород,газ сжатый,,
Кислород газообразный медицинский,Кислород,газ сжатый,,
Кислород газообразный медицинский,Кислород,газ сжатый,,
Кислород газообразный медицинский,Кислород,газ сжатый,,
Кислород газообразный медицинский,Кислород,газ сжатый,,
Кислород газообразный медицинский,Кислород,газ сжатый,,
Кислород газообразный медицинский,Кислород,газ сжатый,,
Кислород газообразный медицинский,Кислород,газ сжатый,,
Кислород газообразный медицинский,Кислород,газ сжатый,,
Кислород газообразный медицинский,Кислород,газ сжатый,,
Кислород газообразный медицинский,Кислород,газ сжатый,,
Кислород газообразный медицинский,Кислород,газ сжатый,1,
Кислород газообразный медицинский,Кислород,газ сжатый,1,
Кислород газообразный медицинский,Кислород,газ сжатый,,
Кислород газообразный медицинский,Кислород,газ сжатый,,
Кислород газообразный медицинский,Кислород,газ сжатый,,
Кислород газообразный медицинский,Кислород,газ сжатый,,
Кислород газообразный медицинский,Кислород,газ сжатый,,
Мавенклад,Кладрибин,таблетки,10 мг,
Кладрибин,Кладрибин,таблетки,10 мг,
Кленбутерол Софарма,Кленбутерол,сироп,1 мкг/мл,
Кленбутерол,Кленбутерол,раствор для приема внутрь,1 мкг/мл,
Касторовое масло,Клещевины обыкновенной семян масло,масло для приема внутрь,,
Касторовое масло,Клещевины обыкновенной семян масло,масло для приема внутрь,,
Касторовое масло,Клещевины обыкновенной семян масло,масло для приема внутрь,,
Касторовое масло,Клещевины обыкновенной семян масло,масло для приема внутрь,,
Касторовое масло,Клещевины обыкновенной семян масло,масло для приема внутрь,,
Касторовое масло,Клещевины обыкновенной семян масло,масло для приема внутрь,,
Касторовое масло,Клещевины обыкновенной семян масло,масло для приема внутрь,,
Касторовое масло,Клещевины обыкновенной семян масло,масло для приема внутрь,,
Касторовое масло,Клещевины обыкновенной семян масло,масло для приема внутрь,,
Касторовое масло,Клещевины обыкновенной семян масло,масло для приема внутрь,,
Далацин,Клиндамицин,гель для наружного применения,0.01,
Клиндовит,Клиндамицин,гель для наружного применения,0.01,
КЛИНЗОЛ ЗД,Клиндамицин,гель для наружного применения,0.01,
Клиндагель,Клиндамицин,гель для наружного применения,0.01,
Зеркалин,Клиндамицин,раствор для наружного применения,10 мг/мл,
Деакневит,Клиндамицин,раствор для наружного применения,10 мг/мл,
Клиндамицин,Клиндамицин,раствор для наружного применения,10 мг/мл,
Клиндамакс,Клиндамицин,раствор для наружного применения,10 мг/мл,
Клиндацин Пролонг®,Клиндамицин,крем вагинальный,0.02,
Клиндацин,Клиндамицин,крем вагинальный,0.02,
Клиндамицин-ВЕРТЕКС,Клиндамицин,крем вагинальный,0.02,
Клиндамакс,Клиндамицин,крем вагинальный,0.02,
Дермовейт,Клобетазол,мазь для наружного применения,0.05%,
Клороид,Клобетазол,мазь для наружного применения,0.05%,
Клобетазол,Клобетазол,мазь для наружного применения,0.05%,
Кловейт,Клобетазол,мазь для наружного применения,0.05%,
Дермовейт,Клобетазол,крем для наружного применения,0.05%,
Кловейт,Клобетазол,крем для наружного применения,0.05%,
Клобетол,Клобетазол,крем для наружного применения,0.05%,
Пауэркорт,Клобетазол,крем для наружного применения,0.05%,
Клотримазол,Клотримазол,крем вагинальный,0.02,
Кандид,Клотримазол,гель вагинальный,0.02,
Клотримазол,Клотримазол,крем для наружного применения,0.01,
Клотримазол,Клотримазол,крем для наружного применения,0.01,
Клотримазол-Тева,Клотримазол,крем для наружного применения,0.01,
Клотримазол,Клотримазол,крем для наружного применения,0.01,
Клотримазол,Клотримазол,крем для наружного применения,0.01,
КЛОТРИМАЗОЛ ОКСФОРД,Клотримазол,крем для наружного применения,0.01,
Клотримазол,Клотримазол,крем для наружного применения,0.01,
Клотримазол,Клотримазол,крем для наружного применения,10 мг/г,
КЛОТРИМАЗОЛ АВЕКСИМА,Клотримазол,крем для наружного применения,0.01,
КЛОТРИМАЗОЛ,Клотримазол,крем для наружного применения,0.01,
Клотримазол-Брингер,Клотримазол,крем для наружного применения,0.01,
Кандид,Клотримазол,крем для наружного применения,0.01,
Клотримазол,Клотримазол,крем для наружного применения,0.01,
Канизон,Клотримазол,крем для наружного применения,0.01,
Клотримазол,Клотримазол,гель для наружного применения,0.01,
Клотримазол,Клотримазол,крем,0.01,
Клотримазол-Акрихин,Клотримазол,мазь для наружного применения,0.01,
Клотримазол-АКОС,Клотримазол,мазь для наружного применения,0.01,
КЛОТРИМАЗОЛ,Клотримазол,мазь для наружного применения,0.01,
Клотримазол-ВЕРТЕКС,Клотримазол,мазь для наружного применения,0.01,
Клотримазол,Клотримазол,мазь для наружного применения,0.01,
Канизон,Клотримазол,раствор для наружного применения,0.01,
Клотримазол,Клотримазол,раствор для наружного применения,0.01,
Клотримазол-Акрихин,Клотримазол,раствор для наружного применения,0.01,
КЛОТРИМАЗОЛ,Клотримазол,раствор для наружного применения,0.01,
КЛОТРИМАЗОЛ,Клотримазол,раствор для наружного применения,10 мг/мл,
КЛОТРИМАЗОЛ,Клотримазол,раствор для наружного применения,0.01,
Клотримазол,Клотримазол,раствор для наружного применения,0.01,
Кандид,Клотримазол,раствор для наружного применения,0.01,
Пентанов-ICN,Кодеин+Кофеин+Метамизол натрия+Напроксен+Фенобарбитал,таблетки,,
Седальгин-Нео,Кодеин+Кофеин+Метамизол натрия+Напроксен+Фенобарбитал,таблетки,10 мг+50 мг+150 мг+300 мг+15 мг,
Седал-М,Кодеин+Кофеин+Метамизол натрия+Напроксен+Фенобарбитал,таблетки,,
КОКАРБОКСИЛАЗА-ЭЛЛАРА®,Кокарбоксилаза,лиофилизат для приготовления раствора для внутривенного и внутримышечного введения,50 мг,
Кокарбоксилаза,Кокарбоксилаза,лиофилизат для приготовления раствора для внутривенного и внутримышечного введения,50 мг,
Кокарбоксилаза,Кокарбоксилаза,лиофилизат для приготовления раствора для внутривенного и внутримышечного введения,50 мг,
Кокарбоксилаза,Кокарбоксилаза,лиофилизат для приготовления раствора для внутривенного и внутримышечного введения,50 мг,
Кокарбоксилаза,Кокарбоксилаза,лиофилизат для приготовления раствора для внутривенного и внутримышечного введения,50 мг,
Кокарбоксилаза,Кокарбоксилаза,лиофилизат для приготовления раствора для внутривенного и внутримышечного введения,50 мг,
Кокарбоксилаза-Ферейн,Кокарбоксилаза,лиофилизат для приготовления раствора для внутривенного и внутримышечного введения,"25 мг, 50 мг",
Юнивит® Аква Д3,Колекальциферол,капли для приема внутрь,15000 МЕ/мл,
Витамин Д3,Колекальциферол,капли для приема внутрь,15000 МЕ/мл,
ИГВИТОН,Колекальциферол,капли для приема внутрь,15000 МЕ/мл,
Акваферол-Д3 ВТФ,Колекальциферол,капли для приема внутрь,15000 МЕ/мл,
Витамин D3,Колекальциферол,капли для приема внутрь,15000 МЕ/мл,
Витамин Д3 Реневал,Колекальциферол,капли для приема внутрь,15000 МЕ/мл,
Аквадетрим,Колекальциферол,капли для приема внутрь,15000 МЕ/мл,
ВИТА-ЭНЕРДЖИ АКВА D3,Колекальциферол,капли для приема внутрь,15000 МЕ/мл,
МАКСИДЕТРИМ,Колекальциферол,капли для приема внутрь,15000 МЕ/мл,
Витамин Д3,Колекальциферол,капли для приема внутрь,15000 МЕ/мл,
Витамин Д3,Колекальциферол,капли для приема внутрь,15000 МЕ/мл,
КолиФеТри,Колекальциферол,капли для приема внутрь,15000 МЕ/мл,
КАЛЬЦЕФЕНИТ,Колекальциферол,капли для приема внутрь,15000 МЕ/мл,
СОЛДЕТРИМ,Колекальциферол,капли для приема внутрь,15000 МЕ/мл,
Вигантол®,Колекальциферол,"капли для приема внутрь, [масляные]",0.5 мг/мл,
Витамин Д3,Колекальциферол,"капли для приема внутрь, [масляные]",20000 МЕ/мл,
Д3 Кронофарм,Колекальциферол,капли для приема внутрь,0.5 мг/мл,
Колистимет АФ,Колистиметат натрия,"порошок для приготовления раствора для инъекций, инфузий и ингаляций","80 мг (1000000 ЕД), 160 мг (2000000 ЕД)",
Колиметат,Колистиметат натрия,"порошок для приготовления раствора для инъекций, инфузий и ингаляций",1000000 ЕД,
Колистиметат натрия,Колистиметат натрия,"порошок для приготовления раствора для инъекций, инфузий и ингаляций",1000000 ЕД,
Ингастин,Колистиметат натрия,порошок для приготовления раствора для внутривенного введения и ингаляций,1000000 ЕД,
Колимистин,Колистиметат натрия,порошок для приготовления раствора для внутривенного введения и ингаляций,1000000 ЕД,
Колистиметат натрия,Колистиметат натрия,порошок для приготовления раствора для внутривенного введения и ингаляций,"1000000 ЕД, 2000000 ЕД",
Колистиметат натрия,Колистиметат натрия,порошок для приготовления раствора для внутривенного введения и ингаляций,"1000000 ЕД, 2000000 ЕД",
Муковистат,Колистиметат натрия,лиофилизат для приготовления раствора для внутривенного введения и ингаляций,1000000 ЕД,
Колистиметат натрия,Колистиметат натрия,"лиофилизат для приготовления раствора для инъекций, инфузий и ингаляций",1000000 ЕД,
Колистиметат,Колистиметат натрия,"лиофилизат для приготовления раствора для инъекций, инфузий и ингаляций",1000000 МЕ,
Кофеин-бензоат натрия,Кофеин,раствор для подкожного и субконъюнктивального введения,"100 мг/мл, 200 мг/мл",
Кофеин-бензоат натрия,Кофеин,раствор для подкожного и субконъюнктивального введения,"100 мг/мл, 200 мг/мл",
Кофеин-бензоат натрия,Кофеин,раствор для подкожного и субконъюнктивального введения,200 мг/мл,
Сафистон,Кофеин+Парацетамол+Пропифеназон,таблетки,50 мг+250 мг+150 мг,
Новалгин,Кофеин+Парацетамол+Пропифеназон,таблетки,50 мг+200 мг+200 мг,
Флюфайт,Кофеин+Парацетамол+Фенилэфрин+Фенирамин,порошок для приготовления раствора для приема внутрь,,
РиниКолд ХотКап,Кофеин+Парацетамол+Фенилэфрин+Фенирамин,порошок для приготовления раствора для приема внутрь,,
Полисорб МП,Кремния диоксид коллоидный,порошок для приготовления суспензии для приема внутрь,,
Силикасорб®,Кремния диоксид коллоидный,порошок для приготовления суспензии для приема внутрь,,
Сорбенорм,Кремния диоксид коллоидный,порошок для приготовления суспензии для приема внутрь,,
Кремния диоксид коллоидный,Кремния диоксид коллоидный,порошок для приготовления суспензии для приема внутрь,,
Сорбо Плюс,Кремния диоксид коллоидный,порошок для приготовления суспензии для приема внутрь,,
ПРОСТОСОРБ,Кремния диоксид коллоидный,порошок для приготовления суспензии для приема внутрь,,
Лекролин®,Кромоглициевая кислота,капли глазные,20 мг/мл,
Диполькром®,Кромоглициевая кислота,капли глазные,0.02,
Кромицил-СОЛОфарм,Кромоглициевая кислота,капли глазные,20 мг/мл,
Ксантинола никотинат,Ксантинола никотинат,раствор для внутривенного и внутримышечного введения,150 мг/мл,
Ксантинола никотинат,Ксантинола никотинат,раствор для внутривенного и внутримышечного введения,150 мг/мл,
Ксантинола никотинат,Ксантинола никотинат,раствор для внутривенного и внутримышечного введения,150 мг/мл,
Ксантинола никотинат,Ксантинола никотинат,раствор для внутривенного и внутримышечного введения,150 мг/мл,
Ксантинола никотинат,Ксантинола никотинат,таблетки,150 мг,
Ксантинола никотинат,Ксантинола никотинат,таблетки,150 мг,
Ксантинола никотинат,Ксантинола никотинат,таблетки,150 мг,
Медксенон,Ксенон,газ сжатый,,
КсеМед,Ксенон,газ сжатый,,
Назик®,Ксилометазолин+[Декспантенол],спрей назальный дозированный,0.1 мг+5 мг/доза,
Тизин® ПАНТЕНОЛ,Ксилометазолин+[Декспантенол],спрей назальный дозированный,0.1 мг+5 мг/доза,
КСИЛО НОРДУМ® c Д-пантенолом,Ксилометазолин+[Декспантенол],спрей назальный дозированный,0.1 мг+5 мг/доза,
СептаНазал®,Ксилометазолин+[Декспантенол],спрей назальный дозированный,0.1 мг+5 мг/доза,
Ксилонг,Ксилометазолин+[Декспантенол],капли назальные,0.1%+5%,
Назик® для детей,Ксилометазолин+[Декспантенол],"спрей назальный дозированный, [ДЛЯ ДЕТЕЙ]",0.05 мг+5 мг/доза,
Тизин® ПАНТЕНОЛ,Ксилометазолин+[Декспантенол],"спрей назальный дозированный, [ДЛЯ ДЕТЕЙ]",0.05 мг+5 мг/доза,
СептаНазал®,Ксилометазолин+[Декспантенол],"спрей назальный дозированный, [ДЛЯ ДЕТЕЙ]",0.05 мг+5 мг/доза,
РИНОНОРМ КОМФОРТ,Ксилометазолин+[Декспантенол],спрей назальный дозированный,"0.05 мг+5 мг/доза, 0.1 мг+5 мг/доза",
Кватран® Пантенол,Ксилометазолин+[Декспантенол],спрей назальный дозированный,"0.05 мг+5 мг/доза, 0.1 мг+5 мг/доза",
Звездочка ноз плюс,Ксилометазолин+[Декспантенол],спрей назальный дозированный,"0.05 мг+5 мг/доза, 0.1 мг+5 мг/доза",
Вимпат®,Лакосамид,"таблетки, покрытые пленочной оболочкой","50 мг, 100 мг, 150 мг, 200 мг",
Лакосамид,Лакосамид,"таблетки, покрытые пленочной оболочкой","50 мг, 100 мг, 150 мг, 200 мг",
Лакосамид,Лакосамид,"таблетки, покрытые пленочной оболочкой","50 мг, 100 мг, 150 мг, 200 мг",
Лаколексид®,Лакосамид,"таблетки, покрытые пленочной оболочкой","50 мг, 100 мг, 150 мг, 200 мг",
Лакосамид-АйПи,Лакосамид,"таблетки, покрытые пленочной оболочкой","50 мг, 100 мг, 150 мг, 200 мг",
ЛАКСОВЕЛ,Лакосамид,"таблетки, покрытые пленочной оболочкой","50 мг, 100 мг, 150 мг, 200 мг",
Лактожиналь,Лактобактерии ацидофильные,капсулы вагинальные,,
Лактонорм,Лактобактерии ацидофильные,капсулы вагинальные,,
Экофемин,Лактобактерии ацидофильные,капсулы вагинальные,,
Ацилакт,Лактобактерии ацидофильные,суппозитории вагинальные,,
Ацилакт,Лактобактерии ацидофильные,суппозитории вагинальные,,
Ацилакт,Лактобактерии ацидофильные,суппозитории вагинальные,,
Коргликон,Ландыша листьев гликозид,раствор для внутривенного введения,0.6 мг/мл,
Коргликард,Ландыша листьев гликозид,раствор для внутривенного введения,0.6 мг/мл,
Ландыша настойка,Ландыша травы настойка,настойка,,
Ландыша настойка,Ландыша травы настойка,настойка,,
Ландыша настойка,Ландыша травы настойка,настойка,,
Ксалаком,Латанопрост+Тимолол,капли глазные,0.005%+0.5%,
МОНОЛАТАН ДУО,Латанопрост+Тимолол,капли глазные,0.05 мг/мл+5 мг/мл,
Дуопрост,Латанопрост+Тимолол,капли глазные,0.05 мг/мл+5 мг/мл,
ЛАТАНОРД-СЗ,Латанопрост+Тимолол,капли глазные,0.05 мг/мл+5 мг/мл,
Ланпрессан®Т,Латанопрост+Тимолол,капли глазные,0.05 мг/мл+5 мг/мл,
Левокарнил,Левокарнитин,раствор для приема внутрь,300 мг/мл,
Элькар®,Левокарнитин,раствор для приема внутрь,300 мг/мл,
ЛЕВОКАРНИТИН,Левокарнитин,раствор для приема внутрь,300 мг/мл,
Левокарнитин,Левокарнитин,раствор для приема внутрь,300 мг/мл,
ЭВАМЕНОЛ® НАЗО,Левоментол+Фенилсалицилат,капли назальные,1%+3%,
ЭВАМЕНОЛ® НАЗО,Левоментол+Фенилсалицилат,спрей назальный,1%+3%,
Эваменол®,Левоментол+Эвкалипта шарикового листьев масло,мазь назальная,1%+1%,
ЭВАЛЕМЕНТ,Левоментол+Эвкалипта шарикового листьев масло,мазь назальная,,
Валидол,Левоментола раствор в ментилизовалерате,капсулы,"0.05 г, 0.1 г",
Корментол,Левоментола раствор в ментилизовалерате,капсулы подъязычные,100 мг,
Валидол,Левоментола раствор в ментилизовалерате,капсулы подъязычные,100 мг,
Валидол,Левоментола раствор в ментилизовалерате,капсулы подъязычные,50 мг,
ВАЛИДОЛ,Левоментола раствор в ментилизовалерате,капсулы подъязычные,"50 мг, 100 мг",
Валидол,Левоментола раствор в ментилизовалерате,капсулы подъязычные,"50 мг, 100 мг",
Валидол,Левоментола раствор в ментилизовалерате,капсулы подъязычные,"50 мг, 100 мг",
Валидол с изомальтом,Левоментола раствор в ментилизовалерате,таблетки подъязычные,60 мг,
Валидол,Левоментола раствор в ментилизовалерате,таблетки подъязычные,60 мг,
Валидол,Левоментола раствор в ментилизовалерате,таблетки подъязычные,60 мг,
Валидол,Левоментола раствор в ментилизовалерате,таблетки подъязычные,60 мг,
Валидол Реневал,Левоментола раствор в ментилизовалерате,таблетки подъязычные,60 мг,
Валидол,Левоментола раствор в ментилизовалерате,таблетки подъязычные,60 мг,
Валидол,Левоментола раствор в ментилизовалерате,таблетки подъязычные,60 мг,
Валидол,Левоментола раствор в ментилизовалерате,таблетки подъязычные,60 мг,
Валидол,Левоментола раствор в ментилизовалерате,таблетки подъязычные,60 мг,
Валидол,Левоментола раствор в ментилизовалерате,таблетки подъязычные,60 мг,
Валидол,Левоментола раствор в ментилизовалерате,таблетки подъязычные,60 мг,
Валидол,Левоментола раствор в ментилизовалерате,таблетки подъязычные,60 мг,
Валидол,Левоментола раствор в ментилизовалерате,таблетки подъязычные,60 мг,
Валидол,Левоментола раствор в ментилизовалерате,таблетки подъязычные,60 мг,
Валидол,Левоментола раствор в ментилизовалерате,таблетки подъязычные,60 мг,
Валидол,Левоментола раствор в ментилизовалерате,таблетки подъязычные,60 мг,
Валидол с глюкозой,Левоментола раствор в ментил изовалерате+[Декстроза],таблетки подъязычные,,
Валидол с глюкозой,Левоментола раствор в ментил изовалерате+[Декстроза],таблетки подъязычные,,
Валидол с глюкозой,Левоментола раствор в ментил изовалерате+[Декстроза],таблетки подъязычные,,
Валидол с глюкозой,Левоментола раствор в ментил изовалерате+[Декстроза],таблетки подъязычные,,
Валидол с глюкозой Реневал,Левоментола раствор в ментил изовалерате+[Декстроза],таблетки подъязычные,,
Валидол Авексима,Левоментола раствор в ментил изовалерате+[Декстроза],таблетки подъязычные,,
Ксизал®,Левоцетиризин,"таблетки, покрытые пленочной оболочкой",5 мг,
Левоцетиризин АВВА,Левоцетиризин,"таблетки, покрытые пленочной оболочкой",5 мг,
Занидип®-Рекордати,Лерканидипин,"таблетки, покрытые пленочной оболочкой","10 мг, 20 мг",
Леркамен® 10,Лерканидипин,"таблетки, покрытые пленочной оболочкой",10 мг,
Леркамен® 20,Лерканидипин,"таблетки, покрытые пленочной оболочкой",20 мг,
Леспефлан,Леспедецы двухцветной побеги,экстракт для приема внутрь,,
Леспефрил,Леспедецы двухцветной побеги,раствор для приема внутрь,,
Леспефлан,Леспедецы двухцветной побеги,раствор для приема внутрь,,
Полифепан,Лигнин гидролизный,гранулы для приема внутрь,,
Полифепан,Лигнин гидролизный,таблетки,375 мг,
Фильтрум-СТИ,Лигнин гидролизный,таблетки,400 мг,
Полифепан,Лигнин гидролизный,порошок для приема внутрь,,
Полифепан,Лигнин гидролизный,порошок для приема внутрь,,
Фильтрум,Лигнин гидролизный,порошок для приготовления суспензии для приема внутрь,"200 мг, 400 мг, 800 мг, 1200 мг",
Лидокаин,Лидокаин,спрей для местного и наружного применения дозированный,4.6 мг/доза,
Лидокаин-АКОС,Лидокаин,спрей для местного и наружного применения дозированный,4.6 мг/доза,
ЛИДОКАИН,Лидокаин,спрей для местного и наружного применения дозированный,4.6 мг/доза,
ЛИДОКАИН,Лидокаин,спрей для местного и наружного применения дозированный,4.6 мг/доза,
ЛИДОКАИН,Лидокаин,спрей для местного и наружного применения дозированный,4.6 мг/доза,
Лидокаин,Лидокаин,спрей для местного применения дозированный,4.6 мг/доза,
Лидокаин-Виал,Лидокаин,спрей для местного и наружного применения,0.1,
Лидокаин,Лидокаин,капли глазные,0.02,
Лидокаин,Лидокаин,капли глазные,0.02,
Лидокаин,Лидокаин,капли глазные,20 мг/мл%,
Бьютикаин,Лидокаин+Прилокаин,крем для местного и наружного применения,2.5%+2.5%,
Эмла,Лидокаин+Прилокаин,крем для местного и наружного применения,,
Лидокаин+Прилокаин,Лидокаин+Прилокаин,крем для местного и наружного применения,2.5%+2.5%,
Эстет-а-тет,Лидокаин+Прилокаин,крем для местного и наружного применения,2.5%+2.5%,
Татукаин,Лидокаин+Прилокаин,крем для местного и наружного применения,2.5%+2.5%,
Отирелакс,Лидокаин+Феназон,капли ушные,1%+4%,
Отипакс,Лидокаин+Феназон,капли ушные,10 мг/г+40 мг/г,
Анестокап,Лидокаин+Феназон,капли ушные,10 мг/г+40 мг/г,
Лидокаин+Феназон МОРЕЛОР®,Лидокаин+Феназон,капли ушные,10 мг/г+40 мг/г,
Отипэйн,Лидокаин+Феназон,капли ушные,10 мг/г+40 мг/г,
ОТОФИЗИН,Лидокаин+Феназон,капли ушные,10 мг/г+40 мг/г,
ОТИЛОР,Лидокаин+Феназон,капли ушные,10 мг/г+40 мг/г,
Лидоказон-Тева,Лидокаин+Феназон,капли ушные,10 мг/г+40 мг/г,
ОТОЛЕПТИН®,Лидокаин+Феназон,капли ушные,10 мг/г+40 мг/г,
Фелисанс,Лидокаин+Феназон,капли ушные,10 мг/г+40 мг/г,
Лоротокс,Лидокаин+Феназон,капли ушные,1%+4%,
Максиколд Ототита,Лидокаин+Феназон,капли ушные,1%+4%,
Релиф Про,Лидокаин+Флуокортолон,крем ректальный,20 мг/г+1 мг/г,
Релиф Про,Лидокаин+Флуокортолон,суппозитории ректальные,40 мг+1 мг,
Катеджель с лидокаином,Лидокаин+Хлоргексидин,гель для местного применения,,
Инстиллагель,Лидокаин+Хлоргексидин,гель для местного применения,,
ДЕНТЕСГЕЛЬ,Лидокаин+Цетилпиридиния хлорид,"гель для нанесения на десны, [ДЛЯ ДЕТЕЙ]",3.3 мг+1 мг/г,
Лидокавер,Лидокаин+Цетилпиридиния хлорид,"гель для нанесения на десны, [ДЛЯ ДЕТЕЙ]",0.33%+0.1%,
Калгель,Лидокаин+Цетилпиридиния хлорид,гель стоматологический,3.3 мг+1 мг/г,
Лидент Бэби,Лидокаин+Цетилпиридиния хлорид,гель стоматологический,0.33%+0.1%,
КАЛДЕНТ БЭБИ,Лидокаин+Цетилпиридиния хлорид,"гель для нанесения на десны, [ДЛЯ ДЕТЕЙ]",3.3 мг+1 мг/г,
Бронхо-Ваксом взрослый,Лизаты бактерий,капсулы,7 мг,
Бронхо-мунал,Лизаты бактерий,капсулы,7 мг,
Бронхо-Ваксом детский,Лизаты бактерий,капсулы,3.5 мг,
Бронхо-мунал П,Лизаты бактерий,капсулы,3.5 мг,
Лизобакт,Лизоцим+Пиридоксин,таблетки для рассасывания,20 мг+10 мг,
Лоролизин,Лизоцим+Пиридоксин,таблетки для рассасывания,20 мг+10 мг,
ЗОТТ®,Лизоцим+Пиридоксин,таблетки для рассасывания,20 мг+10 мг,
Ларингобакт,Лизоцим+Пиридоксин,таблетки для рассасывания,20 мг+10 мг,
Ларинготаб,Лизоцим+Пиридоксин,таблетки для рассасывания,20 мг+10 мг,
ФлуКолд ЛОР,Лизоцим+Пиридоксин,таблетки для рассасывания,20 мг+10 мг,
Лидокаин,Лидокаин,раствор для инъекций,20 мг/мл,
Лидокаин-ЭСКОМ,Лидокаин,раствор для инъекций,20 мг/мл,
Лидокаин,Лидокаин,раствор для инъекций,20 мг/мл,
Лидокаин ДС,Лидокаин,раствор для инъекций,20 мг/мл,
Лидокаин,Лидокаин,раствор для инъекций,20 мг/мл,
Лидокаин,Лидокаин,раствор для инъекций,20 мг/мл,
Лидокаин,Лидокаин,раствор для инъекций,20 мг/мл,
Лидокаин,Лидокаин,раствор для инъекций,20 мг/мл,
Лидокаин,Лидокаин,раствор для инъекций,20 мг/мл,
Лидокаин,Лидокаин,раствор для инъекций,"20 мг/мл, 100 мг/мл",
Лидокаин буфус®,Лидокаин,раствор для инъекций,"20 мг/мл, 100 мг/мл",
Лидокаин,Лидокаин,раствор для инъекций,"20 мг/мл, 100 мг/мл",
Лидокаин,Лидокаин,раствор для инъекций,"20 мг/мл, 100 мг/мл",
Лидокаин,Лидокаин,раствор для инъекций,"20 мг/мл, 100 мг/мл",
Лидокаин,Лидокаин,раствор для инъекций,10 мг/мл,
Лидокаин,Лидокаин,раствор для инъекций,0.01,
Лидокаин,Лидокаин,раствор для инъекций,"20 мг/мл, 100 мг/мл",
Лидокаин,Лидокаин,раствор для инъекций,"10 мг/мл, 20 мг/мл, 100 мг/мл",
Камистад®,Лидокаин+Ромашки аптечной цветков экстракт,гель для местного применения,20 мг/г+185 мг/г,
КАМИЛИДИН,Лидокаин+Ромашки аптечной цветков экстракт,гель для местного применения,,
Лимонника семян настойка,Лимонника китайского семян настойка,настойка,,
Лимонника семян настойка,Лимонника китайского семян настойка,настойка,,
Лимонника семян настойка,Лимонника китайского семян настойка,настойка,,
Лимонника плодов настойка,Лимонника китайского семян настойка,настойка,,
Лимонника семян настойка,Лимонника китайского семян настойка,настойка,,
Лимонника семян настойка,Лимонника китайского семян настойка,настойка,,
Лимонника семян настойка,Лимонника китайского семян настойка,настойка,,
Лимонника семян настойка,Лимонника китайского семян настойка,настойка,,
ЛИНКОМИЦИН ВЕЛФАРМ,Линкомицин,капсулы,250 мг,
Линкомицин,Линкомицин,капсулы,250 мг,
Линкомицин ЗД,Линкомицин,мазь для наружного применения,0.02,
Линкомицин-АКОС,Линкомицин,мазь для наружного применения,0.02,
Магнерот®,Магния оротат,таблетки,500 мг,
Магния оротат Медисорб,Магния оротат,таблетки,500 мг,
Магне B6,Магний+Пиридоксин,"таблетки, покрытые оболочкой",48 мг+5 мг,
Витапрайм® В6,Магний+Пиридоксин,"таблетки, покрытые пленочной оболочкой",48 мг+5 мг,
Магневитрис Кроно,Магний+Пиридоксин,"таблетки, покрытые пленочной оболочкой",48 мг+5 мг,
Магнелис В6,Магний+Пиридоксин,"таблетки, покрытые пленочной оболочкой",48 мг+5 мг,
Магний плюс В6,Магний+Пиридоксин,"таблетки, покрытые пленочной оболочкой",48 мг+5 мг,
Магния сульфат,Магния сульфат,порошок для приготовления раствора для приема внутрь,,
Магния сульфат,Магния сульфат,порошок для приготовления раствора для приема внутрь,,
Магния сульфат,Магния сульфат,порошок для приготовления раствора для приема внутрь,,
Магния сульфат,Магния сульфат,порошок для приготовления раствора для приема внутрь,,
Магния сульфат,Магния сульфат,порошок для приготовления раствора для приема внутрь,,
Магния сульфат,Магния сульфат,порошок для приготовления раствора для приема внутрь,,
Магния сульфат,Магния сульфат,порошок для приготовления раствора для приема внутрь,,
Магния сульфат,Магния сульфат,порошок для приготовления раствора для приема внутрь,,
Магния сульфат,Магния сульфат,порошок для приготовления раствора для приема внутрь,,
Магния сульфат,Магния сульфат,порошок для приготовления раствора для приема внутрь,,
Магния сульфат,Магния сульфат,порошок для приготовления раствора для приема внутрь,,
Магния сульфат,Магния сульфат,порошок для приготовления раствора для приема внутрь,,
МАГНИЯ СУЛЬФАТ,Магния сульфат,порошок для приготовления раствора для приема внутрь,,
Магния сульфат-ЛекТ,Магния сульфат,порошок для приготовления раствора для приема внутрь,,
Магния сульфат-Дж,Магния сульфат,раствор для внутривенного введения,250 мг/мл,
Магния сульфат,Магния сульфат,раствор для внутривенного введения,250 мг/мл,
Магния сульфат,Магния сульфат,раствор для внутривенного введения,250 мг/мл,
Магния сульфат,Магния сульфат,раствор для внутривенного введения,250 мг/мл,
Магния сульфат,Магния сульфат,раствор для внутривенного введения,250 мг/мл,
Магния сульфат,Магния сульфат,раствор для внутривенного введения,250 мг/мл,
Магния сульфат,Магния сульфат,раствор для внутривенного введения,250 мг/мл,
Магния сульфат,Магния сульфат,раствор для внутривенного введения,250 мг/мл,
Магния сульфат,Магния сульфат,раствор для внутривенного введения,250 мг/мл,
Магния сульфат,Магния сульфат,раствор для внутривенного введения,250 мг/мл,
Магния сульфат,Магния сульфат,раствор для внутривенного введения,250 мг/мл,
Магния сульфат,Магния сульфат,раствор для внутривенного введения,250 мг/мл,
Магния сульфат буфус,Магния сульфат,раствор для внутривенного введения,250 мг/мл,
Магния сульфат,Магния сульфат,раствор для внутривенного введения,"200 мг/мл, 250 мг/мл",
Магния сульфат,Магния сульфат,раствор для внутривенного введения,250 мг/мл,
МАГНИЯ СУЛЬФАТ ВЕЛФАРМ,Магния сульфат,раствор для внутривенного введения,250 мг/мл,
Магне B6 форте,Магния цитрат+Пиридоксин,"таблетки, покрытые пленочной оболочкой",,
Магнелис В6 форте,Магния цитрат+Пиридоксин,"таблетки, покрытые пленочной оболочкой",100 мг+10 мг,
Магневитрис Форте Кроно,Магния цитрат+Пиридоксин,"таблетки, покрытые пленочной оболочкой",100 мг+10 мг,
Фортранс,Макрогол,порошок для приготовления раствора для приема внутрь,64 г,
Эндолаксофф,Макрогол,порошок для приготовления раствора для приема внутрь,64 г,
Д-Форжект,Макрогол,порошок для приготовления раствора для приема внутрь,64 г,
Форлакс,Макрогол,порошок для приготовления раствора для приема внутрь,10 г,
Макрогол Канон,Макрогол,порошок для приготовления раствора для приема внутрь,"4 г, 10 г",
Макрогол Лекас,Макрогол,порошок для приготовления раствора для приема внутрь,"4 г, 10 г",
Форлакс,Макрогол,порошок для приготовления раствора для приема внутрь,4 г,
Макрогол Канон,Макрогол,порошок для приготовления раствора для приема внутрь,"4 г, 10 г",
Макрогол Лекас,Макрогол,порошок для приготовления раствора для приема внутрь,"4 г, 10 г",
Маннитол-Келун-Казфарм,Маннитол,раствор для инфузий,0.15,
Маннитол,Маннитол,раствор для инфузий,150 мг/мл,
Маннит,Маннитол,раствор для инфузий,150 мг/мл,
Маннитол,Маннитол,раствор для инфузий,150 мг/мл,
Маннитол,Маннитол,раствор для инфузий,150 мг/мл,
Маннитол,Маннитол,раствор для инфузий,150 мг/мл,
Маннитол,Маннитол,раствор для инфузий,"10%, 15%",
Маннитол,Маннитол,раствор для инфузий,150 мг/мл,
Маннитол,Маннитол,раствор для инфузий,"100 мг/мл, 150 мг/мл",
Маннитол,Маннитол,раствор для инфузий,150 мг/мл,
Маннитол,Маннитол,раствор для инфузий,150 мг/мл,
Маннит,Маннитол,раствор для инфузий,150 мг/мл,
Марены красильной экстракт,Марены корневищ и корней экстракт,таблетки,250 мг,
Марены красильной экстракт,Марены корневищ и корней экстракт,таблетки,0.25 г,
Марены красильной экстракт,Марены корневищ и корней экстракт,таблетки,250 мг,
Апилак,Маточное молочко,таблетки подъязычные,10 мг,
Апилак Гриндекс,Маточное молочко,таблетки подъязычные,10 мг,
Метроп ГП,Мед,раствор для подкожного введения,4.5 мг/мл,
Криомелт МН,Мед,раствор для подкожного введения,5 мг/мл,
Меладапт,Мелатонин,"таблетки, покрытые пленочной оболочкой",3 мг,
Мелатонин,Мелатонин,"таблетки, покрытые пленочной оболочкой",3 мг,
Сонакт табс,Мелатонин,"таблетки, покрытые пленочной оболочкой",3 мг,
Мелатонин Реневал,Мелатонин,"таблетки, покрытые пленочной оболочкой",3 мг,
Мелатонин,Мелатонин,"таблетки, покрытые пленочной оболочкой",3 мг,
Мелоксикам,Мелоксикам,гель для наружного применения,0.01,
АМЕЛОТЕКС®,Мелоксикам,гель для наружного применения,0.01,
Акатинол Мемантин,Мемантин,"таблетки, покрытые пленочной оболочкой",10 мг,
Акатинол Мемантин,Мемантин,"таблетки, покрытые пленочной оболочкой",20 мг,
МЕМАНТИН ВЕЛФАРМ,Мемантин,"таблетки, покрытые пленочной оболочкой","10 мг, 20 мг",
Викасол,Менадиона натрия бисульфит,раствор для внутримышечного введения,10 мг/мл,
Викасол,Менадиона натрия бисульфит,раствор для внутримышечного введения,10 мг/мл,
Викасол,Менадиона натрия бисульфит,раствор для внутримышечного введения,10 мг/мл,
Викасол,Менадиона натрия бисульфит,раствор для внутримышечного введения,10 мг/мл,
Викасол,Менадиона натрия бисульфит,раствор для внутримышечного введения,10 мг/мл,
Викасол Велфарм,Менадиона натрия бисульфит,раствор для внутримышечного введения,10 мг/мл,
Викасол,Менадиона натрия бисульфит,таблетки,15 мг,
Викасол,Менадиона натрия бисульфит,таблетки,15 мг,
Менопур®,Менотропины,лиофилизат для приготовления раствора для внутримышечного и подкожного введения,75 МЕ ФСГ+75 МЕ ЛГ,
Гонадотропин менопаузный,Менотропины,лиофилизат для приготовления раствора для внутримышечного и подкожного введения,75 МЕ ФСГ+75 МЕ ЛГ,
Салофальк,Месалазин,суппозитории ректальные,"250 мг, 500 мг",
Месалазин,Месалазин,суппозитории ректальные,"250 мг, 500 мг",
Стрептоцид растворимый,Месульфамид,линимент для наружного применения,0.05,
Стрептоцид растворимый,Месульфамид,линимент для наружного применения,0.05,
Стрептоцид растворимый,Месульфамид,линимент для наружного применения,0.05,
СТРЕПТОЦИД РАСТВОРИМЫЙ,Месульфамид,линимент для наружного применения,0.05,
Стрептоцид растворимый,Месульфамид,линимент для наружного применения,0.05,
Веррукацид®,Метакрезол+Фенол,раствор для наружного применения,,
Борацидум,Метакрезол+Фенол,,392 мг/г+588 мг/г,
Ревалгин,Метамизол натрия+Питофенон+Фенпивериния бромид,раствор для инъекций,,
Спазган,Метамизол натрия+Питофенон+Фенпивериния бромид,раствор для внутривенного и внутримышечного введения,,
Тринальгин,Метамизол натрия+Питофенон+Фенпивериния бромид,раствор для внутривенного и внутримышечного введения,,
Спазмалин®,Метамизол натрия+Питофенон+Фенпивериния бромид,раствор для внутривенного и внутримышечного введения,,
Максиган®,Метамизол натрия+Питофенон+Фенпивериния бромид,раствор для внутривенного и внутримышечного введения,,
Спазмалгон®,Метамизол натрия+Питофенон+Фенпивериния бромид,раствор для внутримышечного введения,500 мг/мл+2 мг/мл+0.02 мг/мл,
Спазматен,Метамизол натрия+Питофенон+Фенпивериния бромид,раствор для внутримышечного введения,(500 мг+2 мг+0.02 мг)/1 мл,
Спазмофарм,Метамизол натрия+Питофенон+Фенпивериния бромид,раствор для внутримышечного введения,500 мг/мл+2 мг/мл+0.02 мг/мл,
Адвантан,Метилпреднизолона ацепонат,крем для наружного применения,0.1%,
АДВОСИЛОН,Метилпреднизолона ацепонат,крем для наружного применения,0.1%,
Комфодерм К,Метилпреднизолона ацепонат,крем для наружного применения,0.1%,
Адвантан,Метилпреднизолона ацепонат,мазь для наружного применения,0.1%,
АДВОСИЛОН,Метилпреднизолона ацепонат,мазь для наружного применения,0.1%,
Метилпреднизолона ацепонат,Метилпреднизолона ацепонат,мазь для наружного применения,0.1%,
Адвантан,Метилпреднизолона ацепонат,мазь для наружного применения,0.1%,
Комфодерм,Метилпреднизолона ацепонат,мазь для наружного применения,0.1%,
Адвантан,Метилпреднизолона ацепонат,эмульсия для наружного применения,0.1%,
Комфодерм,Метилпреднизолона ацепонат,эмульсия для наружного применения,0.1%,
Бом-Бенге,Метилсалицилат+[Рацементол],мазь для наружного применения,,
Бенгей,Метилсалицилат+[Рацементол],крем для наружного применения,,
Эмоксипин,Метилэтилпиридинол,капли глазные,0.01,
Эмоксипин Нео,Метилэтилпиридинол,капли глазные,0.01,
Эмпиридинол космо,Метилэтилпиридинол,капли глазные,0.01,
Виксипин,Метилэтилпиридинол,капли глазные,0.01,
НОРДСИПИН-СЗ,Метилэтилпиридинол,капли глазные,10 мг/мл,
Метилэтилпиридинол,Метилэтилпиридинол,капли глазные,10 мг/мл,
ЭМОПТИК®,Метилэтилпиридинол,капли глазные,0.01,
Эмоксипин,Метилэтилпиридинол,капли глазные,0.01,
Эмсибел,Метилэтилпиридинол,капли глазные,0.01,
Эмокси-оптик,Метилэтилпиридинол,капли глазные,0.01,
Метилэтилпиридинол,Метилэтилпиридинол,капли глазные,0.01,
Эмсибел,Метилэтилпиридинол,раствор для внутривенного и внутримышечного введения,30 мг/мл,
Метилэтилпиридинол,Метилэтилпиридинол,раствор для внутривенного и внутримышечного введения,30 мг/мл,
Эмоксипин,Метилэтилпиридинол,раствор для внутривенного и внутримышечного введения,30 мг/мл,
Кардиоксипин,Метилэтилпиридинол,раствор для внутривенного и внутримышечного введения,30 мг/мл,
Эмоксиакти,Метилэтилпиридинол,раствор для инфузий,5 мг/мл,
Кардиоксипин,Метилэтилпиридинол,раствор для инфузий,5 мг/мл,
Эсмибел,Метилэтилпиридинол,раствор для инфузий,5 мг/мл,
Эмсибел,Метилэтилпиридинол,раствор для инъекций,10 мг/мл,
Метилэтилпиридинол,Метилэтилпиридинол,раствор для инъекций,10 мг/мл,
Метилэтилпиридинол,Метилэтилпиридинол,раствор для инъекций,10 мг/мл,
Метилэтилпиридинол,Метилэтилпиридинол,раствор для инъекций,10 мг/мл,
Эмоксипин,Метилэтилпиридинол,раствор для инъекций,10 мг/мл,
Метилэтилпиридинол-Эском,Метилэтилпиридинол,раствор для инъекций,10 мг/мл,
Метилэтилпиридинол,Метилэтилпиридинол,раствор для парабульбарного и субконъюктивального введения,10 мг/мл,
Метионин,Метионин,"таблетки, покрытые оболочкой",250 мг,
Метионин,Метионин,"таблетки, покрытые оболочкой",250 мг,
Метионин,Метионин,"таблетки, покрытые оболочкой",250 мг,
Метионин,Метионин,"таблетки, покрытые пленочной оболочкой",250 мг,
Метионин,Метионин,"таблетки, покрытые пленочной оболочкой",250 мг,
Метотрексат-Эбеве,Метотрексат,концентрат для приготовления раствора для инфузий,100 мг/мл,
Метотрексат-РОНЦ®,Метотрексат,концентрат для приготовления раствора для инфузий,100 мг/мл,
МЕТОТРЕКСАТ,Метотрексат,концентрат для приготовления раствора для инфузий,100 мг/мл,
Метотрексат,Метотрексат,лиофилизат для приготовления раствора для инфузий,1000 мг,
Метортрит,Метотрексат,раствор для инъекций,10 мг/мл,
Метотрексат,Метотрексат,раствор для инъекций,10 мг/мл,
Метотрексат-Келун-Казфарм,Метотрексат,раствор для инъекций,10 мг/мл,
Методжект®,Метотрексат,раствор для подкожного введения,50 мг/мл,
Метотрексат,Метотрексат,раствор для подкожного введения,50 мг/мл,
Метрогил,Метронидазол,гель для наружного применения,0.01,
Метронидазол ЗД,Метронидазол,гель для наружного применения,0.01,
Метроксидин,Метронидазол,гель для наружного применения,0.01,
Реверсолют,Метронидазол,крем для наружного применения,10 мг/г,
Розамет,Метронидазол,крем для наружного применения,0.01,
Нео-Пенотран®,Метронидазол+Миконазол,суппозитории вагинальные,500 мг+100 мг,
МЕТРОМИКОН-НЕО®,Метронидазол+Миконазол,суппозитории вагинальные,500 мг+100 мг,
Лименда,Метронидазол+Миконазол,суппозитории вагинальные,750 мг+200 мг,
ФЛАНГА,Метронидазол+Миконазол,суппозитории вагинальные,750 мг+200 мг,
Нео-Пенотран® Форте,Метронидазол+Миконазол,суппозитории вагинальные,750 мг+200 мг,
Метродент,Метронидазол+Хлоргексидин,гель стоматологический,10 мг/г+0.5 мг/г,
Дентамет,Метронидазол+Хлоргексидин,гель стоматологический,10 мг/г+1 мг/г,
Метрогил Дента,Метронидазол+Хлоргексидин,гель стоматологический,,
Аджиметрил,Метронидазол+Хлоргексидин,гель стоматологический,1%+0.05%,
Дентостофин,Метронидазол+Хлоргексидин,гель стоматологический,1%+0.05%,
Консудент,Метронидазол+Хлоргексидин,гель стоматологический,1%+0.05%,
Метроксидин дента,Метронидазол+Хлоргексидин,гель стоматологический,1%+0.05%,
Гекмет,Метронидазол+Хлоргексидин,гель стоматологический,1%+0.05%,
Глиптозан плюс,Метформин+Ситаглиптин,"таблетки, покрытые пленочной оболочкой","500 мг+50 мг, 850 мг+50 мг, 1000 мг+50 мг",
Форсиглекс-Акрихин,Метформин+Ситаглиптин,"таблетки, покрытые пленочной оболочкой","500 мг+50 мг, 850 мг+50 мг, 1000 мг+50 мг",
Ревасил,Миноксидил,спрей для наружного применения,0.02,
Алерана,Миноксидил,спрей для наружного применения,"2%, 5%",
Косилон,Миноксидил,спрей для наружного применения,0.05,
Генеролон,Миноксидил,спрей для наружного применения,"2%, 5%",
Косилон,Миноксидил,спрей для наружного применения,0.02,
Регейн,Миноксидил,пена для наружного применения,0.05,
Физиотенз®,Моксонидин,"таблетки, покрытые пленочной оболочкой","0.2 мг, 0.4 мг",
Моксонидин Медисорб,Моксонидин,"таблетки, покрытые пленочной оболочкой","0.2 мг, 0.4 мг",
Элоком,Мометазон,крем для наружного применения,0.1%,
Момейд,Мометазон,крем для наружного применения,0.1%,
Мометазон,Мометазон,крем для наружного применения,0.1%,
МОМЕТАЗОН,Мометазон,крем для наружного применения,0.1%,
Мометазон,Мометазон,крем для наружного применения,0.1%,
Мометазон-Акрихин,Мометазон,крем для наружного применения,0.1%,
Элоком,Мометазон,мазь для наружного применения,0.1%,
Момейд,Мометазон,мазь для наружного применения,0.1%,
Авекорт,Мометазон,мазь для наружного применения,0.1%,
Мометазон,Мометазон,мазь для наружного применения,0.1%,
МОМЕТАЗОН,Мометазон,мазь для наружного применения,0.1%,
Элоком Лосьон,Мометазон,раствор для наружного применения,0.1%,
МОМЕТАЗОН,Мометазон,раствор для наружного применения,0.1%,
Аква Марис,Морская вода,капли назальные,,
Маример,Морская вода,капли назальные,,
Мореназал,Морская вода,капли назальные,,
Морская вода Реневал,Морская вода,капли назальные,,
Физиомер,Морская вода,"спрей назальный, [ДЛЯ ДЕТЕЙ]",,
Маример,Морская вода,аэрозоль назальный,,
Аква Марис плюс,Морская вода,спрей назальный,,
Мореназал,Морская вода,спрей назальный,,
Аква Марис стронг,Морская вода,спрей назальный,,
Аква Марис,Морская вода,спрей назальный дозированный,,
Морская вода Реневал,Морская вода,спрей назальный дозированный,,
Морская вода Реневал,Морская вода,раствор для промывания полости носа,,
Гидроперит,Мочевины пероксид,таблетки для приготовления раствора для местного и наружного применения,1.5 г,
Гидроперит,Мочевины пероксид,таблетки для приготовления раствора для местного и наружного применения,1.5 г,
Гидроперит,Мочевины пероксид,таблетки для приготовления раствора для местного и наружного применения,1.5 г,
Гидроперит,Мочевины пероксид,таблетки для приготовления раствора для местного и наружного применения,,
Бактробан,Мупироцин,мазь для наружного применения,0.02,
Супироцин,Мупироцин,мазь для наружного применения,0.02,
Бондерм,Мупироцин,мазь для наружного применения,0.02,
Муравьиный спирт,Муравьиная кислота,раствор для наружного применения,1.4%,
Муравьиный спирт,Муравьиная кислота,раствор для наружного применения,1.4%,
Муравьиный спирт,Муравьиная кислота,раствор для наружного применения,1.4%,
Муравьиный спирт,Муравьиная кислота,раствор для наружного применения,1.4%,
Муравьиный спирт,Муравьиная кислота,раствор для наружного применения,1.4%,
Муравьиный спирт,Муравьиная кислота,раствор для наружного применения,1.4%,
Муравьиный спирт,Муравьиная кислота,раствор для наружного применения,1.4%,
Муравьиный спирт,Муравьиная кислота,раствор для наружного применения,1.4%,
Муравьиный спирт,Муравьиная кислота,раствор для наружного применения,1.4%,
Муравьиный спирт,Муравьиная кислота,раствор для наружного применения,1.4%,
Муравьиный спирт,Муравьиная кислота,раствор для наружного применения,1.4%,
Муравьиный спирт,Муравьиная кислота,раствор для наружного применения,1.4%,
Муравьиный спирт,Муравьиная кислота,раствор для наружного применения,1.4%,
Муравьиный спирт,Муравьиная кислота,раствор для наружного применения,1.4%,
Муравьиный спирт,Муравьиная кислота,раствор для наружного применения,1.4%,
Муравьиный спирт,Муравьиная кислота,раствор для наружного применения,1.4%,
Муравьиный спирт,Муравьиная кислота,раствор для наружного применения,1.4%,
Муравьиный спирт,Муравьиная кислота,раствор для наружного применения,1.4%,
Муравьиный спирт,Муравьиная кислота,раствор для наружного применения,1.4%,
Муравьиный спирт,Муравьиная кислота,раствор для наружного применения,1.4%,
Муравьиный спирт,Муравьиная кислота,раствор для наружного применения,1.4%,
Муравьиный спирт Реневал,Муравьиная кислота,спрей для наружного применения,1.4%,
Муравьиный спирт,Муравьиная кислота,спрей для наружного применения,1.4%,
Мятные таблетки,Мяты перечной листьев масло,таблетки для рассасывания,,
Мятные таблетки,Мяты перечной листьев масло,таблетки для рассасывания,2.5 мг,
Мятные таблетки,Мяты перечной листьев масло,таблетки для рассасывания,2.5 мг,
Ингалипт,Месульфамид+Мяты перечной листьев масло+Сульфатиазол+Тимол+Эвкалипта листьев масло эфирное,аэрозоль для местного применения,,
Ингалипт,Месульфамид+Мяты перечной листьев масло+Сульфатиазол+Тимол+Эвкалипта листьев масло эфирное,аэрозоль для местного применения,,
Ингалипт,Месульфамид+Мяты перечной листьев масло+Сульфатиазол+Тимол+Эвкалипта листьев масло эфирное,аэрозоль для местного применения,,
Ингалипт,Месульфамид+Мяты перечной листьев масло+Сульфатиазол+Тимол+Эвкалипта листьев масло эфирное,аэрозоль для местного применения,,
Ингалипт,Месульфамид+Мяты перечной листьев масло+Сульфатиазол+Тимол+Эвкалипта листьев масло эфирное,аэрозоль для местного применения,,
Ингалипт,Месульфамид+Мяты перечной листьев масло+Сульфатиазол+Тимол+Эвкалипта листьев масло эфирное,аэрозоль для местного применения,,
Ингалипт-Виал,Месульфамид+Мяты перечной листьев масло+Сульфатиазол+Тимол+Эвкалипта листьев масло эфирное,спрей для местного применения,,
Ингалипт,Месульфамид+Мяты перечной листьев масло+Сульфатиазол+Тимол+Эвкалипта листьев масло эфирное,спрей для местного применения,,
Ингалипт,Месульфамид+Мяты перечной листьев масло+Сульфатиазол+Тимол+Эвкалипта листьев масло эфирное,спрей для местного применения,,
Ингалипт,Месульфамид+Мяты перечной листьев масло+Сульфатиазол+Тимол+Эвкалипта листьев масло эфирное,спрей для местного применения,,
Ингалипт-Н,Месульфамид+Мяты перечной листьев масло+Сульфатиазол+Тимол+Эвкалипта листьев масло эфирное,спрей для местного применения,,
Корвалол,Мяты перечной листьев масло+Фенобарбитал+Этилбромизовалерианат,капли для приема внутрь,,
Корвалол,Мяты перечной листьев масло+Фенобарбитал+Этилбромизовалерианат,капли для приема внутрь,,
Корвалол,Мяты перечной листьев масло+Фенобарбитал+Этилбромизовалерианат,капли для приема внутрь,,
Корвалол,Мяты перечной листьев масло+Фенобарбитал+Этилбромизовалерианат,капли для приема внутрь,,
Корвалол,Мяты перечной листьев масло+Фенобарбитал+Этилбромизовалерианат,капли для приема внутрь,,
КОРВАЛОЛ-ЭКСТРА,Мяты перечной листьев масло+Фенобарбитал+Этилбромизовалерианат,капли для приема внутрь,,
Корвалол,Мяты перечной листьев масло+Фенобарбитал+Этилбромизовалерианат,капли для приема внутрь,,
Корвалол,Мяты перечной листьев масло+Фенобарбитал+Этилбромизовалерианат,капли для приема внутрь,,
Корвалол,Мяты перечной листьев масло+Фенобарбитал+Этилбромизовалерианат,капли для приема внутрь,,
Корвалол,Мяты перечной листьев масло+Фенобарбитал+Этилбромизовалерианат,капли для приема внутрь,,
Корвалол,Мяты перечной листьев масло+Фенобарбитал+Этилбромизовалерианат,капли для приема внутрь,,
Корвалол,Мяты перечной листьев масло+Фенобарбитал+Этилбромизовалерианат,капли для приема внутрь,,
Корвалол,Мяты перечной листьев масло+Фенобарбитал+Этилбромизовалерианат,капли для приема внутрь,,
Корвалол,Мяты перечной листьев масло+Фенобарбитал+Этилбромизовалерианат,капли для приема внутрь,,
Корвалол Реневал,Мяты перечной листьев масло+Фенобарбитал+Этилбромизовалерианат,капли для приема внутрь,,
Корвалол,Мяты перечной листьев масло+Фенобарбитал+Этилбромизовалерианат,капли для приема внутрь,,
Корвалол,Мяты перечной листьев масло+Фенобарбитал+Этилбромизовалерианат,капли для приема внутрь,,
Корвалол,Мяты перечной листьев масло+Фенобарбитал+Этилбромизовалерианат,капли для приема внутрь,,
Корвалол,Мяты перечной листьев масло+Фенобарбитал+Этилбромизовалерианат,капли для приема внутрь,,
Корвалол,Мяты перечной листьев масло+Фенобарбитал+Этилбромизовалерианат,капли для приема внутрь,,
Корвалол-МФФ,Мяты перечной листьев масло+Фенобарбитал+Этилбромизовалерианат,капли для приема внутрь,,
Корвалол,Мяты перечной листьев масло+Фенобарбитал+Этилбромизовалерианат,таблетки,,
Корвалол,Мяты перечной листьев масло+Фенобарбитал+Этилбромизовалерианат,таблетки,,
Корвалол,Мяты перечной листьев масло+Фенобарбитал+Этилбромизовалерианат,таблетки,,
Корвалол,Мяты перечной листьев масло+Фенобарбитал+Этилбромизовалерианат,таблетки,0.58 мг+7.5 мг+8.2 мг,
ВАЛОСЕРДИН® ТАБ,Мяты перечной листьев масло+Фенобарбитал+Этилбромизовалерианат,таблетки,,
Корвалол,Мяты перечной листьев масло+Фенобарбитал+Этилбромизовалерианат,таблетки,,
Мяты перечной настойка,Мяты перечной листьев настойка,настойка,,
Мяты перечной настойка,Мяты перечной листьев настойка,настойка,,
Мяты перечной настойка,Мяты перечной листьев настойка,настойка,,
Мяты перечной настойка,Мяты перечной листьев настойка,настойка,,
Мяты перечной настойка,Мяты перечной листьев настойка,настойка,,
Мяты перечной настойка,Мяты перечной листьев настойка,настойка,,
Мяты перечной настойка,Мяты перечной листьев настойка,настойка,,
Мяты перечной настойка,Мяты перечной листьев настойка,настойка,,
Мяты перечной настойка,Мяты перечной листьев настойка,настойка,,
Мяты перечной настойка,Мяты перечной листьев настойка,настойка,,
Налгезин,Напроксен,"таблетки, покрытые пленочной оболочкой",275 мг,
Новема,Напроксен,"таблетки, покрытые пленочной оболочкой",275 мг,
Примацин,Натамицин,крем для наружного и местного применения,0.02,
НАТАМИЦИН АВЕКСИМА,Натамицин,крем для наружного и местного применения,0.02,
Пимафуцин,Натамицин,крем для наружного применения,0.02,
Натамицин,Натамицин,суппозитории вагинальные,100 мг,
ПРИМАЦИН,Натамицин,суппозитории вагинальные,100 мг,
НАТАМИЦИН,Натамицин,суппозитории вагинальные,100 мг,
Натамицин-ВЕРТЕКС,Натамицин,суппозитории вагинальные,100 мг,
Натафуцин®,Натамицин,суппозитории вагинальные,100 мг,
Пимафуцин,Натамицин,суппозитории вагинальные,100 мг,
Натальсид,Натрия алгинат,суппозитории ректальные,250 мг,
Лиокталь,Натрия алгинат,суппозитории ректальные,250 мг,
Натрия алгинат,Натрия алгинат,суппозитории ректальные,250 мг,
НАТРИЯ АЛГИНАТ,Натрия алгинат,суппозитории ректальные,250 мг,
ВЕНАПРОКТ АЛИУМ,Натрия алгинат,суппозитории ректальные,250 мг,
Натрия альгинат,Натрия алгинат,суппозитории ректальные,250 мг,
Геморрекс,Натрия алгинат,суппозитории ректальные,250 мг,
Дисоль,Натрия ацетат+Натрия хлорид,раствор для инфузий,,
Дисоль,Натрия ацетат+Натрия хлорид,раствор для инфузий,,
Дисоль,Натрия ацетат+Натрия хлорид,раствор для инфузий,,
Дисоль,Натрия ацетат+Натрия хлорид,раствор для инфузий,,
Дисоль,Натрия ацетат+Натрия хлорид,раствор для инфузий,,
Дисоль,Натрия ацетат+Натрия хлорид,раствор для инфузий,,
Дисоль,Натрия ацетат+Натрия хлорид,раствор для инфузий,,
Дисоль,Натрия ацетат+Натрия хлорид,раствор для инфузий,,
Дисоль,Натрия ацетат+Натрия хлорид,раствор для инфузий,,
Натрия гидрокарбонат-Эском,Натрия гидрокарбонат,раствор для инфузий,0.05,
Натрия гидрокарбонат,Натрия гидрокарбонат,раствор для инфузий,0.05,
Натрия гидрокарбонат,Натрия гидрокарбонат,раствор для инфузий,0.05,
Энема Клин,Натрия гидрофосфат+Натрия дигидрофосфат,раствор для ректального введения,,
Энемафосфо,Натрия гидрофосфат+Натрия дигидрофосфат,раствор ректальный,,
"Натрия йодид, 131I",Натрия йодид [131I],раствор для приема внутрь,,
"Натрия йодид, 131-I",Натрия йодид [131I],раствор для приема внутрь,"120 МБк, 200 МБк, 400 МБк, 600 МБк, 1000 МБк, 1200 МБк, 2000 МБк, 4000 МБк",
Хартмана раствор,Натрия лактата раствор сложный [Калия хлорид+Кальция хлорид+Натрия хлорид+Натрия лактат],раствор для инфузий,,
Рингер лактат,Натрия лактата раствор сложный [Калия хлорид+Кальция хлорид+Натрия хлорид+Натрия лактат],раствор для инфузий,,
Хартмана раствор,Натрия лактата раствор сложный [Калия хлорид+Кальция хлорид+Натрия хлорид+Натрия лактат],раствор для инфузий,,
Рингер лактат,Натрия лактата раствор сложный [Калия хлорид+Кальция хлорид+Натрия хлорид+Натрия лактат],раствор для инфузий,,
Микролакс,Натрия лаурилсульфоацетат+Натрия цитрат+Сорбитол,раствор ректальный,,
Натрия цитрат+Натрия лаурилсульфоацетат+Сорбитол,Натрия лаурилсульфоацетат+Натрия цитрат+Сорбитол,раствор ректальный,,
СЛАБИПРОКТ,Натрия лаурилсульфоацетат+Натрия цитрат+Сорбитол,раствор ректальный,9 мг/мл+90 мг/мл+625 мг/мл,
СОЛИРЕКТ,Натрия лаурилсульфоацетат+Натрия цитрат+Сорбитол,раствор ректальный,9 мг/мл+90 мг/мл+625 мг/мл,
Лаксотрия,Натрия лаурилсульфоацетат+Натрия цитрат+Сорбитол,раствор ректальный,9 мг/мл+90 мг/мл+625 мг/мл,
Лакс Канон,Натрия лаурилсульфоацетат+Натрия цитрат+Сорбитол,раствор ректальный,,
Моделакс®-Н,Натрия лаурилсульфоацетат+Натрия цитрат+Сорбитол,раствор ректальный,,
"Натрия пертехнетат 99mТc, из экстракционного генератора",Натрия пертехнетат [99mТс],раствор для внутривенного введения,7.5 ГБк,
"Натрия пертехнетат 99mТc, из генератора",Натрия пертехнетат [99mТс],раствор для внутривенного введения,,
"Натрия пертехнетат 99mТc, экстракционный",Натрия пертехнетат [99mТс],раствор для внутривенного введения,"0.5 ГБк, 3 ГБк, 7 ГБк, 15 ГБк",
Гутталакс®,Натрия пикосульфат,таблетки,5 мг,
Натрия пикосульфат Медисорб,Натрия пикосульфат,таблетки,5 мг,
Эвакупикс,Натрия пикосульфат,таблетки,5 мг,
Пикорегулон®,Натрия пикосульфат,таблетки,5 мг,
НАТРИЯ ТИОСУЛЬФАТ-АЛИУМ,Натрия тиосульфат,раствор для внутривенного введения,300 мг/мл,
Натрия тиосульфат,Натрия тиосульфат,раствор для внутривенного введения,300 мг/мл,
Натрия тиосульфат,Натрия тиосульфат,раствор для внутривенного введения,300 мг/мл,
Натрия тиосульфат Велфарм,Натрия тиосульфат,раствор для внутривенного введения,300 мг/мл,
Натрия тиосульфат,Натрия тиосульфат,раствор для внутривенного введения,300 мг/мл,
Натрия тиосульфат,Натрия тиосульфат,раствор для внутривенного введения,300 мг/мл,
Натрия тиосульфат,Натрия тиосульфат,раствор для внутривенного введения,300 мг/мл,
Натрия тетрабората раствор в глицерине,Натрия тетраборат,раствор для местного и наружного применения,0.2,
Натрия тетрабората раствор в глицерине,Натрия тетраборат,раствор для местного и наружного применения,0.2,
НАТРИЯ ТЕТРАБОРАТ,Натрия тетраборат,раствор для местного и наружного применения,0.2,
Натрия тетраборат,Натрия тетраборат,раствор для местного и наружного применения,0.2,
Натрия тетрабората раствор в глицерине,Натрия тетраборат,раствор для местного и наружного применения,0.2,
Натрия тетрабората раствор в глицерине,Натрия тетраборат,раствор для местного и наружного применения,0.2,
Натрия тетраборат,Натрия тетраборат,раствор для местного и наружного применения,0.2,
НАТРИЯ ТЕТРАБОРАТА РАСТВОР В ГЛИЦЕРИНЕ,Натрия тетраборат,раствор для местного и наружного применения,0.2,
Натрия тетраборат,Натрия тетраборат,спрей для местного и наружного применения,0.2,
Натрия хлорид,Натрия хлорид,раствор для инфузий,0.9%,
Натрия хлорид,Натрия хлорид,раствор для инфузий,0.9%,
Натрия хлорид Реневал,Натрия хлорид,раствор для инфузий,0.9%,
Натрия хлорид,Натрия хлорид,раствор для инфузий,0.9%,
Натрия хлорид,Натрия хлорид,раствор для инфузий,0.9%,
Натрия хлорид,Натрия хлорид,раствор для инфузий,0.9%,
Натрия хлорид,Натрия хлорид,раствор для инфузий,0.9%,
Натрия хлорид,Натрия хлорид,раствор для инфузий,0.9%,
Натрия хлорид,Натрия хлорид,раствор для инфузий,0.9%,
Натрия хлорид,Натрия хлорид,раствор для инфузий,0.9%,
Натрия хлорид,Натрия хлорид,раствор для инфузий,0.9%,
Натрия хлорид,Натрия хлорид,раствор для инфузий,0.9%,
Натрия хлорид,Натрия хлорид,раствор для инфузий,0.9%,
Натрия хлорид,Натрия хлорид,раствор для инфузий,0.9%,
Натрия хлорид,Натрия хлорид,раствор для инфузий,0.9%,
Натрия хлорид,Натрия хлорид,раствор для инфузий,0.9%,
Натрия хлорид,Натрия хлорид,раствор для инфузий,0.9%,
Натрия хлорид,Натрия хлорид,раствор для инфузий,0.9%,
Натрия хлорид,Натрия хлорид,раствор для инфузий,0.9%,
Натрия хлорид,Натрия хлорид,раствор для инфузий,0.9%,
Натрия хлорид,Натрия хлорид,раствор для инфузий,9 мг/мл,
Натрия хлорид,Натрия хлорид,раствор для инфузий,0.9%,
Натрия хлорид,Натрия хлорид,раствор для инфузий,0.9%,
Натрия хлорид,Натрия хлорид,раствор для инфузий,0.9%,
Натрия хлорид,Натрия хлорид,раствор для инфузий,0.9%,
Натрия хлорид,Натрия хлорид,раствор для инфузий,0.9%,
Натрия хлорид-СОЛОфарм,Натрия хлорид,раствор для инфузий,0.9%,
НАТРИЯ ХЛОРИД,Натрия хлорид,раствор для инфузий,0.9%,
Натрия хлорид,Натрия хлорид,раствор для инфузий,0.9%,
Натрия хлорид,Натрия хлорид,раствор для инфузий,0.9%,
Натрия хлорид,Натрия хлорид,раствор для инфузий,0.9%,
Натрия хлорид,Натрия хлорид,раствор для инфузий,0.9%,
Натрия хлорид,Натрия хлорид,раствор для инфузий,0.9%,
Натрия хлорид,Натрия хлорид,раствор для инъекций,0.9%,
Натрия хлорид,Натрия хлорид,раствор для инъекций,0.9%,
Натрия хлорид,Натрия хлорид,раствор для инъекций,0.9%,
Натрия хлорид,Натрия хлорид,раствор для инъекций,0.9%,
Натрия хлорид,Натрия хлорид,растворитель для приготовления лекарственных форм для инъекций,0.9%,
Натрия хлорид,Натрия хлорид,растворитель для приготовления лекарственных форм для инъекций,0.9%,
Натрия хлорид,Натрия хлорид,растворитель для приготовления лекарственных форм для инъекций,9 мг/мл,
Натрия хлорид,Натрия хлорид,растворитель для приготовления лекарственных форм для инъекций,0.9%,
Натрия хлорид,Натрия хлорид,растворитель для приготовления лекарственных форм для инъекций,0.9%,
Натрия хлорид,Натрия хлорид,растворитель для приготовления лекарственных форм для инъекций,0.9%,
Натрия хлорид,Натрия хлорид,растворитель для приготовления лекарственных форм для инъекций,0.9%,
Натрия хлорид,Натрия хлорид,растворитель для приготовления лекарственных форм для инъекций,0.9%,
Натрия хлорид,Натрия хлорид,растворитель для приготовления лекарственных форм для инъекций,0.9%,
Натрия хлорид,Натрия хлорид,растворитель для приготовления лекарственных форм для инъекций,9 мг/мл,
Натрия хлорид,Натрия хлорид,растворитель для приготовления лекарственных форм для инъекций,0.9%,
Натрия хлорид,Натрия хлорид,растворитель для приготовления лекарственных форм для инъекций,0.9%,
Натрия хлорид,Натрия хлорид,растворитель для приготовления лекарственных форм для инъекций,0.9%,
Натрия хлорид,Натрия хлорид,растворитель для приготовления лекарственных форм для инъекций,0.9%,
Натрия хлорид,Натрия хлорид,растворитель для приготовления лекарственных форм для инъекций,0.9%,
Натрия хлорид,Натрия хлорид,растворитель для приготовления лекарственных форм для инъекций,0.9%,
Натрия хлорид,Натрия хлорид,растворитель для приготовления лекарственных форм для инъекций,0.9%,
Натрия хлорид,Натрия хлорид,растворитель для приготовления лекарственных форм для инъекций,0.9%,
Натрия хлорид,Натрия хлорид,растворитель для приготовления лекарственных форм для инъекций,0.9%,
Натрия хлорид буфус,Натрия хлорид,растворитель для приготовления лекарственных форм для инъекций,0.9%,
Натрия хлорид,Натрия хлорид,спрей назальный,"0.65%, 0.9%",
Натрия хлорид,Натрия хлорид,спрей назальный,"0.65%, 0.9%",
Аква-риносоль,Натрия хлорид,спрей назальный,"0.65%, 0.9%",
ИЗОСОЛАКВА,Натрия хлорид,спрей назальный,"0.65%, 0.9%",
АкваМастер,Натрия хлорид,спрей назальный,0.65%,
Назол Аква,Натрия хлорид,спрей назальный,0.65%,
Рингер,Натрия хлорида раствор сложный [Калия хлорид+Кальция хлорид+Натрия хлорид],раствор для инфузий,,
Рингер,Натрия хлорида раствор сложный [Калия хлорид+Кальция хлорид+Натрия хлорид],раствор для инфузий,,
Рингер,Натрия хлорида раствор сложный [Калия хлорид+Кальция хлорид+Натрия хлорид],раствор для инфузий,,
Раствор Рингера Реневал,Натрия хлорида раствор сложный [Калия хлорид+Кальция хлорид+Натрия хлорид],раствор для инфузий,,
Рингер,Натрия хлорида раствор сложный [Калия хлорид+Кальция хлорид+Натрия хлорид],раствор для инфузий,,
Рингер,Натрия хлорида раствор сложный [Калия хлорид+Кальция хлорид+Натрия хлорид],раствор для инфузий,,
Рингер,Натрия хлорида раствор сложный [Калия хлорид+Кальция хлорид+Натрия хлорид],раствор для инфузий,,
Рингера раствор,Натрия хлорида раствор сложный [Калия хлорид+Кальция хлорид+Натрия хлорид],раствор для инфузий,,
Рингера раствор,Натрия хлорида раствор сложный [Калия хлорид+Кальция хлорид+Натрия хлорид],раствор для инфузий,,
Рингера раствор,Натрия хлорида раствор сложный [Калия хлорид+Кальция хлорид+Натрия хлорид],раствор для инфузий,,
Рингера раствор,Натрия хлорида раствор сложный [Калия хлорид+Кальция хлорид+Натрия хлорид],раствор для инфузий,,
Рингера раствор,Натрия хлорида раствор сложный [Калия хлорид+Кальция хлорид+Натрия хлорид],раствор для инфузий,,
Раствор Рингера,Натрия хлорида раствор сложный [Калия хлорид+Кальция хлорид+Натрия хлорид],раствор для инфузий,,
Раствор Рингера,Натрия хлорида раствор сложный [Калия хлорид+Кальция хлорид+Натрия хлорид],раствор для инфузий,,
Рингер-СОЛОфарм,Натрия хлорида раствор сложный [Калия хлорид+Кальция хлорид+Натрия хлорид],раствор для инфузий,,
Раствор Рингера для инфузий,Натрия хлорида раствор сложный [Калия хлорид+Кальция хлорид+Натрия хлорид],раствор для инфузий,,
Нафтизин,Нафазолин,капли назальные,"0.05%, 0.1%",
Нафтизин,Нафазолин,капли назальные,"0.05%, 0.1%",
Нафтизин,Нафазолин,капли назальные,"0.05%, 0.1%",
Нафтизин,Нафазолин,капли назальные,"0.05%, 0.1%",
Нафтизин,Нафазолин,капли назальные,"0.05%, 0.1%",
Нафтизин,Нафазолин,капли назальные,"0.05%, 0.1%",
Нафтизин,Нафазолин,капли назальные,"0.05%, 0.1%",
Нафтизин,Нафазолин,капли назальные,"0.05%, 0.1%",
Нафтизин,Нафазолин,капли назальные,"0.05%, 0.1%",
Тизилек,Нафазолин,капли назальные,"0.05%, 0.1%",
НАФТИЗИН,Нафазолин,капли назальные,"0.05%, 0.1%",
НАФТИЗИН,Нафазолин,капли назальные,"0.05%, 0.1%",
Нафтизин,Нафазолин,капли назальные,"0.05%, 0.1%",
НАФТИЗИН,Нафазолин,капли назальные,"0.05%, 0.1%",
Нафтизин,Нафазолин,капли назальные,"0.05%, 0.1%",
Нафтизин,Нафазолин,капли назальные,"0.05%, 0.1%",
Нафтизин,Нафазолин,капли назальные,"0.05%, 0.1%",
Нафтизин,Нафазолин,капли назальные,"0.05%, 0.1%",
Санорин,Нафазолин,капли назальные,"0.05%, 0.1%",
Санорин,Нафазолин,капли назальные,"0.05%, 0.1%",
Нафтизин,Нафазолин,капли назальные,"0.05%, 0.1%",
Нафтизин,Нафазолин,спрей назальный,0.1%,
Нафазолин,Нафазолин,спрей назальный,100 мкг/доза,
Санорин,Нафазолин,спрей назальный [с ментолом и эвкалиптом],0.1%,
Ивилект,Нафазолин,спрей назальный [с ментолом и эвкалиптом],0.1%,
Нафтифин,Нафтифин,крем для наружного применения,0.01,
Экзодерил,Нафтифин,крем для наружного применения,0.01,
Экзостат,Нафтифин,крем для наружного применения,0.01,
Микодерил,Нафтифин,крем для наружного применения,0.01,
НАФТИФИН,Нафтифин,крем для наружного применения,0.01,
Нафтифин,Нафтифин,крем для наружного применения,0.01,
Нафтифин-Тева,Нафтифин,крем для наружного применения,0.01,
ЭРКАДЕРИЛ,Нафтифин,крем для наружного применения,0.01,
Нафтифин,Нафтифин,крем для наружного применения,0.01,
Нафтирил Мико,Нафтифин,крем для наружного применения,0.01,
АДЖИДЕРИЛИН,Нафтифин,крем для наружного применения,0.01,
ЭКЗОМИРОЛ ЗД,Нафтифин,крем для наружного применения,0.01,
Экзохелп,Нафтифин,крем для наружного применения,0.01,
НАФТИФИН,Нафтифин,крем для наружного применения,0.01,
Нафтифин,Нафтифин,крем для наружного применения,0.01,
Нафтодерил,Нафтифин,крем для наружного применения,0.01,
Полижинакс®,Неомицин+Нистатин+Полимиксин B,капсулы вагинальные,,
Аминтакс,Неомицин+Нистатин+Полимиксин B,суппозитории вагинальные,35000 МЕ+100000 МЕ+35000 МЕ,
Прозерин,Неостигмина метилсульфат,раствор для инъекций,0.5 мг/мл,
Прозерин,Неостигмина метилсульфат,раствор для инъекций,0.5 мг/мл,
Прозерин,Неостигмина метилсульфат,раствор для внутривенного и подкожного введения,0.5 мг/мл,
Неттависк,Нетилмицин,мазь глазная,0.3%,
Неттацин,Нетилмицин,капли глазные,0.3%,
Акупан-Биокодекс,Нефопам,раствор для инфузий и внутримышечного введения,10 мг/мл,
Нефалгин 10,Нефопам,раствор для инфузий и внутримышечного введения,10 мг/мл,
Кордиамин,Никетамид,капли для приема внутрь,250 мг/мл,
Кордиамин,Никетамид,капли для приема внутрь,250 мг/мл,
Кордиамин,Никетамид,капли для приема внутрь,250 мг/мл,
Кордиамин,Никетамид,капли для приема внутрь,250 мг/мл,
КОРДИАМИН,Никетамид,капли для приема внутрь,250 мг/мл,
Кордиамин,Никетамид,капли для приема внутрь,250 мг/мл,
Кордиамин,Никетамид,капли для приема внутрь,250 мг/мл,
КОРДИАМИН,Никетамид,капли для приема внутрь,250 мг/мл,
Кордиамин,Никетамид,капли для приема внутрь,250 мг/мл,
Кордиамин-Эко,Никетамид,раствор для инъекций,250 мг/мл,
Никетамид-Эском,Никетамид,раствор для инъекций,250 мг/мл,
Кордиамин,Никетамид,раствор для инъекций,250 мг/мл,
Кордиамин,Никетамид,раствор для инъекций,250 мг/мл,
Кордиамин,Никетамид,раствор для инъекций,250 мг/мл,
Кордиамин,Никетамид,раствор для инъекций,250 мг/мл,
Кордиамин,Никетамид,раствор для инъекций,250 мг/мл,
Кордиамин,Никетамид,раствор для инъекций,250 мг/мл,
Кордиамин,Никетамид,раствор для инъекций,250 мг/мл,
Кордиамин,Никетамид,раствор для инъекций,250 мг/мл,
Кордиамин,Никетамид,раствор для инъекций,250 мг/мл,
Финалгон,Никобоксил+Нонивамид,крем для наружного применения,,
Финалгон,Никобоксил+Нонивамид,мазь для наружного применения,,
НОДЕРФЕН,Никобоксил+Нонивамид,мазь для наружного применения,2.5%+0.4%,
Никотиновая кислота,Никотиновая кислота,раствор для инъекций,10 мг/мл,
Никотиновая кислота буфус,Никотиновая кислота,раствор для инъекций,10 мг/мл,
Никотиновая кислота-Виал,Никотиновая кислота,раствор для инъекций,10 мг/мл,
Никотиновая кислота,Никотиновая кислота,раствор для инъекций,10 мг/мл,
Никотиновая кислота,Никотиновая кислота,раствор для инъекций,10 мг/мл,
Никотиновая кислота-СОЛОфарм,Никотиновая кислота,раствор для инъекций,10 мг/мл,
Никотиновая кислота,Никотиновая кислота,раствор для инъекций,10 мг/мл,
НИКОТИНОВАЯ КИСЛОТА,Никотиновая кислота,раствор для инъекций,10 мг/мл,
Никотиновая кислота,Никотиновая кислота,раствор для инъекций,10 мг/мл,
Пикамилон®,Никотиноил гамма-аминомасляная кислота,таблетки,"20 мг, 50 мг",
Пиканоил®,Никотиноил гамма-аминомасляная кислота,таблетки,"20 мг, 50 мг",
Пикамилон,Никотиноил гамма-аминомасляная кислота,таблетки,"20 мг, 50 мг",
Пикамилон,Никотиноил гамма-аминомасляная кислота,раствор для внутривенного и внутримышечного введения,"50 мг/мл, 100 мг/мл",
Амилоносар,Никотиноил гамма-аминомасляная кислота,раствор для внутривенного и внутримышечного введения,"50 мг/мл, 100 мг/мл",
НИМЕСУЛИД - ИНКАМФАРМ,Нимесулид,гель для наружного применения,0.01,
Нимесулид-ВЕРТЕКС,Нимесулид,гель для наружного применения,0.01,
Найз Активгель,Нимесулид,гель для наружного применения,0.01,
Нимулид,Нимесулид,гель для наружного применения,0.01,
Найз,Нимесулид,гель для наружного применения,0.01,
Нимесулид,Нимесулид,гель для наружного применения,0.01,
Нимесулид,Нимесулид,гель для наружного применения,0.01,
Нимесулид,Нимесулид,гель для наружного применения,0.01,
АДЖИНИМ,Нимесулид,гель для наружного применения,0.01,
НИМЕСУЛИД,Нимесулид,гель для наружного применения,0.01,
Миалайс®,Нимесулид,гель для наружного применения,0.01,
Нимесулид-Акрихин,Нимесулид,гель для наружного применения,0.01,
Нимесулид,Нимесулид,гель для наружного применения,0.01,
НИМЕСУЛИД,Нимесулид,гель для наружного применения,0.01,
Нимесулид форте,Нимесулид,гель для наружного применения,0.02,
Найз,Нимесулид,спрей для наружного применения,0.01,
Нистатин,Нистатин,мазь для наружного применения,100000 ЕД/г,
Нистатин,Нистатин,мазь для наружного применения,100000 ЕД/г,
Нистатин,Нистатин,суппозитории вагинальные,"250000 ЕД, 500000 ЕД",
Нистатин,Нистатин,суппозитории вагинальные,"250000 ЕД, 500000 ЕД",
Макмирагил комплекс,Нистатин+Нифурател,крем вагинальный,40000 МЕ/г+0.1 г/г,
Макмирор® Комплекс,Нистатин+Нифурател,крем вагинальный,(40000 МЕ+100 мг)/г,
Нитроминт®,Нитроглицерин,спрей подъязычный дозированный,0.4 мг/доза,
Нитроглицерин,Нитроглицерин,спрей подъязычный дозированный,0.4 мг/доза,
Нитроспрей,Нитроглицерин,спрей подъязычный дозированный,0.4 мг/доза,
Нитроглицерин,Нитроглицерин,спрей подъязычный дозированный,0.4 мг/доза,
Нитроспринт®,Нитроглицерин,спрей подъязычный дозированный,0.4 мг/доза,
Нитроглицерин,Нитроглицерин,спрей подъязычный дозированный,0.4 мг/доза,
Нитроглицерин,Нитроглицерин,концентрат для приготовления раствора для инфузий,1 мг/мл,
Нитроглицерин,Нитроглицерин,концентрат для приготовления раствора для инфузий,1 мг/мл,
Перлинганит®,Нитроглицерин,концентрат для приготовления раствора для инфузий,1 мг/мл,
Фурацилин,Нитрофурал,"раствор для местного и наружного применения, [спиртовой]",0.067%,
Фурацилин,Нитрофурал,"раствор для местного и наружного применения, [спиртовой]",0.067%,
Фурацилин,Нитрофурал,"раствор для местного и наружного применения, [спиртовой]",0.067%,
Фурацилин,Нитрофурал,"раствор для местного и наружного применения, [спиртовой]",0.067%,
Фурацилин,Нитрофурал,"раствор для местного и наружного применения, [спиртовой]",0.067%,
Фурацилин,Нитрофурал,раствор для местного и наружного применения,0.02%,
Фурацилин Нашфарм®,Нитрофурал,раствор для местного и наружного применения,0.02%,
Фурацилин,Нитрофурал,раствор для местного и наружного применения,0.02%,
Фурацилин,Нитрофурал,раствор для местного и наружного применения,0.02%,
Фурацилин,Нитрофурал,раствор для местного и наружного применения,0.02%,
Фурацилин,Нитрофурал,раствор для местного и наружного применения,0.02%,
Фурацилин,Нитрофурал,раствор для местного и наружного применения,0.02%,
Фурацилин-Алиум,Нитрофурал,раствор для местного и наружного применения,0.02%,
ФУРАЦИЛИН,Нитрофурал,порошок для приготовления раствора для местного и наружного применения,20 МГ,
Фурацилин,Нитрофурал,концентрат для приготовления раствора для местного и наружного применения,4 мг/мл,
Фурацилин,Нитрофурал,концентрат для приготовления раствора для местного и наружного применения,4 мг/мл,
Фурацилин,Нитрофурал,таблетки для приготовления раствора для местного и наружного применения,20 мг,
Фурацилин,Нитрофурал,таблетки для приготовления раствора для местного и наружного применения,20 мг,
Фурацилин,Нитрофурал,таблетки для приготовления раствора для местного и наружного применения,20 мг,
Фурацилин,Нитрофурал,таблетки для приготовления раствора для местного и наружного применения,20 мг,
Фурацилин,Нитрофурал,таблетки для приготовления раствора для местного и наружного применения,20 мг,
ФУРАЦИЛИН,Нитрофурал,таблетки для приготовления раствора для местного и наружного применения,20 мг,
Фурацилин,Нитрофурал,таблетки для приготовления раствора для местного и наружного применения,20 мг,
Фурацилин,Нитрофурал,таблетки для приготовления раствора для местного и наружного применения,20 мг,
Фурацилин Реневал,Нитрофурал,таблетки для приготовления раствора для местного и наружного применения,20 мг,
Фурацилин,Нитрофурал,таблетки для приготовления раствора для местного и наружного применения,20 мг,
Фурацилин,Нитрофурал,таблетки для приготовления раствора для местного и наружного применения,20 мг,
ФУРАЦИЛИН,Нитрофурал,таблетки для приготовления раствора для местного и наружного применения,20 мг,
Фурацилин-ЛекТ,Нитрофурал,таблетки для приготовления раствора для местного и наружного применения,20 мг,
Фурацилин,Нитрофурал,таблетки шипучие для приготовления раствора для местного и наружного применения,20 мг,
Фурацилин Реневал,Нитрофурал,таблетки шипучие для приготовления раствора для местного и наружного применения,20 мг,
Фурацилин Авексима,Нитрофурал,таблетки шипучие для приготовления раствора для местного и наружного применения,20 мг,
Норадреналин Агетан,Норэпинефрин,концентрат для приготовления раствора для внутривенного введения,2 мг/мл,
Норэпинефрин,Норэпинефрин,концентрат для приготовления раствора для внутривенного введения,2 мг/мл,
Норэпинефрин,Норэпинефрин,концентрат для приготовления раствора для внутривенного введения,2 мг/мл,
Норэпинефрин Велфарм,Норэпинефрин,концентрат для приготовления раствора для внутривенного введения,2 мг/мл,
Норэпинефрин,Норэпинефрин,концентрат для приготовления раствора для внутривенного введения,2 мг/мл,
Норэпинефрин Калцекс,Норэпинефрин,концентрат для приготовления раствора для внутривенного введения,2 мг/мл,
Норэпинефрин-АКОС,Норэпинефрин,концентрат для приготовления раствора для внутривенного введения,2 мг/мл,
Норэпинефрин,Норэпинефрин,концентрат для приготовления раствора для внутривенного введения,2 мг/мл,
Норэпинефрин,Норэпинефрин,концентрат для приготовления раствора для внутривенного введения,"1 мг/мл, 2 мг/мл",
Норэпинефрин,Норэпинефрин,концентрат для приготовления раствора для внутривенного введения,"1 мг/мл, 2 мг/мл",
НОРЭПИНЕФРИН,Норэпинефрин,концентрат для приготовления раствора для внутривенного введения,"1 мг/мл, 2 мг/мл",
Гипорамин,Облепихи крушиновидной листьев экстракт,таблетки сублингвальные,0.02 г,
Гипорамин,Облепихи крушиновидной листьев экстракт,таблетки подъязычные,20 мг,
Облепиховое масло,Облепихи крушиновидной плодов масло,"масло для приема внутрь, местного и наружного применения",,
Облепиховое масло,Облепихи крушиновидной плодов масло,"масло для приема внутрь, местного и наружного применения",,
Облепиховое масло,Облепихи крушиновидной плодов масло,"масло для приема внутрь, местного и наружного применения",,
Облепиховое масло,Облепихи крушиновидной плодов масло,"масло для приема внутрь, местного и наружного применения",,
ОБЛЕПИХОВОЕ МАСЛО,Облепихи крушиновидной плодов масло,"масло для приема внутрь, местного и наружного применения",,
Облепиховое масло,Облепихи крушиновидной плодов масло,"масло для приема внутрь, местного и наружного применения",,
Облепиховое масло,Облепихи крушиновидной плодов масло,"масло для приема внутрь, местного и наружного применения",,
Облепиховое масло,Облепихи крушиновидной плодов масло,"масло для приема внутрь, местного и наружного применения",,
Облепиховое масло из плодов и листьев,Облепихи крушиновидной плодов масло,"масло для приема внутрь, местного и наружного применения",,
Облепиховое масло,Облепихи крушиновидной плодов масло,суппозитории ректальные,500 мг,
Облепиховое масло,Облепихи крушиновидной плодов масло,суппозитории ректальные,500 мг,
Облепиховое масло,Облепихи крушиновидной плодов масло,суппозитории ректальные,,
Облепиховое масло,Облепихи крушиновидной плодов масло,суппозитории ректальные,,
Облепиховое масло,Облепихи крушиновидной плодов масло,суппозитории ректальные,500 мг,
Облепиховое масло,Облепихи крушиновидной плодов масло,суппозитории ректальные,500 мг,
Облепиховое масло,Облепихи крушиновидной плодов масло,суппозитории ректальные,500 мг,
Облепиховое масло,Облепихи крушиновидной плодов масло,суппозитории ректальные,,
Облепиховое масло,Облепихи крушиновидной плодов масло,суппозитории ректальные,500 мг,
Облепиховое масло,Облепихи крушиновидной плодов масло,суппозитории ректальные,500 мг,
Облепиховое масло,Облепихи крушиновидной плодов масло,суппозитории ректальные,,
Оксациллин,Оксациллин,порошок для приготовления раствора для внутримышечного введения,"250 мг, 500 мг",
Оксациллин,Оксациллин,порошок для приготовления раствора для внутримышечного введения,"250 мг, 500 мг",
Трекресил,Оксиэтиламмония метилфеноксиацетат,таблетки,200 мг,
Трекрезолид,Оксиэтиламмония метилфеноксиацетат,таблетки,200 мг,
Трекрезан,Оксиэтиламмония метилфеноксиацетат,таблетки,200 мг,
Треквион,Оксиэтиламмония метилфеноксиацетат,таблетки,200 мг,
ОКСИТОЦИН,Окситоцин,раствор для инъекций,5 МЕ/мл,
Окситоцин,Окситоцин,раствор для инъекций,5 МЕ/мл,
Окситоцин-Виал,Окситоцин,раствор для инъекций,5 МЕ/мл,
Окситоцин,Окситоцин,раствор для инъекций,5 МЕ/мл,
Окситоцин-Рихтер,Окситоцин,раствор для внутривенного и внутримышечного введения,5 МЕ/мл,
Окситоцин-Ферейн,Окситоцин,раствор для внутривенного и внутримышечного введения,5 МЕ/мл,
Окситоцин-МЭЗ,Окситоцин,раствор для внутривенного и внутримышечного введения,5 МЕ/мл,
Октенисепт,Октенидина дигидрохлорид+Феноксиэтанол,раствор для наружного применения,,
МестаМидин-сенс,Октенидина дигидрохлорид+Феноксиэтанол,раствор для местного и наружного применения,,
Орнилатекс,Орнитин,концентрат для приготовления раствора для инфузий,500 мг/мл,
Гепа-Мерц,Орнитин,концентрат для приготовления раствора для инфузий,500 мг/мл,
Гепа-Мерц,Орнитин,гранулы для приготовления раствора для приема внутрь,3 г,
Орнитин Канон,Орнитин,гранулы для приготовления раствора для приема внутрь,3 г,
Калия оротат,Оротовая кислота,таблетки,0.5 г,
Калия оротат,Оротовая кислота,таблетки,500 мг,
Калия оротат,Оротовая кислота,таблетки,500 мг,
Простамол® Уно,Пальмы ползучей плодов экстракт,капсулы,320 мг,
Пальмапрост,Пальмы ползучей плодов экстракт,капсулы,320 мг,
Простаплант®,Пальмы ползучей плодов экстракт,капсулы,320 мг,
Пантокрин,Пантов благородного оленя экстракт,экстракт для приема внутрь,,
Пантокрин,Пантов благородного оленя экстракт,экстракт для приема внутрь,,
Пантокрин,Пантов благородного оленя экстракт,экстракт для приема внутрь,,
Пантокрин Пантея,Пантов благородного оленя экстракт,экстракт для приема внутрь,,
Папаверин,Папаверин,суппозитории ректальные,20 мг,
Папаверин,Папаверин,суппозитории ректальные,20 мг,
Папаверин,Папаверин,суппозитории ректальные,20 мг,
Папаверина гидрохлорид,Папаверин,суппозитории ректальные,20 мг,
Папаверина гидрохлорид,Папаверин,раствор для инъекций,20 мг/мл,
Папаверин,Папаверин,раствор для инъекций,20 мг/мл,
Папаверин,Папаверин,раствор для инъекций,20 мг/мл,
Папаверина гидрохлорид,Папаверин,раствор для инъекций,20 мг/мл,
Папаверина гидрохлорид,Папаверин,раствор для инъекций,20 мг/мл,
Папаверин,Папаверин,раствор для инъекций,20 мг/мл,
Папаверин,Папаверин,раствор для инъекций,20 мг/мл,
Папаверин,Папаверин,раствор для инъекций,20 мг/мл,
Папаверин,Папаверин,раствор для инъекций,20 мг/мл,
Папаверин,Папаверин,раствор для инъекций,20 мг/мл,
Папаверина гидрохлорид,Папаверин,раствор для инъекций,20 мг/мл,
Папаверина гидрохлорид,Папаверин,раствор для инъекций,20 мг/мл,
Карипазим,Папайи млечный сок,лиофилизат для приготовления раствора для наружного применения,350 ПЕ,
Карипазим,Папайи млечный сок,лиофилизат для приготовления раствора для наружного применения,350 ПЕ,
Вазелиновое масло,Парафин жидкий,масло для приема внутрь,,
Вазелиновое масло,Парафин жидкий,масло для приема внутрь,,
Вазелиновое масло,Парафин жидкий,масло для приема внутрь,,
Вазелиновое масло,Парафин жидкий,масло для приема внутрь,,
Вазелиновое масло,Парафин жидкий,масло для приема внутрь,,
Вазелиновое масло,Парафин жидкий,масло для приема внутрь,,
Вазелиновое масло,Парафин жидкий,масло для приема внутрь,,
Вазелиновое масло,Парафин жидкий,масло для приема внутрь,,
Вазелиновое масло,Парафин жидкий,масло для приема внутрь,,
Вазелиновое масло,Парафин жидкий,масло для приема внутрь,,
Вазелиновое масло,Парафин жидкий,масло для приема внутрь,,
ВАЗЕЛИНОВОЕ МАСЛО,Парафин жидкий,масло для приема внутрь,,
Вазелиновое масло,Парафин жидкий,масло для приема внутрь,,
Вазелиновое масло,Парафин жидкий,масло для приема внутрь,,
Вазелиновое масло,Парафин жидкий,масло для приема внутрь,,
Вазелиновое масло,Парафин жидкий,масло для приема внутрь,,
Парацетамол,Парацетамол,раствор для инфузий,10 мг/мл,
Парацетамол Каби,Парацетамол,раствор для инфузий,10 мг/мл,
Парацетамол,Парацетамол,раствор для инфузий,10 мг/мл,
Парацетамол Б. Браун,Парацетамол,раствор для инфузий,10 мг/мл,
Ацеталган,Парацетамол,раствор для инфузий,10 мг/мл,
Парацетамол,Парацетамол,раствор для инфузий,10 мг/мл,
Парацимил,Парацетамол,раствор для инфузий,10 мг/мл,
Парацетамол,Парацетамол,раствор для инфузий,10 мг/мл,
ПАРАЦЕТАМОЛ,Парацетамол,раствор для инфузий,10 мг/мл,
ИФИМОЛ®,Парацетамол,раствор для инфузий,10 мг/мл,
АПОТЕЛЬ,Парацетамол,концентрат для приготовления раствора для инфузий,150 мг/мл,
Парацетамол+Фенилэфрин+Аскорбиновая кислота,Парацетамол+Фенилэфрин+[Аскорбиновая кислота],порошок для приготовления раствора для приема внутрь,,
Фенипрекс-С,Парацетамол+Фенилэфрин+[Аскорбиновая кислота],порошок для приготовления раствора для приема внутрь,500 мг+10 мг+300 мг,
Простудокс,Парацетамол+Фенилэфрин+[Аскорбиновая кислота],порошок для приготовления раствора для приема внутрь,,
Колдрекс ХотРем,Парацетамол+Фенилэфрин+[Аскорбиновая кислота],порошок для приготовления раствора для приема внутрь,,
Колдрекс ХотРем,Парацетамол+Фенилэфрин+[Аскорбиновая кислота],порошок для приготовления раствора для приема внутрь,,
Максиколд,Парацетамол+Фенилэфрин+[Аскорбиновая кислота],порошок для приготовления раствора для приема внутрь,,
ТераФлю Экстра Плюс,Парацетамол+Фенилэфрин+[Аскорбиновая кислота],порошок для приготовления раствора для приема внутрь,,
Колдрекс ХотРем Ментол и медовый лимон,Парацетамол+Фенилэфрин+[Аскорбиновая кислота],порошок для приготовления раствора для приема внутрь,,
Флюколдекс®-С,Парацетамол+Фенилэфрин+[Аскорбиновая кислота],порошок для приготовления раствора для приема внутрь,,
ДЕКОЛДАКС,Парацетамол+Фенилэфрин+[Аскорбиновая кислота],порошок для приготовления раствора для приема внутрь,750 мг+10 мг+60 мг,
Аджиколд Хотмикс,Парацетамол+Фенилэфрин+[Аскорбиновая кислота],порошок для приготовления раствора для приема внутрь,,
Лемсип Черная Смородина,Парацетамол+Фенилэфрин+[Аскорбиновая кислота],порошок для приготовления раствора для приема внутрь,,
Антигриппин-ОРВИ нео,Парацетамол+Фенилэфрин+[Аскорбиновая кислота],таблетки шипучие,500 мг+10 мг+100 мг,
ТераФлю от гриппа и простуды Экстра,Парацетамол+Фенилэфрин+Фенирамин,порошок для приготовления раствора для приема внутрь,,
ТераФлю,Парацетамол+Фенилэфрин+Фенирамин,порошок для приготовления раствора для приема внутрь,,
Колдакт® Хот Дринк,Парацетамол+Фенилэфрин+Фенирамин,порошок для приготовления раствора для приема внутрь,325 мг+10 мг+20 мг,
Флюкомп,Парацетамол+Фенилэфрин+Фенирамин,порошок для приготовления раствора для приема внутрь,"325 мг+10 мг+20 мг, 650 мг+10 мг+20 мг",
Инфалган,Парацетамол+Фенилэфрин+Фенирамин+[Аскорбиновая кислота],порошок для приготовления раствора для приема внутрь,325 мг+10 мг+20 мг+50 мг,
ГриппоФлю от простуды и гриппа,Парацетамол+Фенилэфрин+Фенирамин+[Аскорбиновая кислота],порошок для приготовления раствора для приема внутрь,325 мг+10 мг+20 мг+50 мг,
Максиколд Рино,Парацетамол+Фенилэфрин+Фенирамин+[Аскорбиновая кислота],порошок для приготовления раствора для приема внутрь,325 мг+10 мг+20 мг+50 мг,
Звездочка Флю,Парацетамол+Фенилэфрин+Фенирамин+[Аскорбиновая кислота],порошок для приготовления раствора для приема внутрь,,
ВайруФлю®,Парацетамол+Фенилэфрин+Фенирамин+[Аскорбиновая кислота],порошок для приготовления раствора для приема внутрь,325 мг+10 мг+20 мг+50 мг,
Стопгрипан,Парацетамол+Фенилэфрин+Фенирамин+[Аскорбиновая кислота],порошок для приготовления раствора для приема внутрь,,
Фастимид,Парацетамол+Фенилэфрин+Фенирамин+[Аскорбиновая кислота],порошок для приготовления раствора для приема внутрь,325 мг+10 мг+20 мг+50 мг,
Консумед®,Парацетамол+Фенилэфрин+Фенирамин+[Аскорбиновая кислота],порошок для приготовления раствора для приема внутрь,325 мг+10 мг+20 мг+50 мг,
МАКСИОРВИН®,Парацетамол+Фенилэфрин+Фенирамин+[Аскорбиновая кислота],порошок для приготовления раствора для приема внутрь,325 мг+10 мг+20 мг+50 мг,
Квадриколд,Парацетамол+Фенилэфрин+Фенирамин+[Аскорбиновая кислота],порошок для приготовления раствора для приема внутрь,325 мг+10 мг+20 мг+50 мг,
КОЛДОФФ® ФЛЮ,Парацетамол+Фенилэфрин+Фенирамин+[Аскорбиновая кислота],порошок для приготовления раствора для приема внутрь,325 мг+10 мг+20 мг+50 мг,
Темпонорм® ФЛЮ,Парацетамол+Фенилэфрин+Фенирамин+[Аскорбиновая кислота],порошок для приготовления раствора для приема внутрь,325 мг+10 мг+20 мг+50 мг,
НовэксКолд,Парацетамол+Фенилэфрин+Фенирамин+[Аскорбиновая кислота],порошок для приготовления раствора для приема внутрь,325 мг+10 мг+20 мг+50 мг,
ТераФлю от гриппа и простуды,Парацетамол+Фенилэфрин+Фенирамин+[Аскорбиновая кислота],порошок для приготовления раствора для приема внутрь,325 мг+10 мг+20 мг+50 мг,
Гриппофлю экстра от простуды и гриппа,Парацетамол+Фенилэфрин+Фенирамин+[Аскорбиновая кислота],порошок для приготовления раствора для приема внутрь,,
Стопгрипан форте,Парацетамол+Фенилэфрин+Фенирамин+[Аскорбиновая кислота],порошок для приготовления раствора для приема внутрь,650 мг+10 мг+20 мг+[50 мг],
ТераФлю ЭкстраТаб,Парацетамол+Фенилэфрин+Хлорфенамин,"таблетки, покрытые пленочной оболочкой",650 мг+10 мг+4 мг,
АнтиФлу,Парацетамол+Фенилэфрин+Хлорфенамин,"таблетки, покрытые пленочной оболочкой",325 мг+5 мг+2 мг,
АнтиФлу,Парацетамол+Фенилэфрин+Хлорфенамин+[Аскорбиновая кислота],порошок для приготовления раствора для приема внутрь,,
РАНКОФ® Флю,Парацетамол+Фенилэфрин+Хлорфенамин+[Аскорбиновая кислота],порошок для приготовления раствора для приема внутрь,,
ОРВИС® Флю,Парацетамол+Фенирамин+[Аскорбиновая кислота],порошок для приготовления раствора для приема внутрь,500 мг+25 мг+200 мг,
Антигриппин-Экспресс,Парацетамол+Фенирамин+[Аскорбиновая кислота],порошок для приготовления раствора для приема внутрь,,
Флювикс Колд,Парацетамол+Фенирамин+[Аскорбиновая кислота],порошок для приготовления раствора для приема внутрь,500 мг+25 мг+200 мг,
Сафистон Флю,Парацетамол+Фенирамин+[Аскорбиновая кислота],порошок для приготовления раствора для приема внутрь,500 мг+25 мг+200 мг,
Фервекс,Парацетамол+Фенирамин+[Аскорбиновая кислота],порошок для приготовления раствора для приема внутрь,500 мг+25 мг+200 мг,
Фервекс,Парацетамол+Фенирамин+[Аскорбиновая кислота],порошок для приготовления раствора для приема внутрь,500 мг+25 мг+200 мг,
Фервекс для детей,Парацетамол+Фенирамин+[Аскорбиновая кислота],порошок для приготовления раствора для приема внутрь,0.280 г+0.010 г+0.100 г,
Ринза кидс,Парацетамол+Фенирамин+[Аскорбиновая кислота],порошок для приготовления раствора для приема внутрь,280 мг+10 мг+100 мг,
Флювикс детский,Парацетамол+Фенирамин+[Аскорбиновая кислота],порошок для приготовления раствора для приема внутрь,280 мг+10 мг+100 мг,
Антифлу Кидс,Парацетамол+Хлорфенамин+[Аскорбиновая кислота],порошок для приготовления раствора для приема внутрь,160 мг+1 мг+50 мг,
ФриКолд КИДС,Парацетамол+Хлорфенамин+[Аскорбиновая кислота],порошок для приготовления раствора для приема внутрь,160 мг+1 мг+50 мг,
Антигриппин,Парацетамол+Хлорфенамин+[Аскорбиновая кислота],порошок для приготовления раствора для приема внутрь,500 мг+10 мг+200 мг,
ДезГриппин®,Парацетамол+Хлорфенамин+[Аскорбиновая кислота],порошок для приготовления раствора для приема внутрь,500 мг+10 мг+200 мг,
Антигриппин,Парацетамол+Хлорфенамин+[Аскорбиновая кислота],таблетки шипучие,500 мг+10 мг+200 мг,
ДезГриппин®,Парацетамол+Хлорфенамин+[Аскорбиновая кислота],таблетки шипучие,500 мг+10 мг+200 мг,
Антигриппин,Парацетамол+Хлорфенамин+[Аскорбиновая кислота],таблетки шипучие,500 мг+10 мг+200 мг,
Умкалор,Пеларгонии сидовидной корней экстракт,раствор для приема внутрь,,
ДышеЛОРз,Пеларгонии сидовидной корней экстракт,капли для приема внутрь,,
Эринит,Пентаэритритила тетранитрат,таблетки,10 мг,
Эринит,Пентаэритритила тетранитрат,таблетки,10 мг,
Гербифорс,Первоцвета весеннего корней экстракт+Тимьяна обыкновенного травы экстракт,сироп,,
Гербион® сироп первоцвета,Первоцвета весеннего корней экстракт+Тимьяна обыкновенного травы экстракт,сироп,,
Первоцвета сироп с тимьяном,Первоцвета весеннего корней экстракт+Тимьяна обыкновенного травы экстракт,сироп,,
ГЕРБИЦВЕТ,Первоцвета весеннего корней экстракт+Тимьяна обыкновенного травы экстракт,сироп,,
ИХТУОРБ,Первоцвета весеннего корней экстракт+Тимьяна обыкновенного травы экстракт,сироп,,
Периндоприл солофарм,Периндоприл,"таблетки, покрытые пленочной оболочкой","5 мг, 10 мг",
Престариум® А,Периндоприл,"таблетки, покрытые пленочной оболочкой","5 мг, 10 мг",
Перца стручкового настойка,Перца стручкового плодов настойка,настойка,,
Перца стручкового настойка,Перца стручкового плодов настойка,настойка,,
Перца стручкового настойка,Перца стручкового плодов настойка,настойка,,
Перца стручкового настойка,Перца стручкового плодов настойка,настойка,,
Перца стручкового настойка,Перца стручкового плодов настойка,настойка,,
Перца стручкового настойка,Перца стручкового плодов настойка,настойка,,
Перца стручкового настойка,Перца стручкового плодов настойка,настойка,,
Пилокарпин,Пилокарпин,капли глазные,0.01,
Пилокарпин,Пилокарпин,капли глазные,0.01,
Пилокарпин Реневал,Пилокарпин,капли глазные,0.01,
Пилокарпин-ДИА,Пилокарпин,капли глазные,0.01,
Пилокарпин-Ферейн,Пилокарпин,капли глазные,10 мг/мл,
Пилотимол,Пилокарпин+Тимолол,капли глазные,2%+0.5%,
Фотил,Пилокарпин+Тимолол,капли глазные,20 мг/мл+5 мг/мл,
Фотил форте,Пилокарпин+Тимолол,капли глазные,40 мг/мл+5 мг/мл,
Пиофаг,Пиобактериофаг,"раствор для приема внутрь, местного и наружного применения",,
Секстафаг Пиобактериофаг поливалентный,Пиобактериофаг,"раствор для приема внутрь, местного и наружного применения",,
Пиона уклоняющегося настойка,"Пиона уклоняющегося травы, корневищ и корней настойка",настойка,,
Пиона настойка Реневал,"Пиона уклоняющегося травы, корневищ и корней настойка",настойка,,
Пиона уклоняющегося настойка,"Пиона уклоняющегося травы, корневищ и корней настойка",настойка,,
Пиона уклоняющегося настойка,"Пиона уклоняющегося травы, корневищ и корней настойка",настойка,,
Пиона уклоняющегося настойка,"Пиона уклоняющегося травы, корневищ и корней настойка",настойка,,
Пиона уклоняющегося настойка,"Пиона уклоняющегося травы, корневищ и корней настойка",настойка,,
Пиона уклоняющегося настойка,"Пиона уклоняющегося травы, корневищ и корней настойка",настойка,,
Пиона уклоняющегося настойка,"Пиона уклоняющегося травы, корневищ и корней настойка",настойка,,
Пиона уклоняющегося настойка,"Пиона уклоняющегося травы, корневищ и корней настойка",настойка,,
Пиона уклоняющегося настойка,"Пиона уклоняющегося травы, корневищ и корней настойка",настойка,,
Пиона уклоняющегося настойка,"Пиона уклоняющегося травы, корневищ и корней настойка",настойка,,
Пиона уклоняющегося настойка,"Пиона уклоняющегося травы, корневищ и корней настойка",настойка,,
Пиона уклоняющегося настойка,"Пиона уклоняющегося травы, корневищ и корней настойка",настойка,,
Пиона уклоняющегося настойка,"Пиона уклоняющегося травы, корневищ и корней настойка",настойка,,
Пиона уклоняющегося настойка,"Пиона уклоняющегося травы, корневищ и корней настойка",настойка,,
Пиона уклоняющегося настойка,"Пиона уклоняющегося травы, корневищ и корней настойка",настойка,,
Пиона уклоняющегося настойка,"Пиона уклоняющегося травы, корневищ и корней настойка",настойка,,
Ардуан,Пипекурония бромид,лиофилизат для приготовления раствора для внутривенного введения,4 мг,
ПИПЕКУРОНИЯ БРОМИД,Пипекурония бромид,лиофилизат для приготовления раствора для внутривенного введения,4 мг,
Аперомид,Пипекурония бромид,лиофилизат для приготовления раствора для внутривенного введения,4 мг,
Пиразинамид,Пиразинамид,таблетки,500 мг,
Пиразинамид,Пиразинамид,таблетки,500 мг,
Пиридоксин-Виал,Пиридоксин,раствор для инъекций,50 мг/мл,
Пиридоксин,Пиридоксин,раствор для инъекций,50 мг/мл,
Пиридоксин,Пиридоксин,раствор для инъекций,50 мг/мл,
Пиридоксин,Пиридоксин,раствор для инъекций,50 мг/мл,
Пиридоксин,Пиридоксин,раствор для инъекций,50 мг/мл,
Пиридоксин,Пиридоксин,раствор для инъекций,50 мг/мл,
Пиридоксин,Пиридоксин,раствор для инъекций,"10 мг/мл, 50 мг/мл",
Пиридоксин,Пиридоксин,раствор для инъекций,50 мг/мл,
Пиридоксин,Пиридоксин,раствор для инъекций,50 мг/мл,
Пиридоксин Реневал,Пиридоксин,раствор для инъекций,50 мг/мл,
Пиридоксин,Пиридоксин,раствор для инъекций,50 мг/мл,
Пиридоксин-СОЛОфарм,Пиридоксин,раствор для инъекций,50 мг/мл,
Нейробион,Пиридоксин+Тиамин+Цианокобаламин,"таблетки, покрытые оболочкой",200 мг+100 мг+0.2 мг,
Нейромультивит®,Пиридоксин+Тиамин+Цианокобаламин,"таблетки, покрытые пленочной оболочкой",200 мг+100 мг+0.2 мг,
Тринейро,Пиридоксин+Тиамин+Цианокобаламин,"таблетки, покрытые пленочной оболочкой",200 мг+100 мг+0.2 мг,
Бинавит форте,Пиридоксин+Тиамин+Цианокобаламин,"таблетки, покрытые пленочной оболочкой",200 мг+100 мг+0.2 мг,
Нейробион,Пиридоксин+Тиамин+Цианокобаламин,раствор для внутримышечного введения,100 мг+100 мг+1 мг,
Велгаммавит,Пиридоксин+Тиамин+Цианокобаламин,раствор для внутримышечного введения,,
Нейромультивит,Пиридоксин+Тиамин+Цианокобаламин,раствор для внутримышечного введения,,
Эллигамин,Пиридоксин+Тиамин+Цианокобаламин+[Лидокаин],раствор для внутримышечного введения,,
Бинавит,Пиридоксин+Тиамин+Цианокобаламин+[Лидокаин],раствор для внутримышечного введения,,
Ларигама,Пиридоксин+Тиамин+Цианокобаламин+[Лидокаин],раствор для внутримышечного введения,,
Сертогамма,Пиридоксин+Тиамин+Цианокобаламин+[Лидокаин],раствор для внутримышечного введения,,
Битригам®,Пиридоксин+Тиамин+Цианокобаламин+[Лидокаин],раствор для внутримышечного введения,,
Нейралгин® В,Пиридоксин+Тиамин+Цианокобаламин+[Лидокаин],раствор для внутримышечного введения,,
Мильгамма,Пиридоксин+Тиамин+Цианокобаламин+[Лидокаин],раствор для внутримышечного введения,,
ВЕЛГАММАВИТ ПЛЮС,Пиридоксин+Тиамин+Цианокобаламин+[Лидокаин],раствор для внутримышечного введения,,
Мультигамма,Пиридоксин+Тиамин+Цианокобаламин+[Лидокаин],раствор для внутримышечного введения,,
Комбилипен,Пиридоксин+Тиамин+Цианокобаламин+[Лидокаин],раствор для внутримышечного введения,,
Бинейрум,Пиридоксин+Тиамин+Цианокобаламин+[Лидокаин],раствор для внутримышечного введения,,
Комбигамма® Л,Пиридоксин+Тиамин+Цианокобаламин+[Лидокаин],раствор для внутримышечного введения,,
КомплигамВ,Пиридоксин+Тиамин+Цианокобаламин+[Лидокаин],раствор для внутримышечного введения,,
Тригамма,Пиридоксин+Тиамин+Цианокобаламин+[Лидокаин],раствор для внутримышечного введения,,
Витагамма,Пиридоксин+Тиамин+Цианокобаламин+[Лидокаин],раствор для внутримышечного введения,,
Цинокап,Пиритион цинк,крем для наружного применения,0.2%,
ДЕРМА-КАП,Пиритион цинк,крем для наружного применения,0.2%,
Скин-кап,Пиритион цинк,крем для наружного применения,0.2%,
Цинокап,Пиритион цинк,аэрозоль для наружного применения,0.2%,
ДЕРМА-КАП,Пиритион цинк,аэрозоль для наружного применения,0.2%,
Скин-кап,Пиритион цинк,аэрозоль для наружного применения,0.2%,
Скин-кап,Пиритион цинк,шампунь лекарственный,0.01,
ДЕРМА-КАП,Пиритион цинк,шампунь лекарственный,0.01,
Пироксикам,Пироксикам,гель для наружного применения,0.5%,
Пироксикам ЗД,Пироксикам,гель для наружного применения,"0.5%, 1%",
Пироксикам-ВЕРТЕКС,Пироксикам,гель для наружного применения,"0.5%, 1%",
Пироксикам,Пироксикам,капсулы,"10 мг, 20 мг",
Пироксикам-Акри®,Пироксикам,капсулы,"10 мг, 20 мг",
Пихтовое масло,Пихты сибирской хвои масло,масло для наружного применения,,
Пихтовое масло,Пихты сибирской хвои масло,масло для наружного применения,,
Пиявка медицинская,Пиявка медицинская,пиявки медицинские,,
Пиявка медицинская,Пиявка медицинская,пиявки медицинские,,
Пиявка медицинская,Пиявка медицинская,пиявки медицинские,,
Пиявка медицинская,Пиявка медицинская,пиявки медицинские,,
Пиявка медицинская,Пиявка медицинская,пиявки медицинские,,
Пиявка медицинская,Пиявка медицинская,пиявки медицинские,,
Пиявка медицинская,Пиявка медицинская,пиявки медицинские,,
Пиявка медицинская,Пиявка медицинская,пиявки медицинские,,
Пиявка медицинская,Пиявка медицинская,пиявки медицинские,,
Платифиллина гидротартрат,Платифиллин,раствор для подкожного введения,2 мг/мл,
Платифиллина гидротартрат,Платифиллин,раствор для подкожного введения,2 мг/мл,
Платифиллин,Платифиллин,раствор для подкожного введения,2 мг/мл,
Платифиллин,Платифиллин,раствор для подкожного введения,2 мг/мл,
Платифиллин,Платифиллин,раствор для подкожного введения,2 мг/мл,
ХЕДЕСПАН,Плюща обыкновенного листьев экстракт,раствор для приема внутрь,,
ХЕДЕРА,Плюща обыкновенного листьев экстракт,раствор для приема внутрь,,
Плюща листьев экстракт,Плюща обыкновенного листьев экстракт,раствор для приема внутрь,,
КАШЛЕКС,Плюща обыкновенного листьев экстракт,раствор для приема внутрь,,
ПЛЮЩА сироп,Плюща обыкновенного листьев экстракт,раствор для приема внутрь,,
Плюща раствор ВЕРТЕКС,Плюща обыкновенного листьев экстракт,раствор для приема внутрь,7 мг/мл,
Гербион сироп плюща,Плюща обыкновенного листьев экстракт,сироп,,
Туссиофит,Плюща обыкновенного листьев экстракт,сироп,,
Бронхофитол® плющ,Плюща обыкновенного листьев экстракт,сироп,,
Геделикс® Кирш,Плюща обыкновенного листьев экстракт,сироп,,
Геделикс®,Плюща обыкновенного листьев экстракт,сироп,,
Плюща сироп,Плюща обыкновенного листьев экстракт,сироп,,
Туспан,Плюща обыкновенного листьев экстракт,сироп,7 мг/мл,
Плюща листьев экстракт,Плюща обыкновенного листьев экстракт,сироп,,
Проспан,Плюща обыкновенного листьев экстракт,раствор для приема внутрь,2.5 мл,
Линкас Плющ,Плюща обыкновенного листьев экстракт,раствор для приема внутрь,,
СОРБИ-ДЕТОКС,Повидон,порошок для приготовления раствора для приема внутрь,,
Энтеродез,Повидон,порошок для приготовления раствора для приема внутрь,,
ПОВИДОН,Повидон,порошок для приготовления раствора для приема внутрь,"2.5 г, 5 г",
ПОВИДОН,Повидон,порошок для приготовления раствора для приема внутрь,2.5 г,
ЭНТЕРОТОКС,Повидон,порошок для приготовления раствора для приема внутрь,2.5 г,
Энтеродез,Повидон,порошок для приготовления раствора для приема внутрь,,
Бетадин,Повидон-Йод,мазь для наружного применения,0.1,
ЙОВИДОКС,Повидон-Йод,мазь для наружного применения,0.1,
Браунодин Б. Браун,Повидон-Йод,мазь для наружного применения,0.1,
Повидон-йод,Повидон-Йод,раствор для местного и наружного применения,0.1,
Бетадин,Повидон-Йод,раствор для местного и наружного применения,0.1,
ЙОВИДОКС,Повидон-Йод,раствор для местного и наружного применения,0.1,
АКВАЗАН Повидон-Йод,Повидон-Йод,раствор для местного и наружного применения,0.1,
Йод-Ка,Повидон-Йод,раствор для местного и наружного применения,0.1,
Браунодин Б. Браун,Повидон-Йод,раствор для местного и наружного применения,7.5%,
Повидон-йод,Повидон-Йод,суппозитории вагинальные,200 мг,
Бетадин®,Повидон-Йод,суппозитории вагинальные,200 мг,
Иовидокс,Повидон-Йод,суппозитории вагинальные,200 мг,
Повидон-йод,Повидон-Йод,суппозитории вагинальные,200 мг,
ОВИДИКА®,Повидон-Йод,суппозитории вагинальные,200 мг,
Йодовидон,Повидон-Йод,суппозитории вагинальные,200 мг,
Йодосепт,Повидон-Йод,суппозитории вагинальные,200 мг,
Повидон-йод,Повидон-Йод,суппозитории вагинальные,200 мг,
Йодоксид,Повидон-Йод,суппозитории вагинальные,200 мг,
Йодопирон,Повидон-Йод+[Калия йодид],раствор для наружного применения,0.01,
Йодопирон,Повидон-Йод+[Калия йодид],раствор для наружного применения,0.01,
Йодопирон,Повидон-Йод+[Калия йодид],раствор для наружного применения,0.01,
Йодопирон,Повидон-Йод+[Калия йодид],раствор для наружного применения,0.01,
ЙОДОПИРОН,Повидон-Йод+[Калия йодид],раствор для наружного применения,0.01,
ЙОДОПИРОН,Повидон-Йод+[Калия йодид],раствор для наружного применения,0.01,
Доктор Тайсс сироп с подорожником,Подорожника ланцетовидного листьев экстракт,сироп,,
Подорожника сироп,Подорожника ланцетовидного листьев экстракт,сироп,,
Исфагула,Подорожника овального семян оболочка,гранулы для приготовления суспензии для приема внутрь,,
Микофлос,Подорожника овального семян оболочка,порошок для приготовления суспензии для приема внутрь,,
Фибралакс,Подорожника овального семян оболочка,порошок для приготовления суспензии для приема внутрь,,
Мукофальк,Подорожника овального семян оболочка,гранулы для приготовления суспензии для приема внутрь,,
Винилин,Поливинокс,жидкость для приема внутрь и наружного применения,,
Винилин,Поливинокс,жидкость для приема внутрь и наружного применения,,
Винилин,Поливинокс,жидкость для приема внутрь и наружного применения,,
Винилин,Поливинокс,жидкость для внутреннего и наружного применения,,
Винилин (Шостаковского бальзам),Поливинокс,бальзам,,
Ревит,Поливитамины,драже,,
Гендевит,Поливитамины,драже,,
Ундевит,Поливитамины,драже,,
Ундевит,Поливитамины,драже,,
Ундевит,Поливитамины,драже,,
Ревит,Поливитамины,драже,,
Ревит,Поливитамины,драже,,
Ревит,Поливитамины,драже,,
Ревит,Поливитамины,драже,,
Гексавит,Поливитамины,драже,,
Гексавит,Поливитамины,драже,,
Гексавит,Поливитамины,драже,,
Гексавит,Поливитамины,драже,,
Гексавит,Поливитамины,драже,,
Гендевит,Поливитамины,драже,,
Гендевит,Поливитамины,драже,,
Ундевит,Поливитамины,драже,,
Ундевит,Поливитамины,драже,,
Вилимиксин,Полимиксин B,порошок для приготовления раствора для инъекций,"25 мг, 50 мг",
Полимиксин В,Полимиксин B,порошок для приготовления раствора для инъекций,"25 мг, 50 мг",
Полимиксин В,Полимиксин B,порошок для приготовления раствора для инъекций,"25 мг, 50 мг",
Сабвиксин,Полимиксин B,порошок для приготовления раствора для инъекций,"25 мг, 50 мг",
Полимиксин В,Полимиксин B,лиофилизат для приготовления раствора для инъекций,"25 мг, 50 мг",
Полимиксин В,Полимиксин B,лиофилизат для приготовления раствора для инъекций,"25 мг, 50 мг",
ПОЛИМИБАКСА-АФ,Полимиксин B,лиофилизат для приготовления раствора для инъекций,"25 мг, 50 мг",
Полаксин B,Полимиксин B,лиофилизат для приготовления раствора для инъекций,"25 мг, 50 мг",
Веллобактин-В,Полимиксин B,лиофилизат для приготовления раствора для инъекций,"25 мг, 50 мг",
Кортексин®,Полипептиды коры головного мозга скота,лиофилизат для приготовления раствора для внутримышечного введения,10 мг,
Ренобрейн® СМ,Полипептиды коры головного мозга скота,лиофилизат для приготовления раствора для внутримышечного введения,10 мг,
Полыни настойка,Полыни горькой травы настойка,настойка,,
Полыни настойка,Полыни горькой травы настойка,настойка,,
Полыни настойка,Полыни горькой травы настойка,настойка,,
Полыни настойка,Полыни горькой травы настойка,настойка,,
Преднизолон,Преднизолон,мазь для наружного применения,0.5%,
Преднизолон,Преднизолон,мазь для наружного применения,0.5%,
Преднизолон,Преднизолон,мазь для наружного применения,5 мг/г,
Преднизолон,Преднизолон,мазь для наружного применения,0.5%,
Преднизолон,Преднизолон,мазь для наружного применения,0.5%,
Праджисан,Прогестерон,гель вагинальный,90 мг/доза,
Крайнон,Прогестерон,гель вагинальный,90 мг/доза,
Прогестерон,Прогестерон,"раствор для внутримышечного введения, [масляный]",25 мг/мл,
ПРОГЕСТЕРОН,Прогестерон,"раствор для внутримышечного введения, [масляный]","10 мг/мл, 25 мг/мл",
Прогестерон,Прогестерон,"раствор для внутримышечного введения, [масляный]","10 мг/мл, 25 мг/мл",
Новокаин,Прокаин,раствор для инъекций,"2.5 мг/мл, 5 мг/мл",
Новокаин,Прокаин,раствор для инъекций,"2.5 мг/мл, 5 мг/мл",
Новокаин,Прокаин,раствор для инъекций,"2.5 мг/мл, 5 мг/мл",
Новокаин,Прокаин,раствор для инъекций,"0.25%, 0.5%",
Новокаин,Прокаин,раствор для инъекций,"2.5 мг/мл, 5 мг/мл",
Новокаин,Прокаин,раствор для инъекций,5 мг/мл,
Новокаин,Прокаин,раствор для инъекций,5 мг/мл,
Новокаин,Прокаин,раствор для инъекций,5 мг/мл,
Новокаин,Прокаин,раствор для инъекций,5 мг/мл,
Новокаин,Прокаин,раствор для инъекций,"2.5 мг/мл, 5 мг/мл, 10 мг/мл, 20 мг/мл",
Новокаин-Виал,Прокаин,раствор для инъекций,"5 мг/мл, 20 мг/мл",
Новокаин,Прокаин,раствор для инъекций,5 мг/мл,
Новокаин,Прокаин,раствор для инъекций,5 мг/мл,
Новокаин,Прокаин,раствор для инъекций,5 мг/мл,
Новокаин,Прокаин,раствор для инъекций,"5 мг/мл, 20 мг/мл",
Новокаин буфус,Прокаин,раствор для инъекций,5 мг/мл,
Новокаин,Прокаин,раствор для инъекций,"5 мг/мл, 20 мг/мл",
Новокаин,Прокаин,раствор для инъекций,"5 мг/мл, 20 мг/мл",
НОВОКАИН,Прокаин,суппозитории ректальные,100 мг,
Новокаин,Прокаин,суппозитории ректальные,100 мг,
Новокаин,Прокаин,суппозитории ректальные,100 мг,
Новокаин,Прокаин,суппозитории ректальные,100 мг,
СУЛЬФОКАМФОКАИН®,Прокаин+Сульфокамфорная кислота,раствор для инъекций,50.4 мг/мл+49.6 мг/мл,
Сульфопрокаин,Прокаин+Сульфокамфорная кислота,раствор для инъекций,,
Прополиса настойка,Прополис,настойка,,
Прополиса настойка,Прополис,настойка,,
Прополиса настойка,Прополис,настойка,,
Прополиса настойка,Прополис,настойка,,
Прополиса настойка,Прополис,настойка,,
Прополиса настойка,Прополис,настойка,,
Прополиса настойка,Прополис,настойка,,
Прополиса настойка,Прополис,"настойка для ингаляций, местного и наружного применения",,
Прополиса настойка,Прополис,"настойка для ингаляций, местного и наружного применения",,
Прополиса настойка,Прополис,"настойка для ингаляций, местного и наружного применения",,
Прополиса настойка,Прополис,"настойка для ингаляций, местного и наружного применения",,
Прополиса настойка,Прополис,"настойка для ингаляций, местного и наружного применения",,
Прополиса настойка,Прополис,"настойка для ингаляций, местного и наружного применения",,
Прополиса настойка,Прополис,"настойка для ингаляций, местного и наружного применения",,
Прополиса настойка,Прополис,"настойка для ингаляций, местного и наружного применения",,
Прополиса настойка,Прополис,"настойка для ингаляций, местного и наружного применения",,
Прополиса настойка Реневал,Прополис,"настойка для ингаляций, местного и наружного применения",,
Пропосол,Прополис,спрей для местного применения,,
Пропосол-Н,Прополис,спрей для местного применения,,
Пропофол-Липуро,Пропофол,эмульсия для внутривенного введения,10 мг/мл,
Пропофол,Пропофол,эмульсия для внутривенного введения,10 мг/мл,
ПРОПОФОЛ ВЕЛФАРМ,Пропофол,эмульсия для внутривенного введения,10 мг/мл,
Пропофол-Липуро,Пропофол,эмульсия для внутривенного введения,20 мг/мл,
Пропофол-Бинергия,Пропофол,эмульсия для внутривенного введения,20 мг/мл,
Сампрост,Простаты экстракт,лиофилизат для приготовления раствора для внутримышечного введения,5 мг,
Простатилен,Простаты экстракт,лиофилизат для приготовления раствора для внутримышечного введения,5 мг,
Простакор,Простаты экстракт,раствор для внутримышечного введения,5 мг/мл,
Простатилен®,Простаты экстракт,раствор для внутримышечного введения,5 мг/1.5 мл,
СТАПРЕДИН,Простаты экстракт,раствор для внутримышечного введения,5 мг/мл,
Простаты экстракт,Простаты экстракт,суппозитории ректальные,10 мг,
Простатекс,Простаты экстракт,суппозитории ректальные,10 мг,
Витапрост,Простаты экстракт,суппозитории ректальные,10 мг,
СТАПРЕДИН®,Простаты экстракт,суппозитории ректальные,10 мг,
Новопрост,Простаты экстракт,суппозитории ректальные,10 мг,
ПРОКТОПРОСТ,Простаты экстракт,суппозитории ректальные,10 мг,
Простаты экстракт,Простаты экстракт,суппозитории ректальные,10 мг,
Экстапрост,Простаты экстракт,суппозитории ректальные,10 мг,
Уропрост,Простаты экстракт,суппозитории ректальные,10 мг,
Простатилен,Простаты экстракт,суппозитории ректальные,3 мг,
Простатилен® ФОРТЕ,Простаты экстракт,суппозитории ректальные,5 мг,
Уропрост-Д,Простаты экстракт,суппозитории ректальные,6 мг,
Протамин-Бинергия,Протамина сульфат,раствор для внутривенного введения,10 мг/мл,
Протамина сульфат,Протамина сульфат,раствор для внутривенного введения,10 мг/мл,
Протамин,Протамина сульфат,раствор для внутривенного введения,10 мг/мл,
ПРОТАМИНА СУЛЬФАТ,Протамина сульфат,раствор для внутривенного введения,10 мг/мл,
Протамин-Ферейн®,Протамина сульфат,раствор для внутривенного введения,10 мг/мл,
Циклодинон,Прутняка обыкновенного плодов экстракт,"таблетки, покрытые пленочной оболочкой",,
Циклодинон,Прутняка обыкновенного плодов экстракт,капли для приема внутрь,,
Пустырника настойка,Пустырника травы настойка,настойка,,
Пустырника настойка,Пустырника травы настойка,настойка,,
Пустырника настойка,Пустырника травы настойка,настойка,,
Пустырника настойка,Пустырника травы настойка,настойка,,
Пустырника настойка,Пустырника травы настойка,настойка,,
Пустырника настойка,Пустырника травы настойка,настойка,,
Пустырника настойка,Пустырника травы настойка,настойка,,
Пустырника настойка,Пустырника травы настойка,настойка,,
Пустырника настойка,Пустырника травы настойка,настойка,,
Пустырника настойка,Пустырника травы настойка,настойка,,
Пустырника настойка,Пустырника травы настойка,настойка,,
Пустырника настойка,Пустырника травы настойка,настойка,,
Пустырника настойка,Пустырника травы настойка,настойка,,
Пустырника настойка,Пустырника травы настойка,настойка,,
Пустырника настойка,Пустырника травы настойка,настойка,,
Пустырника настойка,Пустырника травы настойка,настойка,,
Пустырника настойка,Пустырника травы настойка,настойка,,
Пустырника настойка,Пустырника травы настойка,настойка,,
Пустырника настойка,Пустырника травы настойка,настойка,,
Пустырника настойка,Пустырника травы настойка,настойка,,
Пустырника настойка,Пустырника травы настойка,настойка,,
Пустырника настойка,Пустырника травы настойка,настойка,,
Пустырника настойка,Пустырника травы настойка,настойка,,
Пустырника настойка,Пустырника травы настойка,настойка,,
Пустырника настойка,Пустырника травы настойка,настойка,,
Пустырника настойка,Пустырника травы настойка,настойка,,
Пустырника настойка,Пустырника травы настойка,настойка,,
Пустырника настойка Реневал,Пустырника травы настойка,настойка,,
Пустырника настойка,Пустырника травы настойка,настойка,,
Пустырника настойка,Пустырника травы настойка,настойка,,
Пустырника настойка,Пустырника травы настойка,настойка,,
Пустырника настойка,Пустырника травы настойка,настойка,,
Пустырника настойка,Пустырника травы настойка,настойка,,
Пустырника настойка,Пустырника травы настойка,настойка,,
Пустырник форте,Пустырника травы экстракт,таблетки,28 мг,
Пустырника экстракт,Пустырника травы экстракт,таблетки,14 мг,
Пустырника экстракт,Пустырника травы экстракт,таблетки,14 мг,
Пустырника экстракт,Пустырника травы экстракт,таблетки,14 мг,
Пустырника экстракт,Пустырника травы экстракт,таблетки,14 мг,
Пустырника экстракт Реневал,Пустырника травы экстракт,таблетки,14 мг,
Пустырника экстракт ФармВИЛАР,Пустырника травы экстракт,таблетки,14 мг,
Пустырника экстракт,Пустырника травы экстракт,таблетки,14 мг,
Рабелок,Рабепразол,лиофилизат для приготовления раствора для внутривенного введения,20 мг,
Рабепразол ПСК,Рабепразол,лиофилизат для приготовления раствора для внутривенного введения,20 мг,
КАПД/ДПКА 2,Растворы для перитонеального диализа,раствор для перитонеального диализа,,
Диасолюшн,Растворы для перитонеального диализа,раствор для перитонеального диализа,,
Легалон 140,Расторопши пятнистой плодов экстракт,капсулы,140 мг,
Легалон 70,Расторопши пятнистой плодов экстракт,капсулы,70 мг,
Карсил Форте,Расторопши пятнистой плодов экстракт,капсулы,90 мг,
Карсил Макс,Расторопши пятнистой плодов экстракт,капсулы,110 мг,
Форливер Хелп,Расторопши пятнистой плодов экстракт,таблетки,100 мг,
Карсил,Расторопши пятнистой плодов экстракт,"таблетки, покрытые оболочкой",35 мг,
Раунатин,Раувольфии алкалоиды,"таблетки, покрытые оболочкой",2 мг,
Раунатин,Раувольфии алкалоиды,"таблетки, покрытые оболочкой",0.002 г,
Ретинола пальмитат,Ретинол,драже,3300 МЕ,
Ретинола ацетат,Ретинол,капсулы,33 тыс.МЕ,
Ретинола ацетат (витамин А),Ретинол,капсулы,33 000 МЕ,
Ретинола ацетат (витамин А),Ретинол,капсулы,33 тыс.МЕ,
Ретинола ацетат (витамин А),Ретинол,капсулы,"3.3 тыс.МЕ, 5 тыс.МЕ",
Ретинол,Ретинол,капсулы,100000 МЕ,
Витамин А,Ретинол,капсулы,33 000 МЕ,
Ретинола ацетат,Ретинол,капли для приема внутрь и наружного применения,"3.44%, 8.6%",
Ретинола ацетат-ЛекТ,Ретинол,раствор для приема внутрь и наружного применения [масляный],3.44%,
Ретинола ацетат,Ретинол,раствор для приема внутрь и наружного применения [масляный],3.44%,
РЕТИНОЛА АЦЕТАТ,Ретинол,раствор для приема внутрь и наружного применения [масляный],"3.44%, 8.6%",
РЕТИНОЛА АЦЕТАТ,Ретинол,раствор для приема внутрь и наружного применения [масляный],"3.44%, 8.6%",
Ретинола ацетат,Ретинол,раствор для приема внутрь и наружного применения [масляный],"3.44%, 8.6%",
Римантадин,Римантадин,таблетки,50 мг,
Римантадин Реневал,Римантадин,таблетки,50 мг,
Римантадин,Римантадин,таблетки,50 мг,
Римантадин,Римантадин,таблетки,50 мг,
Римантадин Актитаб,Римантадин,таблетки,50 мг,
Римантадин,Римантадин,таблетки,50 мг,
Римантадин,Римантадин,таблетки,50 мг,
Римантадин,Римантадин,таблетки,50 мг,
Ремантадин,Римантадин,таблетки,50 мг,
Орвирем®,Римантадин,"сироп, [ДЛЯ ДЕТЕЙ]",2 мг/мл,
Римантадин,Римантадин,"сироп, [ДЛЯ ДЕТЕЙ]",10 мг/5 мл,
Римантадин,Римантадин,"сироп, [ДЛЯ ДЕТЕЙ]",2 мг/мл,
Отофа,Рифамицин,капли ушные,2.6%,
Ниатира,Рифамицин,капли ушные,2.6%,
РОДИОЛЫ ЭКСТРАКТ ЖИДКИЙ,Родиолы розовой корневищ и корней экстракт,экстракт жидкий для приема внутрь,,
Родиолы экстракт жидкий,Родиолы розовой корневищ и корней экстракт,экстракт жидкий для приема внутрь,,
Родиолы экстракт жидкий,Родиолы розовой корневищ и корней экстракт,экстракт жидкий для приема внутрь,,
Родиолы экстракт жидкий,Родиолы розовой корневищ и корней экстракт,экстракт жидкий для приема внутрь,,
Ромазулан,Ромашки аптечной цветков экстракт,"раствор для приема внутрь, местного и наружного применения",,
Азулан,Ромашки аптечной цветков экстракт,"раствор для приема внутрь, местного и наружного применения",,
Джакави®,Руксолитиниб,таблетки,"5 мг, 15 мг, 20 мг",
Руксолитиниб,Руксолитиниб,таблетки,"5 мг, 15 мг, 20 мг",
Руксолика®,Руксолитиниб,таблетки,"5 мг, 15 мг, 20 мг",
Руксолитиниб-АМЕДАРТ,Руксолитиниб,таблетки,"5 мг, 15 мг, 20 мг",
Руксолитиниб,Руксолитиниб,таблетки,"5 мг, 10 мг, 15 мг, 20 мг",
Салициловая мазь,Салициловая кислота,мазь для наружного применения,"2%, 3%, 5%",
Салициловая кислота,Салициловая кислота,мазь для наружного применения,"2%, 5%, 10%",
Салициловая мазь,Салициловая кислота,мазь для наружного применения,"2%, 5%",
Салициловая мазь,Салициловая кислота,мазь для наружного применения,"2%, 3%",
Салициловая мазь,Салициловая кислота,мазь для наружного применения,0.02,
Салициловая мазь,Салициловая кислота,мазь для наружного применения,"2%, 5%",
Салициловая кислота,Салициловая кислота,раствор для наружного применения спиртовой,0.02,
Салициловая кислота,Салициловая кислота,раствор для наружного применения спиртовой,"1%, 2%",
Салициловая кислота,Салициловая кислота,раствор для наружного применения спиртовой,"1%, 2%",
Салициловая кислота,Салициловая кислота,раствор для наружного применения спиртовой,"1%, 2%",
Салициловая кислота,Салициловая кислота,раствор для наружного применения спиртовой,"1%, 2%",
Салициловая кислота,Салициловая кислота,раствор для наружного применения спиртовой,"1%, 2%",
Салициловая кислота,Салициловая кислота,раствор для наружного применения спиртовой,0.02,
Салициловая кислота,Салициловая кислота,раствор для наружного применения спиртовой,"1%, 2%",
Салициловая кислота,Салициловая кислота,раствор для наружного применения спиртовой,"1%, 2%",
Салициловая кислота,Салициловая кислота,раствор для наружного применения спиртовой,"1%, 2%",
Салициловая кислота,Салициловая кислота,раствор для наружного применения спиртовой,"1%, 2%",
Салициловая кислота,Салициловая кислота,раствор для наружного применения спиртовой,"1%, 2%",
Салициловая кислота,Салициловая кислота,раствор для наружного применения спиртовой,"1%, 2%",
Салициловая кислота,Салициловая кислота,раствор для наружного применения спиртовой,"1%, 2%",
Салициловая кислота,Салициловая кислота,раствор для наружного применения спиртовой,"1%, 2%",
Салициловая кислота,Салициловая кислота,раствор для наружного применения спиртовой,"1%, 2%",
Салицилово-цинковая паста,Салициловая кислота+Цинка оксид,паста для наружного применения,,
Салицилово-цинковая паста,Салициловая кислота+Цинка оксид,паста для наружного применения,,
Салицилово-цинковая паста,Салициловая кислота+Цинка оксид,паста для наружного применения,,
Салицилово-цинковая паста,Салициловая кислота+Цинка оксид,паста для наружного применения,2%+25%,
Салицилово-цинковая паста,Салициловая кислота+Цинка оксид,паста для наружного применения,2%+25%,
Салицилово-цинковая паста,Салициловая кислота+Цинка оксид,паста для наружного применения,2%+25%,
Гальманин,Салициловая кислота+Цинка оксид,порошок для наружного применения,,
Гальманин,Салициловая кислота+Цинка оксид,порошок для наружного применения,,
Гальманин,Салициловая кислота+Цинка оксид,порошок для наружного применения,,
Сальбутамол-Фармстандарт ВЧ,Сальбутамол,аэрозоль для ингаляций дозированный,100 мкг/доза,
Сальбутамол-Фармстандарт,Сальбутамол,аэрозоль для ингаляций дозированный,100 мкг/доза,
Сальбутамол,Сальбутамол,аэрозоль для ингаляций дозированный,100 мкг/доза,
Сальбутамол АВ,Сальбутамол,аэрозоль для ингаляций дозированный,100 мкг/доза,
Сальбутамол-МХФП,Сальбутамол,аэрозоль для ингаляций дозированный,100 мкг/доза,
Сангвилар,Сангвинарина гидросульфат+Хелеритрина гидросульфат,раствор для местного и наружного применения,0.2%,
Сангвиритрин,Сангвинарина гидросульфат+Хелеритрина гидросульфат,раствор для местного и наружного применения,0.2%,
Севран®,Севофлуран,жидкость для ингаляций,,
Севофлуран-Бинергия,Севофлуран,жидкость для ингаляций,,
Севактон,Севофлуран,жидкость для ингаляций,,
Сенны экстракт сухой,Сенны листьев экстракт,таблетки,300 мг,
Фиточистин,Сенны листьев экстракт,таблетки,300 мг,
Серная мазь простая,Сера,мазь для наружного применения,33.3%,
Серная мазь простая,Сера,мазь для наружного применения,33.3%,
Серная мазь простая,Сера,мазь для наружного применения,33.3%,
Серная мазь простая,Сера,мазь для наружного применения,33.3%,
Серная мазь простая,Сера,мазь для наружного применения,33.3%,
Серная мазь простая,Сера,мазь для наружного применения,33.3%,
Протаргол,Серебра протеинат,порошок для приготовления раствора для местного применения,200 мг,
Протаргол,Серебра протеинат,порошок для приготовления раствора для местного применения,,
Протаргол,Серебра протеинат,капли назальные,0.02,
Протаргол,Серебра протеинат,раствор для местного применения,0.02,
Протаргол,Серебра протеинат,раствор для местного применения,0.02,
Протаргол,Серебра протеинат,таблетки для приготовления раствора для местного применения,200 мг,
РИНИЛОР,Серебра протеинат,таблетки для приготовления раствора для местного применения,200 мг,
Протаргол,Серебра протеинат,таблетки для приготовления раствора для местного применения,200 мг,
Протаргол-ЛОР,Серебра протеинат,таблетки для приготовления раствора для местного применения,200 мг,
Простолор протаргол,Серебра протеинат,таблетки для приготовления раствора для местного применения,200 мг,
Сиалор,Серебра протеинат,таблетки для приготовления раствора для местного применения,200 мг,
Динатон,Серотонин,раствор для внутривенного и внутримышечного введения,10 мг/мл,
Серотонина адипинат,Серотонин,раствор для внутривенного и внутримышечного введения,10 мг/мл,
Залаин,Сертаконазол,крем для наружного применения,0.02,
Микосертол,Сертаконазол,крем для наружного применения,0.02,
Офломикол,Сертаконазол,крем для наружного применения,0.02,
Офломикол,Сертаконазол,раствор для наружного применения,0.02,
Силибинин,Расторопши пятнистой плодов экстракт,таблетки,100 мг,
Силимар,Расторопши пятнистой плодов экстракт,таблетки,100 мг,
Эспумизан бэби,Симетикон,капли для приема внутрь,100 мг/мл,
Гастомизан,Симетикон,капли для приема внутрь,100 мг/мл,
СИМЕНАЛ,Симетикон,капли для приема внутрь,100 мг/мл,
Симетикотик Бэби,Симетикон,капли для приема внутрь,100 мг/мл,
Комфоталь дропс,Симетикон,капли для приема внутрь,100 мг/мл,
Бабалу,Симетикон,капли для приема внутрь,"40 мг/мл, 100 мг/мл",
Симетикон,Симетикон,капли для приема внутрь,"40 мг/мл, 100 мг/мл",
Карминат Бэби,Симетикон,капли для приема внутрь,"40 мг/мл, 100 мг/мл",
Симеотик бэби,Симетикон,капли для приема внутрь,"40 мг/мл, 100 мг/мл",
СИМЕТИКОН,Симетикон,капли для приема внутрь,66.66 мг/мл,
Боботик,Симетикон,капли для приема внутрь,66.66 мг/мл,
Саб симплекс,Симетикон,суспензия для приема внутрь,69.19 мг/мл,
СИМЕТИКОН,Симетикон,суспензия для приема внутрь,69.19 мг/мл,
Лубриол,Симетикон,эмульсия для приема внутрь,40 мг/мл,
Эспумизан L,Симетикон,эмульсия для приема внутрь,40 мг/мл,
Симетикон Эвалар,Симетикон,капсулы,40 мг,
Анэспум,Симетикон,капсулы,40 мг,
Симетикон,Симетикон,капсулы,40 мг,
Симеотик,Симетикон,капсулы,"40 мг, 80 мг",
Анэспум,Симетикон,капсулы,"80 мг, 120 мг",
Эспумизан экстра,Симетикон,гранулы,125 мг,
Анэспум,Симетикон,гранулы,125 мг,
Янувия,Ситаглиптин,"таблетки, покрытые пленочной оболочкой","25 мг, 50 мг, 100 мг",
Ситаглиптин,Ситаглиптин,"таблетки, покрытые пленочной оболочкой","25 мг, 50 мг, 100 мг",
Ситаглиптин,Ситаглиптин,"таблетки, покрытые пленочной оболочкой","25 мг, 50 мг, 100 мг",
Сиглетик-Акрихин,Ситаглиптин,"таблетки, покрытые пленочной оболочкой","25 мг, 50 мг, 100 мг",
Ситаглиптин Дж,Ситаглиптин,"таблетки, покрытые пленочной оболочкой","25 мг, 50 мг, 100 мг",
Глиптозан,Ситаглиптин,"таблетки, покрытые пленочной оболочкой","25 мг, 50 мг, 100 мг",
Кселевия®,Ситаглиптин,"таблетки, покрытые пленочной оболочкой",100 мг,
СИТАГЛИПТИН-АЛИУМ,Ситаглиптин,"таблетки, покрытые пленочной оболочкой",100 мг,
Скипидарная мазь,Скипидар живичный,мазь для наружного применения,,
Скипидарная мазь,Скипидар живичный,мазь для наружного применения,0.2,
Скипидарная мазь,Скипидар живичный,мазь для наружного применения,0.2,
Скипидарная мазь,Скипидар живичный,мазь для наружного применения,0.2,
Скипидарная мазь,Скипидар живичный,мазь для наружного применения,0.2,
Сустэффект скипидарный,Скипидар живичный,мазь для наружного применения,0.2,
СМЕКТИТ диоктаэдрический,Смектит диоктаэдрический,порошок для приготовления суспензии для приема внутрь,3 г,
Смектит Канон,Смектит диоктаэдрический,порошок для приготовления суспензии для приема внутрь,3 г,
Смектит диоктаэдрический,Смектит диоктаэдрический,порошок для приготовления суспензии для приема внутрь,3 г,
Неосмектин,Смектит диоктаэдрический,порошок для приготовления суспензии для приема внутрь,3 г,
Смектит диоктаэдрический,Смектит диоктаэдрический,порошок для приготовления суспензии для приема внутрь,3 г,
СМЕКТИТ ДИОКТАЭДРИЧЕСКИЙ,Смектит диоктаэдрический,порошок для приготовления суспензии для приема внутрь,3 г,
СМЕКТИТ ДИОКТАЭДРИЧЕСКИЙ,Смектит диоктаэдрический,порошок для приготовления суспензии для приема внутрь,3 г,
Смектиктин,Смектит диоктаэдрический,порошок для приготовления суспензии для приема внутрь,3 г,
Смектит Канон,Смектит диоктаэдрический,порошок для приготовления суспензии для приема внутрь,3 г,
Смекта,Смектит диоктаэдрический,порошок для приготовления суспензии для приема внутрь,3 г,
Смекта,Смектит диоктаэдрический,паста для приема внутрь,3 г,
Смектит Канон,Смектит диоктаэдрический,паста для приема внутрь,3 г,
Эндосорб,Смектит диоктаэдрический,порошок для приготовления суспензии для приема внутрь,3 г,
Диосмектит,Смектит диоктаэдрический,порошок для приготовления суспензии для приема внутрь,3 г,
Диоктаб Солюшн Таблетс,Смектит диоктаэдрический,таблетки диспергируемые,1000 мг,
Смектит диоктаэдрический,Смектит диоктаэдрический,таблетки шипучие,1 г,
Везикар,Солифенацин,"таблетки, покрытые пленочной оболочкой","5 мг, 10 мг",
Солифенацин,Солифенацин,"таблетки, покрытые пленочной оболочкой","5 мг, 10 мг",
Солодки сироп,Солодки корней экстракт,сироп,,
Солодки сироп,Солодки корней экстракт,сироп,,
Солодки сироп,Солодки корней экстракт,сироп,,
Солодки сироп,Солодки корней экстракт,сироп,,
Солодки сироп,Солодки корней экстракт,сироп,,
Солодки сироп,Солодки корней экстракт,сироп,,
Солодки сироп,Солодки корней экстракт,сироп,,
Солодки сироп,Солодки корней экстракт,сироп,,
Солодки сироп,Солодки корней экстракт,сироп,,
Солодки сироп,Солодки корней экстракт,сироп,,
Солодки сироп,Солодки корней экстракт,сироп,,
Солодки сироп,Солодки корней экстракт,сироп,,
Солодки сироп,Солодки корней экстракт,сироп,,
Солодки сироп,Солодки корней экстракт,сироп,,
Солодки корня сироп,Солодки корней экстракт,сироп,,
Солодки сироп,Солодки корней экстракт,сироп,,
Солодки сироп,Солодки корней экстракт,сироп,,
Тромбофлюкс,Стрептокиназа,лиофилизат для приготовления раствора для внутривенного и внутриартериального введения,1500000 МЕ,
Стрептокиназа,Стрептокиназа,лиофилизат для приготовления раствора для внутривенного и внутриартериального введения,"1500000 МЕ, 750000 МЕ",
Эберкиназа (рекомбинантная стрептокиназа),Стрептокиназа,лиофилизат для приготовления раствора для внутривенного и внутриартериального введения,"1500000 МЕ, 750000 МЕ",
Стрептомицин,Стрептомицин,порошок для приготовления раствора для внутримышечного введения,"0.5 г, 1 г",
Стрептомицин,Стрептомицин,порошок для приготовления раствора для внутримышечного введения,1 г,
Стрептомицин,Стрептомицин,порошок для приготовления раствора для внутримышечного введения,"0.5 г, 1 г",
Стрептомицин,Стрептомицин,порошок для приготовления раствора для внутримышечного введения,1 г,
Суксаметония хлорид,Суксаметония хлорид,раствор для внутривенного и внутримышечного введения,20 мг/мл,
Суксаметония хлорид,Суксаметония хлорид,раствор для внутривенного и внутримышечного введения,20 мг/мл,
Суксаметония йодид,Суксаметония йодид,раствор для внутривенного и внутримышечного введения,20 мг/мл,
Суксаметония йодид,Суксаметония йодид,раствор для внутривенного и внутримышечного введения,20 мг/мл,
Суксаметония йодид,Суксаметония йодид,раствор для внутривенного и внутримышечного введения,20 мг/мл,
АЦИНОБАКТАМ-АГ,Сульбактам,порошок для приготовления раствора для внутривенного и внутримышечного введения,"500 мг, 1000 мг",
Сульбактам,Сульбактам,порошок для приготовления раствора для внутривенного и внутримышечного введения,"500 мг, 1000 мг",
Сульбактам Эльфа®,Сульбактам,порошок для приготовления раствора для внутривенного и внутримышечного введения,"500 мг, 1000 мг",
Сульбактам-АКОС,Сульбактам,порошок для приготовления раствора для внутривенного и внутримышечного введения,"500 мг, 1000 мг",
Сульбактам-Джиэфси,Сульбактам,порошок для приготовления раствора для внутривенного и внутримышечного введения,"500 мг, 1000 мг",
Сульбактам,Сульбактам,порошок для приготовления раствора для внутривенного и внутримышечного введения,"250 мг, 500 мг, 750 мг, 1000 мг",
Сульбактам,Сульбактам,порошок для приготовления раствора для внутривенного и внутримышечного введения,"500 мг, 1000 мг, 2000 мг",
СУЛЬГИН АВЕКСИМА,Сульфагуанидин,таблетки,500 мг,
Сульгин,Сульфагуанидин,таблетки,500 мг,
Дермазин,Сульфадиазин,крем для наружного применения,0.01,
Сульфаргин,Сульфадиазин,мазь для наружного применения,0.01,
Сульфадиметоксин,Сульфадиметоксин,таблетки,"200 мг, 500 мг",
Сульфадиметоксин,Сульфадиметоксин,таблетки,"200 мг, 500 мг",
Стрептоцид,Сульфаниламид,мазь для наружного применения,0.1,
Стрептоцид,Сульфаниламид,мазь для наружного применения,0.1,
Стрептоцид,Сульфаниламид,мазь для наружного применения,0.1,
Стрептоцид,Сульфаниламид,мазь для наружного применения,0.1,
Стрептоцид,Сульфаниламид,мазь для наружного применения,0.1,
Стрептоцид,Сульфаниламид,мазь для наружного применения,0.1,
Стрептоцид,Сульфаниламид,мазь для наружного применения,0.1,
Стрептоцид,Сульфаниламид,порошок для наружного применения,,
Стрептоцид,Сульфаниламид,порошок для наружного применения,,
Стрептоцид,Сульфаниламид,порошок для наружного применения,,
Стрептоцид-ЛекТ,Сульфаниламид,порошок для наружного применения,,
Ранавексим,Сульфаниламид,порошок для наружного применения,,
Стрептоцид,Сульфаниламид,порошок для наружного применения,,
Стрептоцид,Сульфаниламид,порошок для наружного применения,,
СТРЕПТОЦИД,Сульфаниламид,порошок для наружного применения,,
Стрептоцид,Сульфаниламид,порошок для наружного применения,,
Стрептоцид,Сульфаниламид,порошок для наружного применения,,
Стрептоцид,Сульфаниламид,порошок для наружного применения,,
Стрептоцид,Сульфаниламид,порошок для наружного применения,,
Стрептоцид,Сульфаниламид,порошок для наружного применения,,
Стрептоцид,Сульфаниламид,порошок для наружного применения,,
Сульфацил натрия,Сульфацетамид,капли глазные,0.2,
Сульфацил натрия Реневал,Сульфацетамид,капли глазные,0.2,
Сульфацил-натрия,Сульфацетамид,капли глазные,0.2,
Сульфацил-натрия,Сульфацетамид,капли глазные,0.2,
Сульфацил-натрия,Сульфацетамид,капли глазные,"10%, 20%",
Сульфацил-натрия,Сульфацетамид,капли глазные,0.2,
СУЛЬФАЦИЛ НАТРИЯ ВЕЛФАРМ,Сульфацетамид,капли глазные,0.2,
Сульфацил-натрия,Сульфацетамид,капли глазные,0.2,
Сульфацил натрия-ДИА,Сульфацетамид,капли глазные,"10%, 20%",
Сульфацил-натрий,Сульфацетамид,капли глазные,0.2,
Сульфацил натрия (Альбуцид),Сульфацетамид,капли глазные,0.2,
Сульфацил натрия,Сульфацетамид,капли глазные,0.2,
Сульфацил натрия - СОЛОфарм,Сульфацетамид,капли глазные,0.2,
Протопик,Такролимус,мазь для наружного применения,"0.03%, 0.1%",
Такропик,Такролимус,мазь для наружного применения,"0.03%, 0.1%",
Таурин,Таурин,капли глазные,0.04,
Таурин-АКОС,Таурин,капли глазные,0.04,
Таурин,Таурин,капли глазные,0.04,
Таурин,Таурин,капли глазные,0.04,
Таурин,Таурин,капли глазные,0.04,
Таурин,Таурин,капли глазные,0.04,
Таурин Медисорб,Таурин,капли глазные,0.04,
Таурин,Таурин,капли глазные,0.04,
Таурин,Таурин,капли глазные,0.04,
Таурин,Таурин,капли глазные,0.04,
Тауфон,Таурин,капли глазные,0.04,
Тауфон,Таурин,капли глазные,0.04,
Игрель,Таурин,капли глазные,0.04,
Таурин-ДИА,Таурин,капли глазные,0.04,
Таофталь®,Таурин,капли глазные,40 мг/мл,
Офтофон® таурин,Таурин,капли глазные,0.04,
Таустин,Таурин,капли глазные,0.04,
Таурин Реневал,Таурин,капли глазные,0.04,
Таурин-СЗ,Таурин,капли глазные,40 мг/мл,
Дибикор,Таурин,таблетки,500 мг,
КардиоАктив Таурин,Таурин,таблетки,500 мг,
Ламифунгин,Тербинафин,гель для наружного применения,0.01,
Тербинафин,Тербинафин,гель для наружного применения,0.01,
Тербинафин Канон,Тербинафин,гель для наружного применения,0.01,
Ламизил Дермгель,Тербинафин,гель для наружного применения,0.01,
Экзифин,Тербинафин,гель для наружного применения,0.01,
Тербизед-Аджио,Тербинафин,крем для наружного применения,0.01,
Экзитер,Тербинафин,крем для наружного применения,0.01,
Термикон,Тербинафин,крем для наружного применения,0.01,
Тербинафин,Тербинафин,крем для наружного применения,0.01,
Тербинафин,Тербинафин,крем для наружного применения,0.01,
Тербинафин-ВЕРТЕКС,Тербинафин,крем для наружного применения,0.01,
Экзифин,Тербинафин,крем для наружного применения,0.01,
Фунготербин,Тербинафин,крем для наружного применения,0.01,
Тербинафин,Тербинафин,крем для наружного применения,0.01,
Тербизил,Тербинафин,крем для наружного применения,0.01,
ТЕРБИНАФИН,Тербинафин,крем для наружного применения,0.01,
Тербинафин,Тербинафин,крем для наружного применения,0.01,
Тебикур,Тербинафин,крем для наружного применения,0.01,
Миконорм,Тербинафин,крем для наружного применения,0.01,
Тербикс,Тербинафин,крем для наружного применения,0.01,
Бинафин,Тербинафин,крем для наружного применения,0.01,
Ламизил,Тербинафин,крем для наружного применения,0.01,
Тербинафин-МФФ,Тербинафин,крем для наружного применения,0.01,
ЭКО-Тербин,Тербинафин,спрей для наружного применения,0.01,
Термикон,Тербинафин,спрей для наружного применения,0.01,
Тербинафин,Тербинафин,спрей для наружного применения,0.01,
Тербинафин,Тербинафин,спрей для наружного применения,0.01,
Тебикур®,Тербинафин,спрей для наружного применения,0.01,
Тербикс,Тербинафин,спрей для наружного применения,0.01,
Ламизил,Тербинафин,спрей для наружного применения,0.01,
Таблетки от кашля,Термопсиса ланцетного трава+[Натрия гидрокарбонат],таблетки,,
Таблетки от кашля,Термопсиса ланцетного трава+[Натрия гидрокарбонат],таблетки,,
Таблетки от кашля,Термопсиса ланцетного трава+[Натрия гидрокарбонат],таблетки,,
Таблетки от кашля,Термопсиса ланцетного трава+[Натрия гидрокарбонат],таблетки,,
Таблетки от кашля,Термопсиса ланцетного трава+[Натрия гидрокарбонат],таблетки,,
Таблетки от кашля,Термопсиса ланцетного трава+[Натрия гидрокарбонат],таблетки,,
Таблетки от кашля Реневал,Термопсиса ланцетного трава+[Натрия гидрокарбонат],таблетки,,
Таблетки от кашля,Термопсиса ланцетного трава+[Натрия гидрокарбонат],таблетки,,
Таблетки от кашля,Термопсиса ланцетного трава+[Натрия гидрокарбонат],таблетки,,
Термопсол таблетки от кашля,Термопсиса ланцетного трава+[Натрия гидрокарбонат],таблетки,,
Терпентинное масло,Терпентинное масло эфирное очищенное,масло для наружного применения,,
Терпентинное масло,Терпентинное масло эфирное очищенное,масло для наружного применения,,
Анти-Ангин формула,Тетракаин+Хлоргексидин+Аскорбиновая кислота,таблетки для рассасывания,,
Ангисептин,Тетракаин+Хлоргексидин+Аскорбиновая кислота,таблетки для рассасывания,0.2 мг+2 мг+50 мг,
СептАнгин,Тетракаин+Хлоргексидин+Аскорбиновая кислота,таблетки для рассасывания,0.2 мг+2 мг+50 мг,
Анти-Ангин формула,Тетракаин+Хлоргексидин+Аскорбиновая кислота,пастилки,,
Тетрациклин,Тетрациклин,мазь глазная,0.01,
Тетрациклин,Тетрациклин,мазь глазная,0.01,
Тетрациклин Реневал,Тетрациклин,мазь глазная,0.01,
Тетрациклин,Тетрациклин,мазь глазная,0.01,
Тетрациклин-АКОС,Тетрациклин,мазь для наружного применения,0.03,
Тетрациклин,Тетрациклин,мазь для наружного применения,0.03,
Тетрациклин,Тетрациклин,"таблетки, покрытые пленочной оболочкой",100 мг,
Тетрациклин Реневал,Тетрациклин,"таблетки, покрытые пленочной оболочкой",100 мг,
Тетрациклин,Тетрациклин,"таблетки, покрытые пленочной оболочкой",100 мг,
Тетрациклин-ЛекТ,Тетрациклин,"таблетки, покрытые пленочной оболочкой",100 мг,
Тиамин,Тиамин,раствор для внутримышечного введения,50 мг/мл,
Тиамин,Тиамин,раствор для внутримышечного введения,50 мг/мл,
Тиамин,Тиамин,раствор для внутримышечного введения,50 мг/мл,
Тиамин Реневал,Тиамин,раствор для внутримышечного введения,50 мг/мл,
Тиамина хлорид,Тиамин,раствор для внутримышечного введения,50 мг/мл,
Тиамин,Тиамин,раствор для внутримышечного введения,"25 мг/мл, 50 мг/мл",
Тиамин - СОЛОфарм,Тиамин,раствор для внутримышечного введения,50 мг/мл,
Амиксин,Тилорон,"таблетки, покрытые пленочной оболочкой","60 мг, 125 мг",
ТИЛОРОН-ФАРМСТАНДАРТ,Тилорон,"таблетки, покрытые пленочной оболочкой","60 мг, 125 мг",
Флогардин®,Тилорон,"таблетки, покрытые пленочной оболочкой",125 мг,
Тилорон,Тилорон,"таблетки, покрытые пленочной оболочкой",125 мг,
Лавомакс® НЕО,Тилорон,"таблетки, покрытые пленочной оболочкой",125 мг,
Тилорон-СЗ,Тилорон,"таблетки, покрытые пленочной оболочкой",125 мг,
ЭФЕГРЕЛ®,Тилорон,"таблетки, покрытые пленочной оболочкой",125 мг,
Тилорон,Тилорон,"таблетки, покрытые пленочной оболочкой",125 мг,
Тилорон-ВЕРТЕКС,Тилорон,"таблетки, покрытые пленочной оболочкой",125 мг,
ТРАВАЛЗА® ДУО,Тимолол+Травопрост,капли глазные,5 мг/мл+0.04 мг/мл,
Тимолол-Травопрост,Тимолол+Травопрост,капли глазные,5 мг/мл+0.04 мг/мл,
ДуоТрав,Тимолол+Травопрост,капли глазные,5 мг/мл+0.04 мг/мл,
Пертуссин,Тимьяна ползучего травы экстракт+[Калия бромид],сироп,,
Пертуссин-ЭКОлаб,Тимьяна ползучего травы экстракт+[Калия бромид],сироп,,
Пертуссин,Тимьяна ползучего травы экстракт+[Калия бромид],сироп,,
Пертуссин,Тимьяна ползучего травы экстракт+[Калия бромид],сироп,,
Пертуссин-Ч,Тимьяна ползучего травы экстракт+[Калия бромид],сироп,,
Пертуссин-Ч,Тимьяна ползучего травы экстракт+[Калия бромид],сироп,,
ПЕРТУССИН-Ч,Тимьяна ползучего травы экстракт+[Калия бромид],сироп,,
Пертуссин-Ч,Тимьяна ползучего травы экстракт+[Калия бромид],сироп,,
Пертуссин-Ч,Тимьяна ползучего травы экстракт+[Калия бромид],сироп,,
Пертуссин-Ч,Тимьяна ползучего травы экстракт+[Калия бромид],сироп,,
Бральхиум,Тимьяна ползучего травы экстракт+[Калия бромид],сироп,,
Пертуссин-Ч,Тимьяна ползучего травы экстракт+[Калия бромид],сироп,,
Пертуссин-Ч,Тимьяна ползучего травы экстракт+[Калия бромид],сироп,,
Пертуссин-Ч,Тимьяна ползучего травы экстракт+[Калия бромид],сироп,,
Пертуссин-Ч,Тимьяна ползучего травы экстракт+[Калия бромид],сироп,,
Микфетин Фито,Тимьяна ползучего травы экстракт+[Калия бромид],сироп,,
ИММУНОТИМ®,Тимуса экстракт,лиофилизат для приготовления раствора для внутримышечного введения,10 мг,
Тималин®,Тимуса экстракт,лиофилизат для приготовления раствора для внутримышечного введения,10 мг,
Итилокт,Тиоктовая кислота,концентрат для приготовления раствора для инфузий,"25 мг/мл, 30 мг/мл",
НЕЙРОТИВЕЛ,Тиоктовая кислота,концентрат для приготовления раствора для инфузий,"25 мг/мл, 30 мг/мл",
ТИОКТОВАЯ КИСЛОТА,Тиоктовая кислота,концентрат для приготовления раствора для инфузий,"25 мг/мл, 30 мг/мл",
Тиоктовая кислота,Тиоктовая кислота,концентрат для приготовления раствора для инфузий,30 мг/мл,
Тиолепта®,Тиоктовая кислота,концентрат для приготовления раствора для инфузий,30 мг/мл,
Тиоктовая кислота,Тиоктовая кислота,концентрат для приготовления раствора для инфузий,30 мг/мл,
Тиоктовая кислота,Тиоктовая кислота,концентрат для приготовления раствора для инфузий,30 мг/мл,
Тиоктовая кислота Полисан,Тиоктовая кислота,концентрат для приготовления раствора для инфузий,30 мг/мл,
Тиоктовая кислота-СЗ,Тиоктовая кислота,концентрат для приготовления раствора для инфузий,30 мг/мл,
Тиоктовая кислота,Тиоктовая кислота,концентрат для приготовления раствора для инфузий,30 мг/мл,
Тиоктовая кислота-Бинергия,Тиоктовая кислота,концентрат для приготовления раствора для инфузий,30 мг/мл,
ТИОКТОВАЯ КИСЛОТА,Тиоктовая кислота,концентрат для приготовления раствора для инфузий,30 мг/мл,
Октолипен®,Тиоктовая кислота,концентрат для приготовления раствора для инфузий,30 мг/мл,
Тиолипон,Тиоктовая кислота,концентрат для приготовления раствора для внутривенного введения,30 мг/мл,
Берлитион® 600 мг,Тиоктовая кислота,концентрат для приготовления раствора для инфузий,25 мг/мл,
Тиоктовая кислота,Тиоктовая кислота,концентрат для приготовления раствора для инфузий,25 мг/мл,
Политион®,Тиоктовая кислота,концентрат для приготовления раствора для инфузий,25 мг/мл,
Липотиоксон®,Тиоктовая кислота,концентрат для приготовления раствора для инфузий,25 мг/мл,
Тиоктацид® 600 Т,Тиоктовая кислота,раствор для внутривенного введения,25 мг/мл,
Тиогамма®,Тиоктовая кислота,раствор для инфузий,12 мг/мл,
Тиолепта®,Тиоктовая кислота,раствор для инфузий,12 мг/мл,
Тиоктацид® БВ,Тиоктовая кислота,"таблетки, покрытые пленочной оболочкой",600 мг,
Итилокт® БВ,Тиоктовая кислота,"таблетки, покрытые пленочной оболочкой",600 мг,
Даларгин,Тирозил-D-аланил-глицил-фенилаланил-лейцил-аргинин,лиофилизат для приготовления раствора для внутривенного и внутримышечного введения,1 мг,
Даларгин,Тирозил-D-аланил-глицил-фенилаланил-лейцил-аргинин,лиофилизат для приготовления раствора для внутривенного и внутримышечного введения,1 мг,
Даларгин-ДЕКО,Тирозил-D-аланил-глицил-фенилаланил-лейцил-аргинин,лиофилизат для приготовления раствора для внутривенного и внутримышечного введения,1 мг,
Даларгин,Тирозил-D-аланил-глицил-фенилаланил-лейцил-аргинин,лиофилизат для приготовления раствора для внутривенного и внутримышечного введения,1 мг,
Даларгин-Эллара,Тирозил-D-аланил-глицил-фенилаланил-лейцил-аргинин,лиофилизат для приготовления раствора для внутривенного и внутримышечного введения,1 мг,
ДАЛАРГИН,Тирозил-D-аланил-глицил-фенилаланил-лейцил-аргинин,раствор для внутривенного и внутримышечного введения,1 мг/мл,
Даларгин,Тирозил-D-аланил-глицил-фенилаланил-лейцил-аргинин,раствор для внутривенного и внутримышечного введения,1 мг/мл,
Даларгин-АЛВИЛС,Тирозил-D-аланил-глицил-фенилаланил-лейцил-аргинин,раствор для внутривенного и внутримышечного введения,1 мг/мл,
Даларгин,Тирозил-D-аланил-глицил-фенилаланил-лейцил-аргинин,раствор для внутривенного и внутримышечного введения,1 мг/мл,
Солтодиа,Тобрамицин,капли глазные,3 мг/мл,
Тобрамицин Медисорб,Тобрамицин,капли глазные,0.3%,
Алемтоб,Тобрамицин,капли глазные,0.3%,
Тобрамицин,Тобрамицин,капли глазные,0.3%,
Тобросопт®,Тобрамицин,капли глазные,0.3%,
Тобрисс®,Тобрамицин,капли глазные,0.3%,
Тобрекс®,Тобрамицин,капли глазные,0.3%,
Тобропт,Тобрамицин,капли глазные,0.3%,
Тобраминер,Тобрамицин,раствор для ингаляций,"60 мг/мл, 75 мг/мл",
ТОБРАМИЦИН Фармасинтез,Тобрамицин,раствор для ингаляций,300 мг,
Тобрамицин-Тева,Тобрамицин,раствор для ингаляций,300 мг,
ТОБРАМИЦИН Дж,Тобрамицин,раствор для ингаляций,"60 мг/мл, 75 мг/мл",
Тобрамицин,Тобрамицин,раствор для ингаляций,300 мг,
Брамитоб,Тобрамицин,раствор для ингаляций,300 мг/4 мл,
Тобрамицин ПСК,Тобрамицин,раствор для ингаляций,75 мг/мл,
Тобрамицин-Гобби,Тобрамицин,раствор для ингаляций,60 мг/мл,
Урифлорин,Толокнянки обыкновенной листьев экстракт,таблетки,,
Толофитин,Толокнянки обыкновенной листьев экстракт,"таблетки, покрытые оболочкой",,
ЭФТОКОНС®,Торасемид,таблетки,10 мг,
Торасемид-Идея Фарм,Торасемид,таблетки,10 мг,
Яквинус,Тофацитиниб,"таблетки, покрытые пленочной оболочкой","5 мг, 10 мг",
Тофацитиниб-АМЕДАРТ,Тофацитиниб,"таблетки, покрытые пленочной оболочкой","5 мг, 10 мг",
Триакорт,Триамцинолон,мазь для наружного применения,0.1%,
ФТОРОДЕРМ,Триамцинолон,мазь для наружного применения,0.1%,
Фторокорт,Триамцинолон,мазь для наружного применения,0.1%,
Прокто-гливенол,Трибенозид+Лидокаин,суппозитории ректальные,,
Проктоглеаль,Трибенозид+Лидокаин,суппозитории ректальные,400 мг+40 мг,
Прокто-гливенол,Трибенозид+Лидокаин,крем ректальный,,
Проктоглеаль,Трибенозид+Лидокаин,крем ректальный,5%+2%,
Нетугаст,Тримебутин,таблетки,"100 мг, 200 мг",
Тримебутин,Тримебутин,таблетки,"100 мг, 200 мг",
Промедол,Тримеперидин,раствор для инъекций,"10 мг/мл, 20 мг/мл",
Промедол,Тримеперидин,раствор для инъекций,"10 мг/мл, 20 мг/мл",
Трипсин кристаллический,Трипсин,лиофилизат для приготовления раствора для инъекций и местного применения,10 мг,
Трипсин кристаллический,Трипсин,лиофилизат для приготовления раствора для инъекций и местного применения,10 мг,
Натрия аденозинтрифосфат-Виал,Трифосаденин,раствор для внутривенного введения,10 мг/мл,
Натрия аденозинтрифосфат,Трифосаденин,раствор для внутривенного введения,10 мг/мл,
Троксерутин ВП,Троксерутин,гель для наружного применения,0.02,
Троксерутин,Троксерутин,гель для наружного применения,0.02,
Троксерутин,Троксерутин,гель для наружного применения,0.02,
Троксерутин ЗД,Троксерутин,гель для наружного применения,0.02,
Троксерутин,Троксерутин,гель для наружного применения,0.02,
Троксерутин Врамед,Троксерутин,гель для наружного применения,0.02,
Троксерутин Альфактив,Троксерутин,гель для наружного применения,0.02,
Троксевазин,Троксерутин,гель для наружного применения,0.02,
Троксимед,Троксерутин,гель для наружного применения,0.02,
Троксерутин-АКОС,Троксерутин,гель для наружного применения,0.02,
Троксерутин,Троксерутин,гель для наружного применения,0.02,
ТРОКСЕРУТИН,Троксерутин,гель для наружного применения,0.02,
Троксерутин Реневал,Троксерутин,гель для наружного применения,20 мг/г,
Троксерутин,Троксерутин,гель для наружного применения,20 мг/г,
Троксерутин,Троксерутин,гель для наружного применения,0.02,
Троксерутин ВЕРТЕКС,Троксерутин,гель для наружного применения,0.02,
Троксерутин ДС,Троксерутин,гель для наружного применения,0.02,
ТРОКСИФАРМ,Троксерутин,гель для наружного применения,0.02,
Троксерутин,Троксерутин,гель для наружного применения,0.02,
Троксерутин,Троксерутин,капсулы,300 мг,
Флебопресс,Троксерутин,капсулы,300 мг,
ТРОКСЕРУТИН ВЕЛФАРМ,Троксерутин,капсулы,300 мг,
Троксефлебин,Троксерутин,капсулы,300 мг,
ТРОКСЕФЕН,Троксерутин,капсулы,300 мг,
Троксерутин-БВ,Троксерутин,капсулы,300 мг,
Мидримакс,Тропикамид+Фенилэфрин,капли глазные,,
ФРИНАКАП ДУО,Тропикамид+Фенилэфрин,капли глазные,8 мг/мл+50 мг/мл,
Тропикамид+Фенилэфрин,Тропикамид+Фенилэфрин,капли глазные,8 мг/мл+50 мг/мл,
Тыквеол,Тыквы обыкновенной семян масло,масло для приема внутрь,,
Тыквеол,Тыквы обыкновенной семян масло,капсулы,450 мг,
Микосептин®,Ундециленовая кислота+Ундециленат цинка,мазь для наружного применения,,
МИКОРАГИЛ,Ундециленовая кислота+Ундециленат цинка,мазь для наружного применения,5%+20%,
Урсодезоксихолевая кислота,Урсодезоксихолевая кислота,капсулы,250 мг,
Урбихол,Урсодезоксихолевая кислота,капсулы,250 мг,
Урсодезоксихолевая кислота,Урсодезоксихолевая кислота,капсулы,250 мг,
УРСОМАКС,Урсодезоксихолевая кислота,капсулы,250 мг,
Урсодезоксихолевая кислота,Урсодезоксихолевая кислота,капсулы,250 мг,
Урсодезоксихолевая кислота-Эдвансд,Урсодезоксихолевая кислота,капсулы,250 мг,
Афобазол,Фабомотизол,таблетки,10 мг,
ФАБОСЕД,Фабомотизол,таблетки,10 мг,
АВИФАВИР,Фавипиравир,"таблетки, покрытые пленочной оболочкой",200 мг,
КОВИДОЛЕК,Фавипиравир,"таблетки, покрытые пленочной оболочкой",200 мг,
Амбениум-Тривиум,Фенилбутазон,мазь для наружного применения,0.05,
Бутадион,Фенилбутазон,мазь для наружного применения,0.05,
Бутадион,Фенилбутазон,мазь для наружного применения,0.05,
Фенилэфрин-оптик,Фенилэфрин,капли глазные,2.5%,
ФРИНАКАП СОФТ,Фенилэфрин,капли глазные,25 мг/мл,
Стелфрин герта,Фенилэфрин,капли глазные,2.5%,
Стелфрин супра,Фенилэфрин,капли глазные,2.5%,
Фенилэфрин,Фенилэфрин,капли глазные,2.5%,
Оптофрин,Фенилэфрин,капли глазные,2.5%,
Ирифрин БК,Фенилэфрин,капли глазные,2.5%,
Ирифрин®,Фенилэфрин,капли глазные,2.5%,
Фенилэфрин,Фенилэфрин,капли глазные,2.5%,
Мезатон,Фенилэфрин,раствор для инъекций,10 мг/мл,
ФЕНИЛЭФРИН,Фенилэфрин,раствор для инъекций,10 мг/мл,
Стелфрин,Фенилэфрин,раствор для инъекций,10 мг/мл,
Назол Кидс,Фенилэфрин,"спрей назальный дозированный, [ДЛЯ ДЕТЕЙ]",0.125 мг/доза,
СОПИФРИН,Фенилэфрин,"спрей назальный дозированный, [ДЛЯ ДЕТЕЙ]",0.125 мг/доза,
Ренопроктол,Фенилэфрин,суппозитории ректальные,5 мг,
Фенилэфрин,Фенилэфрин,суппозитории ректальные,5 мг,
Фенилэфрин,Фенилэфрин,суппозитории ректальные,5 мг,
ФЕНИЛЭФРИН,Фенилэфрин,суппозитории ректальные,5 мг,
Фенилэфрин,Фенилэфрин,суппозитории ректальные,5 мг,
РЕПРОКТОН®,Фенилэфрин,суппозитории ректальные,5 мг,
Проктоактиф,Фенилэфрин,суппозитории ректальные,5 мг,
Релиф®,Фенилэфрин,суппозитории ректальные,5 мг,
Релиф®,Фенилэфрин,мазь для ректального и наружного применения,2.5 мг/г,
Валосемид,Фенобарбитал+Этилбромизовалерианат,капли для приема внутрь,20 мг/мл+20 мг/мл,
Валосердин,Фенобарбитал+Этилбромизовалерианат,капли для приема внутрь,,
Валокордин,Фенобарбитал+Этилбромизовалерианат,капли для приема внутрь,18.4 мг/мл+18.4 мг/мл,
Валорелас,Фенобарбитал+Этилбромизовалерианат,капли для приема внутрь,18.4 мг/мл+18.4 мг/мл,
Клей БФ-6,Фенолформальдегидная смола,раствор для наружного применения,,
Клей БФ-6,Фенолформальдегидная смола,раствор для наружного применения,,
Клей БФ-6 Вертекс,Фенолформальдегидная смола,раствор для наружного применения спиртовой,,
Клей БФ-6,Фенолформальдегидная смола,раствор для наружного применения спиртовой,,
Клей БФ-6,Фенолформальдегидная смола,раствор для наружного применения спиртовой,,
Клей БФ-6,Фенолформальдегидная смола,раствор для наружного применения спиртовой,,
Клей БФ-6,Фенолформальдегидная смола,раствор для наружного применения спиртовой,,
Канеовит,Фитоменадион,эмульсия для внутривенного и внутримышечного введения,10 мг/мл,
Фитоменадион,Фитоменадион,эмульсия для внутривенного и внутримышечного введения,10 мг/мл,
"Фтордезоксиглюкоза, 18F",Флудезоксиглюкоза [18F],раствор для внутривенного введения,40-2500 МБК/мл,
"Фтордезоксиглюкоза, 18F",Флудезоксиглюкоза [18F],раствор для внутривенного введения,,
"Фтордезоксиглюкоза, 18F",Флудезоксиглюкоза [18F],раствор для внутривенного введения,,
"Фтордезоксиглюкоза, 18F",Флудезоксиглюкоза [18F],раствор для внутривенного введения,,
"Фтордезоксиглюкоза, 18F",Флудезоксиглюкоза [18F],раствор для внутривенного введения,40-2500 МБК/мл,
"Фтордезоксиглюкоза, 18F",Флудезоксиглюкоза [18F],раствор для внутривенного введения,40-2500 МБК/мл,
"Фтордезоксиглюкоза, 18F",Флудезоксиглюкоза [18F],раствор для внутривенного введения,600-37500 МБк,
"Фтордезоксиглюкоза, 18F",Флудезоксиглюкоза [18F],раствор для внутривенного введения,40-6500 МБк/мл,
"Фтордезоксиглюкоза, 18F",Флудезоксиглюкоза [18F],раствор для внутривенного введения,,
Флуцинар,Флуоцинолона ацетонид,гель для наружного применения,0.025%,
Синодерм,Флуоцинолона ацетонид,гель для наружного применения,0.025%,
Синодерм,Флуоцинолона ацетонид,крем для наружного применения,0.025%,
Синафлан,Флуоцинолона ацетонид,линимент для наружного применения,0.025%,
Синафлан-Акрихин,Флуоцинолона ацетонид,мазь для наружного применения,0.025%,
Флуоцинолон-Брингер,Флуоцинолона ацетонид,мазь для наружного применения,0.025%,
Флуцинар,Флуоцинолона ацетонид,мазь для наружного применения,0.025%,
Синодерм,Флуоцинолона ацетонид,мазь для наружного применения,0.025%,
Синафлан,Флуоцинолона ацетонид,мазь для наружного применения,0.025%,
Синафлан,Флуоцинолона ацетонид,мазь для наружного применения,0.025%,
Синафлан,Флуоцинолона ацетонид,мазь для наружного применения,0.025%,
Синафлан,Флуоцинолона ацетонид,мазь для наружного применения,0.025%,
Синафлан,Флуоцинолона ацетонид,мазь для наружного применения,0.025%,
Синафлан,Флуоцинолона ацетонид,мазь для наружного применения,0.025%,
Синафлан,Флуоцинолона ацетонид,мазь для наружного применения,0.025%,
Флюанксол,Флупентиксол,"раствор для внутримышечного введения, [масляный]",20 мг/мл,
ФЛУПЕНТИКСОЛ ВЕЛФАРМ,Флупентиксол,"раствор для внутримышечного введения, [масляный]","20 мг/мл, 100 мг/мл",
Фликсотид®,Флутиказон,аэрозоль для ингаляций дозированный,"50 мкг/доза, 125 мкг/доза, 250 мкг/доза",
Флутиказон Эйр,Флутиказон,аэрозоль для ингаляций дозированный,"50 мкг/доза, 125 мкг/доза, 250 мкг/доза",
Модитен депо,Флуфеназин,"раствор для внутримышечного введения, [масляный]",25 мг/мл,
Флуфеназин,Флуфеназин,"раствор для внутримышечного введения, [масляный]",25 мг/мл,
Фолиевая кислота,Фолиевая кислота,,1 мг,
Фолиевая кислота Реневал,Фолиевая кислота,,1 мг,
Формагель,Формальдегид,гель для наружного применения,3.7%,
Формидрон,Формальдегид,раствор для наружного применения [спиртовой],,
Формидрон,Формальдегид,раствор для наружного применения [спиртовой],3.7%,
Формидрон,Формальдегид,раствор для наружного применения [спиртовой],3.7%,
ФОРМИДРОН,Формальдегид,раствор для наружного применения [спиртовой],3.7%,
Формидрон,Формальдегид,раствор для наружного применения [спиртовой],3.7%,
Формидрон,Формальдегид,раствор для наружного применения [спиртовой],,
Фосфазид,Фосфазид,таблетки,"200 мг, 400 мг",
Фосфазид,Фосфазид,таблетки,"200 мг, 400 мг",
Фосфокреатин-Арзу,Фосфокреатин,порошок для приготовления раствора для инфузий,"0.5 г, 1 г",
Фосфокреатин,Фосфокреатин,порошок для приготовления раствора для инфузий,"0.5 г, 1 г",
Фосфокреатин,Фосфокреатин,порошок для приготовления раствора для инфузий,1 г,
Неотон,Фосфокреатин,порошок для приготовления раствора для инфузий,1 г,
Лексум форте,Фосфолипиды,капсулы,300 мг,
Эссенциале форте Н,Фосфолипиды,капсулы,300 мг,
Фосфолипиды,Фосфолипиды,капсулы,300 мг,
Гепатоциале,Фосфолипиды,капсулы,300 мг,
Эссенциальные фосфолипиды,Фосфолипиды,капсулы,300 мг,
Эсслиал форте,Фосфолипиды,капсулы,300 мг,
ЭСФОС,Фосфолипиды,раствор для внутривенного введения,50 мг/мл,
Эваделит,Фосфолипиды,раствор для внутривенного введения,250 мг/5 мл,
ЭССЕНЦИАЛЬНЫЕ ФОСФОЛИПИДЫ,Фосфолипиды,раствор для внутривенного введения,250 мг/5 мл,
Эсфолив-Лекфарм,Фосфолипиды,раствор для внутривенного введения,50 мг/мл,
Ливенциале,Фосфолипиды,раствор для внутривенного введения,250 мг/5 мл,
Эссенциальные фосфолипиды,Фосфолипиды,раствор для внутривенного введения,50 мг/мл,
ЛИПОРВА,Фосфолипиды,раствор для внутривенного введения,50 мг/мл,
Эссенциале Н,Фосфолипиды,раствор для внутривенного введения,250 мг/5 мл,
Фосфонциале Моно,Фосфолипиды,раствор для внутривенного введения,250 мг/5 мл,
Экофомурал®,Фосфомицин,гранулы для приготовления раствора для приема внутрь,"2 г, 3 г",
Фосфомицин Канон,Фосфомицин,гранулы для приготовления раствора для приема внутрь,"2 г, 3 г",
Урофосцин®,Фосфомицин,гранулы для приготовления раствора для приема внутрь,"2 г, 3 г",
ФОСФОМИЦИН,Фосфомицин,порошок для приготовления раствора для приема внутрь,"2 г, 3 г",
Монурал®,Фосфомицин,гранулы для приготовления раствора для приема внутрь,3 г,
Фосфомицин-Тева,Фосфомицин,гранулы для приготовления раствора для приема внутрь,3 г,
Вельнур,Фосфомицин,гранулы для приготовления раствора для приема внутрь,3 г,
Рефламейд®,Фосфомицин,порошок для приготовления раствора для приема внутрь,3 г,
Фосфомицин-ЛекТ,Фосфомицин,порошок для приготовления раствора для приема внутрь,3 г,
МОНУСФОЦИН,Фосфомицин,порошок для приготовления раствора для приема внутрь,3 г,
Фосфомицин,Фосфомицин,порошок для приготовления раствора для приема внутрь,3 г,
ФОСФОМИЦИН,Фосфомицин,порошок для приготовления раствора для приема внутрь,3 г,
Фосфорал Ромфарм,Фосфомицин,гранулы для приготовления раствора для приема внутрь,3 г,
Овеа,Фосфомицин,гранулы для приготовления раствора для приема внутрь,3 г,
Цистифаст,Фосфомицин,порошок для приготовления раствора для приема внутрь,3 г,
МОНОМИЦИН,Фосфомицин,порошок для приготовления раствора для приема внутрь,3 г,
Монуцин®,Фосфомицин,порошок для приготовления раствора для приема внутрь,3 г,
Уробактоцин,Фосфомицин,порошок для приготовления раствора для внутривенного введения,"0.5 г, 1 г, 2 г, 4 г",
Фосфомицин,Фосфомицин,порошок для приготовления раствора для внутривенного введения,"0.5 г, 1 г",
Фосфоцефта,Фосфомицин,порошок для приготовления раствора для внутривенного введения,"0.5 г, 1 г, 2 г, 4 г",
Фосфомицин,Фосфомицин,порошок для приготовления раствора для внутривенного введения,"0.5 г, 1 г, 2 г, 4 г",
Урофосфабол®,Фосфомицин,порошок для приготовления раствора для внутривенного введения,"1 г, 4 г",
Урофосфабол®,Фосфомицин,порошок для приготовления раствора для внутривенного введения,2 г,
Фосфомицин,Фосфомицин,порошок для приготовления раствора для внутривенного введения,"0.5 г, 1 г, 2 г, 4 г",
Изофра,Фрамицетин,спрей назальный,1.25%,
ФРАМИЦЕТИН,Фрамицетин,спрей назальный,1.25%,
ФРАМИФРИН,Фрамицетин,спрей назальный,1.25%,
Фрамикса,Фрамицетин,спрей назальный,1.25%,
Фрамицетин,Фрамицетин,спрей назальный,1.25%,
Фрегализ,Фрамицетин,спрей назальный,1.25%,
Фрамицетин МОРЕЛОР®,Фрамицетин,спрей назальный,1.25%,
Ринобакт®,Фрамицетин,спрей назальный,1.25%,
Фризанта®,Фрамицетин,спрей назальный,12.5 мг/мл,
ФРАДЕП,Фрамицетин,спрей назальный,12.5 мг/мл,
Трамицент,Фрамицетин,спрей назальный,1.25%,
Фрамицетин,Фрамицетин,спрей назальный,1.25%,
Фталазол,Фталилсульфатиазол,таблетки,500 мг,
Фталазол,Фталилсульфатиазол,таблетки,500 мг,
Фталазол,Фталилсульфатиазол,таблетки,500 мг,
Фталазол,Фталилсульфатиазол,таблетки,0.5 г,
Фталазол,Фталилсульфатиазол,таблетки,500 мг,
Фтивазид,Фтивазид,таблетки,500 мг,
Фтивазид,Фтивазид,таблетки,500 мг,
Фузидерм,Фузидовая кислота,крем для наружного применения,0.02,
Фуцидин,Фузидовая кислота,крем для наружного применения,0.02,
Фуцидин,Фузидовая кислота,мазь для наружного применения,0.02,
Фулвестрант-Тева,Фулвестрант,раствор для внутримышечного введения,250 мг/5 мл,
Фулвестрант,Фулвестрант,раствор для внутримышечного введения,250 мг/5 мл,
Фулвесан,Фулвестрант,раствор для внутримышечного введения,250 мг/5 мл,
ФУЛВЕСТРАНТ,Фулвестрант,раствор для внутримышечного введения,250 мг,
Фулвестрант-Амедарт,Фулвестрант,раствор для внутримышечного введения,250 мг/5 мл,
ФУЛВЕСТРАНТ,Фулвестрант,раствор для внутримышечного введения,250 мг,
Фулвестрант,Фулвестрант,раствор для внутримышечного введения,250 мг,
Фулвестрант-Рус,Фулвестрант,раствор для внутримышечного введения,250 мг/5 мл,
Фулвестрант,Фулвестрант,раствор для внутримышечного введения,250 мг,
Фулвестрант-Фармстандарт,Фулвестрант,раствор для внутримышечного введения,250 мг/5 мл,
Дефастера,Фулвестрант,раствор для внутримышечного введения,250 мг/5 мл,
ФУЛВЕСТРАНТ-ПРОМОМЕД,Фулвестрант,раствор для внутримышечного введения,250 мг/5 мл,
Фазлодекс®,Фулвестрант,раствор для внутримышечного введения,250 мг/5 мл,
Фурасол®,Фуразидин,порошок для приготовления раствора для местного и наружного применения,100 мг,
ФУРАЗИБАКТ®,Фуразидин,порошок для приготовления раствора для местного и наружного применения,100 мг,
Фуразолидон,Фуразолидон,таблетки,50 мг,
Фуразолидон,Фуразолидон,таблетки,50 мг,
Фуразолидон,Фуразолидон,таблетки,50 мг,
Фуразолидон Реневал,Фуразолидон,таблетки,50 мг,
Фуразолидон,Фуразолидон,таблетки,50 мг,
Левомицетин,Хлорамфеникол,капли глазные,0.25%,
Левомицетин,Хлорамфеникол,капли глазные,0.25%,
Левомицетин Реневал,Хлорамфеникол,капли глазные,0.25%,
Левомицетин,Хлорамфеникол,капли глазные,0.25%,
Левомицетин-ДИА,Хлорамфеникол,капли глазные,0.25%,
Левомицетин-АКОС,Хлорамфеникол,капли глазные,0.25%,
Левомицетин,Хлорамфеникол,раствор для наружного применения [спиртовой],"0.25%, 1%, 3%, 5%",
Левомицетин,Хлорамфеникол,раствор для наружного применения [спиртовой],0.25%,
Левомицетин,Хлорамфеникол,раствор для наружного применения [спиртовой],0.01,
ЛЕВОМИЦЕТИН,Хлорамфеникол,раствор для наружного применения [спиртовой],0.01,
Левомицетин,Хлорамфеникол,раствор для наружного применения [спиртовой],"1%, 3%",
Левомицетин Реневал,Хлорамфеникол,раствор для наружного применения [спиртовой],"0.25%, 1%, 3%, 5%",
Левомицетин,Хлорамфеникол,раствор для наружного применения [спиртовой],0.03,
Левомицетин,Хлорамфеникол,раствор для наружного применения [спиртовой],"0.25%, 1%, 3%, 5%",
Левомицетин,Хлорамфеникол,таблетки,"250 мг, 500 мг",
Левомицетин,Хлорамфеникол,таблетки,"250 мг, 500 мг",
Левомицетин,Хлорамфеникол,таблетки,"250 мг, 500 мг",
Левомицетин,Хлорамфеникол,таблетки,"250 мг, 500 мг",
Левомицетин,Хлорамфеникол,таблетки,500 мг,
Левомицетин,Хлорамфеникол,таблетки,500 мг,
Левомицетин,Хлорамфеникол,таблетки,0.5 г,
Левомицетин-ЛекТ,Хлорамфеникол,таблетки,500 мг,
Левомицетин,Хлорамфеникол,"таблетки, покрытые пленочной оболочкой",500 мг,
Левомицетин,Хлорамфеникол,"таблетки, покрытые пленочной оболочкой",500 мг,
Синтомицин,"Хлорамфеникол [D,L]",линимент,0.1,
Синтомицин,"Хлорамфеникол [D,L]",линимент,0.1,
Синтомицин,"Хлорамфеникол [D,L]",линимент для наружного применения,0.1,
Синтомицин ЗД,"Хлорамфеникол [D,L]",линимент для наружного применения,0.1,
СИНТОМИЦИН,"Хлорамфеникол [D,L]",линимент для наружного применения,0.1,
Синтомицин,"Хлорамфеникол [D,L]",линимент для наружного применения,0.1,
Синтомицин,"Хлорамфеникол [D,L]",линимент для наружного применения,0.1,
СИНТОМИЦИН,"Хлорамфеникол [D,L]",линимент для наружного применения,0.1,
Синтомицин,"Хлорамфеникол [D,L]",линимент для наружного применения,0.1,
Синтомицин,"Хлорамфеникол [D,L]",линимент для наружного применения,0.1,
Синтомицин,"Хлорамфеникол [D,L]",суппозитории вагинальные,250 мг,
СИНТОМИЦИН,"Хлорамфеникол [D,L]",суппозитории вагинальные,250 мг,
Синтомицин,"Хлорамфеникол [D,L]",суппозитории вагинальные,250 мг,
Синтомицин,"Хлорамфеникол [D,L]",суппозитории вагинальные,250 мг,
Хлоргексидина биглюконат,Хлоргексидин,раствор для местного и наружного применения,0.05%,
Хлоргексидин,Хлоргексидин,раствор для местного и наружного применения,0.02%,
Хлоргексидин,Хлоргексидин,раствор для местного и наружного применения,0.05%,
Хлоргексидина биглюконат,Хлоргексидин,раствор для местного и наружного применения,0.05%,
ХЛОРГЕКСИДИН,Хлоргексидин,раствор для местного и наружного применения,0.05%,
Хлоргексидина биглюконат,Хлоргексидин,раствор для местного и наружного применения,0.05%,
Хлоргексидин,Хлоргексидин,раствор для местного и наружного применения,0.05%,
Хлоргексидин,Хлоргексидин,раствор для местного и наружного применения,0.05%,
Хлоргексидин,Хлоргексидин,раствор для местного и наружного применения,0.05%,
Хлоргексидин,Хлоргексидин,раствор для местного и наружного применения,0.05%,
Хлоргексидин,Хлоргексидин,раствор для местного и наружного применения,0.05%,
Хлоргексидин,Хлоргексидин,раствор для местного и наружного применения,0.05%,
Хлоргексидина биглюконат,Хлоргексидин,раствор для местного и наружного применения,0.05%,
Хлоргексидина биглюконат,Хлоргексидин,раствор для местного и наружного применения,0.05%,
Хлоргексидина биглюконат,Хлоргексидин,раствор для местного и наружного применения,0.05%,
Хлоргексидина биглюконат,Хлоргексидин,раствор для местного и наружного применения,0.05%,
Хлоргексидина биглюконат,Хлоргексидин,раствор для местного и наружного применения,0.05%,
Хлоргексидин С,Хлоргексидин,раствор для местного и наружного применения,0.05%,
Хлоргексидин Медисорб,Хлоргексидин,раствор для местного и наружного применения,0.05%,
Хлоргексидин,Хлоргексидин,раствор для местного и наружного применения,0.05%,
Хлоргексидин,Хлоргексидин,раствор для местного и наружного применения,0.02%,
Хлоргексидина биглюконат,Хлоргексидин,раствор для наружного прменения,0.05%,
Хлоргексидин,Хлоргексидин,раствор для наружного прменения,0.05%,
Хлоргексидин,Хлоргексидин,спрей для местного и наружного применения,0.05%,
Хлоргексидин-ЭКОлаб,Хлоргексидин,спрей для местного и наружного применения,0.05%,
Хлоргексидин,Хлоргексидин,раствор для местного и наружного применения,"0.05%, 0.2%, 0.5%, 1%, 5%",
Хлоргексидин,Хлоргексидин,раствор для местного и наружного применения,"0.05%, 0.2%, 0.5%, 1%, 5%",
Хлоргексидин,Хлоргексидин,раствор для местного и наружного применения,"0.05%, 0.2%, 0.5%, 1%, 5%",
Хлоргексидин,Хлоргексидин,раствор для местного и наружного применения,"0.05%, 0.2%, 0.5%, 1%, 5%",
Хлоргексидин,Хлоргексидин,раствор для местного и наружного применения,"0.05%, 0.2%, 0.5%, 1%, 5%",
Хлоргексидин,Хлоргексидин,раствор для местного и наружного применения,"0.05%, 0.2%, 0.5%, 1%, 5%",
Хлоргексидин,Хлоргексидин,раствор для местного и наружного применения,"0.05%, 0.2%, 0.5%, 1%, 5%",
Хлоргексидина биглюконат,Хлоргексидин,раствор для местного и наружного применения,"0.2%, 0.5%, 1%, 5%",
БиоАсептик,Хлоргексидин,раствор для наружного применения [спиртовой],0.5%,
Хлоргексидин,Хлоргексидин,раствор для наружного применения [спиртовой],0.5%,
ХЛОРГЕКСИДИН,Хлоргексидин,раствор для наружного применения [спиртовой],0.5%,
ХЛОРГЕКСИДИН,Хлоргексидин,раствор для наружного применения [спиртовой],0.5%,
Хлоргексидин,Хлоргексидин,раствор для наружного применения [спиртовой],0.5%,
Хлоргексидин,Хлоргексидин,раствор для наружного применения [спиртовой],0.5%,
Хлоргексидин,Хлоргексидин,раствор для наружного применения [спиртовой],0.5%,
Хлоргексидин,Хлоргексидин,раствор для наружного применения [спиртовой],0.5%,
Хлоргексидин,Хлоргексидин,раствор для наружного применения [спиртовой],0.5%,
Хлоргексидин,Хлоргексидин,раствор для наружного применения [спиртовой],0.5%,
Хлоргексидин,Хлоргексидин,спрей для наружного применения [спиртовой],0.5%,
Хлоргексидин,Хлоргексидин,спрей для наружного применения [спиртовой],0.5%,
Гексимистин,Хлоргексидин,суппозитории вагинальные,16 мг,
Хлоргексидин,Хлоргексидин,суппозитории вагинальные,16 мг,
Хлоргексидин,Хлоргексидин,суппозитории вагинальные,16 мг,
Хлоргексидин-Сальвус,Хлоргексидин,суппозитории вагинальные,16 мг,
Хлоргексидин,Хлоргексидин,суппозитории вагинальные,16 мг,
ХЛОРГЕКСИДИН АВЕКСИМА,Хлоргексидин,суппозитории вагинальные,16 мг,
ХЛОРГЕКСИДИН,Хлоргексидин,суппозитории вагинальные,16 мг,
Гексосепт-Рн,Хлоргексидин,суппозитории вагинальные,16 мг,
Гексикон,Хлоргексидин,суппозитории вагинальные,16 мг,
Хлоргексидин,Хлоргексидин,суппозитории вагинальные,16 мг,
Хлоргексидин,Хлоргексидин,суппозитории вагинальные,16 мг,
ХЛОРГЕКСИДИН,Хлоргексидин,суппозитории вагинальные,16 мг,
Гексикон,Хлоргексидин,таблетки вагинальные,16 мг,
Суприламин,Хлоропирамин,раствор для внутривенного и внутримышечного введения,20 мг/мл,
Хлоропирамин-Эском,Хлоропирамин,раствор для внутривенного и внутримышечного введения,20 мг/мл,
Хлоропирамин,Хлоропирамин,раствор для внутривенного и внутримышечного введения,20 мг/мл,
Супрастин,Хлоропирамин,раствор для внутривенного и внутримышечного введения,20 мг/мл,
Хлоропирамин,Хлоропирамин,раствор для внутривенного и внутримышечного введения,20 мг/мл,
Хлоропирамин,Хлоропирамин,раствор для внутривенного и внутримышечного введения,20 мг/мл,
Хлоропирамин,Хлоропирамин,раствор для внутривенного и внутримышечного введения,20 мг/мл,
Хлоропирамин,Хлоропирамин,раствор для внутривенного и внутримышечного введения,20 мг/мл,
Хлоропирамин,Хлоропирамин,раствор для внутривенного и внутримышечного введения,20 мг/мл,
Хлоропирамин,Хлоропирамин,раствор для внутривенного и внутримышечного введения,20 мг/мл,
Хлоропирамин,Хлоропирамин,раствор для внутривенного и внутримышечного введения,20 мг/мл,
Суприламин,Хлоропирамин,таблетки,25 мг,
СУПРИВЕЛЛ,Хлоропирамин,таблетки,25 мг,
ГИСТАПРИМ,Хлоропирамин,таблетки,25 мг,
Хлоропирамин,Хлоропирамин,таблетки,25 мг,
Хлоропирамин,Хлоропирамин,таблетки,25 мг,
Хлоропирамин,Хлоропирамин,таблетки,25 мг,
Структум,Хондроитина сульфат,капсулы,500 мг,
Амбене Хондро,Хондроитина сульфат,капсулы,"250 мг, 500 мг",
Хондроитин Велфарм,Хондроитина сульфат,капсулы,"250 мг, 500 мг",
Хондроксид Артра®,Хондроитина сульфат,гель для наружного применения,0.05,
АМБЕНЕ® ХОНДРО,Хондроитина сульфат,гель для наружного применения,0.05,
Хондроитин-ВЕРТЕКС,Хондроитина сульфат,гель для наружного применения,0.05,
Мукосат,Хондроитина сульфат,мазь для наружного применения,0.05,
СУСТАМХОНДРО,Хондроитина сульфат,мазь для наружного применения,0.05,
Хондроитин,Хондроитина сульфат,мазь для наружного применения,0.05,
Хондроитин-АКОС,Хондроитина сульфат,мазь для наружного применения,0.05,
Хондроксид Артра®,Хондроитина сульфат,мазь для наружного применения,0.05,
ОСТЕОРЕГИН,Хондроитина сульфат,мазь для наружного применения,0.05,
Хондроитин,Хондроитина сульфат,мазь для наружного применения,0.05,
ХОНДРОИТИН,Хондроитина сульфат,мазь для наружного применения,0.05,
Артрафик,Хондроитина сульфат,мазь для наружного применения,0.05,
АРТРАВИР®-ТРИВИУМ®,Хондроитина сульфат,мазь для наружного применения,0.05,
Хондролон,Хондроитина сульфат,лиофилизат для приготовления раствора для внутримышечного введения,100 мг,
Хондроитина сульфат,Хондроитина сульфат,лиофилизат для приготовления раствора для внутримышечного введения,100 мг,
Артрадол,Хондроитина сульфат,лиофилизат для приготовления раствора для внутримышечного введения,100 мг,
Хондроитина сульфат,Хондроитина сульфат,раствор для внутримышечного введения,100 мг/мл,
Хонсат,Хондроитина сульфат,раствор для внутримышечного введения,100 мг/мл,
АРТРАДОЛ,Хондроитина сульфат,раствор для внутримышечного введения,100 мг/мл,
Драстоп,Хондроитина сульфат,раствор для внутримышечного введения,100 мг/мл,
АРТРАВИР®-ТРИВИУМ®,Хондроитина сульфат,раствор для внутримышечного введения,100 мг/мл,
Хондростейн,Хондроитина сульфат,раствор для внутримышечного введения,100 мг/мл,
ХОНДРОИТИН-АПЕКС,Хондроитина сульфат,раствор для внутримышечного введения,100 мг/мл,
ХОНДРОГАРД®,Хондроитина сульфат,раствор для внутримышечного и внутрисуставного введения,100 мг/мл,
Артогистан,Хондроитина сульфат,раствор для внутримышечного и внутрисуставного введения,100 мг/мл,
Мукосат®,Хондроитина сульфат,раствор для внутримышечного и внутрисуставного введения,100 мг/мл,
Артрин,Хондроитина сульфат,раствор для внутримышечного и внутрисуставного введения,100 мг/мл,
ИНФЛАТРОН® ХОНДРОРЕПАЕР,Хондроитина сульфат,раствор для внутримышечного и внутрисуставного введения,100 мг/мл,
Хондроитин-Бинергия,Хондроитина сульфат,раствор для внутримышечного и внутрисуставного введения,100 мг/мл,
Хондроитина сульфат,Хондроитина сульфат,раствор для внутримышечного и внутрисуставного введения,100 мг/мл,
ИНЪЕКТРАН®,Хондроитина сульфат,раствор для внутримышечного и внутрисуставного введения,100 мг/мл,
АРТРОЛЛАР®,Хондроитина сульфат,лиофилизат для приготовления раствора для внутримышечного и внутрисуставного введения,100 мг,
Максиктам®-АФ,Цефепим+[Сульбактам],порошок для приготовления раствора для внутривенного и внутримышечного введения,1000 мг+1000 мг,
Цефепим+Сульбактам,Цефепим+[Сульбактам],порошок для приготовления раствора для внутривенного и внутримышечного введения,"0.25 г+0.25 г, 0.5 г+0.5 г, 1 г+1 г, 2 г+2 г",
Десульпим,Цефепим+[Сульбактам],порошок для приготовления раствора для внутривенного и внутримышечного введения,1000 мг+1000 мг,
Цефепим+Сульбактам,Цефепим+[Сульбактам],порошок для приготовления раствора для внутривенного и внутримышечного введения,1000 мг+1000 мг,
Цефепим+Сульбактам,Цефепим+[Сульбактам],порошок для приготовления раствора для внутривенного и внутримышечного введения,"0.5 г+0.5 г, 1 г+1 г",
Цефепим+Сульбактам,Цефепим+[Сульбактам],порошок для приготовления раствора для внутривенного и внутримышечного введения,1000 мг+1000 мг,
Сульпим-АКОС,Цефепим+[Сульбактам],порошок для приготовления раствора для внутривенного и внутримышечного введения,1000 мг+1000 мг,
ЦЕФЕПИМ+СУЛЬБАКТАМ,Цефепим+[Сульбактам],порошок для приготовления раствора для внутривенного и внутримышечного введения,1000 мг+1000 мг,
ЦЕФОТАКСИМ+СУЛЬБАКТАМ,Цефотаксим+[Сульбактам],порошок для приготовления раствора для внутривенного и внутримышечного введения,1000 мг+500 мг,
Сульфотаксим-АКОС,Цефотаксим+[Сульбактам],порошок для приготовления раствора для внутривенного и внутримышечного введения,1000 мг+500 мг,
Цефотаксим+Сульбактам,Цефотаксим+[Сульбактам],порошок для приготовления раствора для внутривенного и внутримышечного введения,1000 мг+500 мг,
КЛАРЗАКСА,Цефотаксим+[Сульбактам],порошок для приготовления раствора для внутривенного и внутримышечного введения,1000 мг+500 мг,
Кларуктам®,Цефотаксим+[Сульбактам],порошок для приготовления раствора для внутривенного и внутримышечного введения,1000 мг+500 мг,
Цефтриаксон+Сульбактам,Цефтриаксон+[Сульбактам],порошок для приготовления раствора для внутривенного и внутримышечного введения,1000 мг+500 мг,
Цефосульбакт,Цефтриаксон+[Сульбактам],порошок для приготовления раствора для внутривенного и внутримышечного введения,1 г+0.5 г,
Цефтриаксон+Сульбактам,Цефтриаксон+[Сульбактам],порошок для приготовления раствора для внутривенного и внутримышечного введения,1 г+0.5 г,
КСОНОКТАМ®,Цефтриаксон+[Сульбактам],порошок для приготовления раствора для внутривенного и внутримышечного введения,1000 мг+500 мг,
Цефтриаксон+Сульбактам,Цефтриаксон+[Сульбактам],порошок для приготовления раствора для внутривенного и внутримышечного введения,1 г+0.5 г,
ЦЕФТРИАКСОН+СУЛЬБАКТАМ,Цефтриаксон+[Сульбактам],порошок для приготовления раствора для внутривенного и внутримышечного введения,1000 мг+500 мг,
Цефтриаксон + Сульбактам,Цефтриаксон+[Сульбактам],порошок для приготовления раствора для внутривенного и внутримышечного введения,1 г+0.5 г,
Цефтриаксон+Сульбактам,Цефтриаксон+[Сульбактам],порошок для приготовления раствора для внутривенного и внутримышечного введения,1000 мг+500 мг,
Руцектам®,Цефтриаксон+[Сульбактам],порошок для приготовления раствора для внутривенного и внутримышечного введения,1000 мг+500 мг,
ЦЕФТРИАКСОН+СУЛЬБАКТАМ,Цефтриаксон+[Сульбактам],порошок для приготовления раствора для внутривенного и внутримышечного введения,1000 мг+500 мг,
Броадсеф-С®,Цефтриаксон+[Сульбактам],порошок для приготовления раствора для внутривенного и внутримышечного введения,1 г+0.5 г,
АЛЦЕФУР-АГ,Цефуроксим,порошок для приготовления раствора для внутривенного введения и суспензии для внутримышечного введения,"250 мг, 750 мг, 1500 мг",
ЦЕФУРОКСИМ-ДЖИЭФСИ®,Цефуроксим,порошок для приготовления раствора для внутривенного введения и суспензии для внутримышечного введения,"250 мг, 750 мг, 1500 мг",
МИДЗО®,Цианамид,капли для приема внутрь,60 мг/мл,
ЦИАНАМИД,Цианамид,капли для приема внутрь,60 мг/мл,
АЛКОРОКС®,Цианамид,капли для приема внутрь,60 мг/мл,
Цианокобаламин,Цианокобаламин,раствор для инъекций,"0.02%, 0.05%",
Цианокобаламин,Цианокобаламин,раствор для инъекций,"200 мкг/мл, 500 мкг/мл",
Цианокобаламин,Цианокобаламин,раствор для инъекций,"0.2 мг/мл, 0.5 мг/мл",
Цианокобаламин,Цианокобаламин,раствор для инъекций,"0.2 мг/мл, 0.5 мг/мл",
Цианокобаламин,Цианокобаламин,раствор для инъекций,"0.2 мг/мл, 0.5 мг/мл",
Цианокобаламин,Цианокобаламин,раствор для инъекций,"0.2 мг/мл, 0.5 мг/мл",
Цианокобаламин буфус,Цианокобаламин,раствор для инъекций,0.5 мг/мл,
Цианокобаламин,Цианокобаламин,раствор для инъекций,500 мкг/мл,
Циклосерин,Циклосерин,капсулы,"125 мг, 250 мг, 500 мг",
ЦИКЛОСЕРИН,Циклосерин,капсулы,"125 мг, 250 мг, 500 мг",
Циклоптик,Циклопентолат,капли глазные,0.01,
Цикломед,Циклопентолат,капли глазные,0.01,
Мецитолин,Циклопентолат,капли глазные,0.01,
КЛИМАЛАКС® Фам,Цимицифуги кистевидной корневищ с корнями экстракт,капли для приема внутрь,,
Климадинон,Цимицифуги кистевидной корневищ с корнями экстракт,капли для приема внутрь,,
Зинеридерм,Цинка ацетат+Эритромицин,порошок для приготовления раствора для наружного применения,12 мг+40 мг/мл,
Цинка ацетат+Эритромицин,Цинка ацетат+Эритромицин,порошок для приготовления раствора для наружного применения,12 мг+40 мг/мл,
АКНЕДЕРИЛ,Цинка ацетат+Эритромицин,порошок для приготовления раствора для наружного применения,12 мг+40 мг/мл,
Зинерит,Цинка ацетат+Эритромицин,порошок для приготовления раствора для наружного применения,,
Цинковая мазь,Цинка оксид,мазь для наружного применения,0.1,
Цинковая мазь,Цинка оксид,мазь для наружного применения,0.1,
Цинковая мазь,Цинка оксид,мазь для наружного применения,0.1,
Цинковая мазь,Цинка оксид,мазь для наружного применения,0.1,
Цинковая мазь,Цинка оксид,мазь для наружного применения,0.1,
Цинковая мазь,Цинка оксид,мазь для наружного применения,0.1,
Цинковая мазь,Цинка оксид,мазь для наружного применения,0.1,
Цинковая мазь,Цинка оксид,мазь для наружного применения,0.1,
Цинковая мазь,Цинка оксид,мазь для наружного применения,0.1,
Цинковая паста,Цинка оксид,паста для наружного применения,0.25,
Цинковая паста,Цинка оксид,паста для наружного применения,0.25,
Цинковая паста,Цинка оксид,паста для наружного применения,0.25,
Цинковая паста,Цинка оксид,паста для наружного применения,0.25,
Присыпка детская,Цинка оксид,порошок для наружного применения,,
Присыпка детская,Цинка оксид,порошок для наружного применения,,
Присыпка детская,Цинка оксид,порошок для наружного применения,,
Циндол,Цинка оксид,суспензия для наружного применения,12.5%,
Циндол,Цинка оксид,суспензия для наружного применения,12.5%,
Циндол,Цинка оксид,суспензия для наружного применения,12.5%,
Циндол,Цинка оксид,суспензия для наружного применения,,
Циндол,Цинка оксид,суспензия для наружного применения,12.5%,
Циндол,Цинка оксид,суспензия для наружного применения,12.5%,
Циндол,Цинка оксид,суспензия для наружного применения,12.5%,
Циндол,Цинка оксид,суспензия для наружного применения,,
Циндол,Цинка оксид,суспензия для наружного применения,12.5%,
Циндол,Цинка оксид,суспензия для наружного применения,12.5%,
Цинктерал-Тева,Цинка сульфат,"таблетки, покрытые пленочной оболочкой",124 мг,
Цинк Реневал,Цинка сульфат,"таблетки, покрытые пленочной оболочкой",124 мг,
Ципролет,Ципрофлоксацин,капли глазные,3 мг/мл,
Ципрофлоксацин Реневал,Ципрофлоксацин,капли глазные,0.3%,
Ципрофлоксацин-Оптик,Ципрофлоксацин,капли глазные,0.3%,
Ципромед,Ципрофлоксацин,капли глазные,0.3%,
Роцип,Ципрофлоксацин,капли глазные,3 мг/мл,
Цитохром С,Цитохром С,лиофилизат для приготовления раствора для внутривенного и внутримышечного введения,10 мг,
ЦИКАДОКС,Цитохром С,лиофилизат для приготовления раствора для внутривенного и внутримышечного введения,10 мг,
Чемеричная вода,Чемерицы Лобеля корневищ с корнями настойка,раствор для наружного применения,,
Чемеричная вода,Чемерицы Лобеля корневищ с корнями настойка,раствор для наружного применения,,
Чемеричная вода,Чемерицы Лобеля корневищ с корнями настойка,раствор для наружного применения,,
ЧЕМЕРИЧНАЯ ВОДА,Чемерицы Лобеля корневищ с корнями настойка,раствор для наружного применения,,
Чемеричная вода,Чемерицы Лобеля корневищ с корнями настойка,раствор для наружного применения,,
Чемеричная вода,Чемерицы Лобеля корневищ с корнями настойка,раствор для наружного применения,,
Холосас,Шиповника плодов экстракт,сироп,,
Холос,Шиповника плодов экстракт,сироп,,
Холемакс,Шиповника плодов экстракт,сироп,,
Холосас,Шиповника плодов экстракт,сироп,,
Шиповника плодов сироп,Шиповника плодов экстракт,сироп,,
Шиповника сироп,Шиповника плодов экстракт,сироп,,
Шиповника сироп плюс витамин С,Шиповника плодов экстракт,сироп,,
Шиповника сироп Астфарм,Шиповника плодов экстракт,сироп,,
Шиповника масло,Шиповника семян масло,"масло для приема внутрь, наружного и местного применения",,
Шиповника масло,Шиповника семян масло,"масло для приема внутрь, наружного и местного применения",,
Шиповника масло,Шиповника семян масло,"масло для приема внутрь, наружного и местного применения",,
Хлорофиллипт,Эвкалипта листьев экстракт,раствор для приема внутрь и местного применения,0.01,
Хлорофиллонг,Эвкалипта листьев экстракт,раствор для приема внутрь и местного применения,,
Хлорофиллин-ОЗ,Эвкалипта листьев экстракт,раствор для приема внутрь и местного применения,10 мг/мл,
Хлорофиллипт,Эвкалипта листьев экстракт,"раствор для приема внутрь, местного и наружного применения спиртовой",0.01,
Фитофиллипт,Эвкалипта листьев экстракт,"раствор для приема внутрь, местного и наружного применения спиртовой",0.01,
Хлорофиллипт,Эвкалипта листьев экстракт,"раствор для приема внутрь, местного и наружного применения спиртовой",0.01,
Хлорофилум,Эвкалипта листьев экстракт,"раствор для местного и наружного применения, [масляный]",0.02,
Хлорофиллипт,Эвкалипта листьев экстракт,"раствор для местного и наружного применения, [масляный]",20 мг/мл,
Хлорофиллипт®,Эвкалипта листьев экстракт,"раствор для местного и наружного применения, [масляный]",20 мг/мл,
Хлорофиллипт,Эвкалипта листьев экстракт,"раствор для местного применения, [масляный]",0.02,
Эвкалипта настойка,Эвкалипта прутовидного листьев настойка,настойка,,
Эвкалипта настойка,Эвкалипта прутовидного листьев настойка,настойка,,
Эвкалипта настойка,Эвкалипта прутовидного листьев настойка,настойка,,
Эвкалипта настойка,Эвкалипта прутовидного листьев настойка,настойка,,
Эвкалипта настойка,Эвкалипта прутовидного листьев настойка,настойка,,
Эвкалипта настойка,Эвкалипта прутовидного листьев настойка,настойка,,
Эвкалипта настойка,Эвкалипта прутовидного листьев настойка,настойка,,
Эвкалипта настойка,Эвкалипта прутовидного листьев настойка,настойка,,
Эвкалипта настойка,Эвкалипта прутовидного листьев настойка,настойка,,
Эвкалипта настойка,Эвкалипта прутовидного листьев настойка,настойка,,
Эвкалипта настойка,Эвкалипта прутовидного листьев настойка,настойка,,
Эвкалипта настойка,Эвкалипта прутовидного листьев настойка,настойка,,
Эвкалипта настойка,Эвкалипта прутовидного листьев настойка,настойка,,
Эвкалипта настойка,Эвкалипта прутовидного листьев настойка,настойка для ингаляций и местного применения,,
Эвкалипта настойка,Эвкалипта прутовидного листьев настойка,настойка для ингаляций и местного применения,,
Эвкалипта настойка,Эвкалипта прутовидного листьев настойка,настойка для ингаляций и местного применения,,
Эвкалипта настойка,Эвкалипта прутовидного листьев настойка,настойка для ингаляций и местного применения,,
Эвкалипта настойка,Эвкалипта прутовидного листьев настойка,настойка для ингаляций и местного применения,,
Ингалокс эвкалипт,Эвкалипта прутовидного листьев настойка,настойка для ингаляций и местного применения,,
Смесь для ингаляций,Левоментол+Эвкалипта прутовидного листьев настойка,раствор для ингаляций,,
Смесь для ингаляций,Левоментол+Эвкалипта прутовидного листьев настойка,раствор для ингаляций,,
Смесь для ингаляций,Левоментол+Эвкалипта прутовидного листьев настойка,раствор для ингаляций,,
Смесь для ингаляций,Левоментол+Эвкалипта прутовидного листьев настойка,капли для ингаляций,,
Смесь для ингаляций,Левоментол+Эвкалипта прутовидного листьев настойка,капли для ингаляций,,
Смесь для ингаляций,Левоментол+Эвкалипта прутовидного листьев настойка,капли для ингаляций,,
Смесь для ингаляций,Левоментол+Эвкалипта прутовидного листьев настойка,капли для ингаляций,,
Пектусин,Эвкалиптовое масло+[Левоментол],таблетки для рассасывания,,
Пектусин,Эвкалиптовое масло+[Левоментол],таблетки для рассасывания,,
Пектусин,Эвкалиптовое масло+[Левоментол],таблетки для рассасывания,0.5 мг+4.0 мг,
Релпакс®,Элетриптан,"таблетки, покрытые пленочной оболочкой","20 мг, 40 мг",
Дэлмигрен,Элетриптан,"таблетки, покрытые пленочной оболочкой","20 мг, 40 мг",
Элеутерококка экстракт,Элеутерококка колючего корневищ и корней экстракт,"таблетки, покрытые оболочкой",100 мг,
Элеутерококка экстракт жидкий,Элеутерококка колючего корневищ и корней экстракт,экстракт для приема внутрь,,
Элеутерококка экстракт жидкий,Элеутерококка колючего корневищ и корней экстракт,экстракт для приема внутрь,,
Элеутерококка экстракт жидкий,Элеутерококка колючего корневищ и корней экстракт,экстракт для приема внутрь,,
Элеутерококка экстракт жидкий,Элеутерококка колючего корневищ и корней экстракт,экстракт для приема внутрь,,
Элеутерококка экстракт жидкий,Элеутерококка колючего корневищ и корней экстракт,экстракт для приема внутрь,,
Элеутерококка экстракт жидкий,Элеутерококка колючего корневищ и корней экстракт,экстракт для приема внутрь,,
Элеутерококка экстракт жидкий,Элеутерококка колючего корневищ и корней экстракт,экстракт для приема внутрь,,
Элеутерококка экстракт жидкий,Элеутерококка колючего корневищ и корней экстракт,экстракт для приема внутрь,,
Элеутерококка экстракт жидкий,Элеутерококка колючего корневищ и корней экстракт,экстракт для приема внутрь,,
Элеутерококка экстракт жидкий,Элеутерококка колючего корневищ и корней экстракт,экстракт для приема внутрь,,
Элеутерококка экстракт жидкий,Элеутерококка колючего корневищ и корней экстракт,экстракт для приема внутрь,,
ЭЛЕУТЕРОКОККА ЭКСТРАКТ ЖИДКИЙ,Элеутерококка колючего корневищ и корней экстракт,экстракт для приема внутрь,,
Элеутерококка экстракт жидкий,Элеутерококка колючего корневищ и корней экстракт,экстракт для приема внутрь,,
Элеутерококка экстракт жидкий,Элеутерококка колючего корневищ и корней экстракт,экстракт для приема внутрь,,
Элеутерококка экстракт жидкий,Элеутерококка колючего корневищ и корней экстракт,экстракт для приема внутрь,,
Джардинс,Эмпаглифлозин,"таблетки, покрытые пленочной оболочкой","10 мг, 25 мг",
ЭМПФЛОЗА®,Эмпаглифлозин,"таблетки, покрытые пленочной оболочкой","10 мг, 25 мг",
Эмфорикс,Эмпаглифлозин,"таблетки, покрытые пленочной оболочкой","10 мг, 25 мг",
Эпинефрин,Эпинефрин,раствор для инъекций,1 мг/мл,
АДРЕНАЛИН,Эпинефрин,раствор для инъекций,1 мг/мл,
АДРЕНАЛИН,Эпинефрин,раствор для инъекций,1 мг/мл,
Адреналин,Эпинефрин,раствор для инъекций,1 мг/мл,
Адреналин-СОЛОфарм,Эпинефрин,раствор для инъекций,1 мг/мл,
Эритромицин,Эритромицин,мазь глазная,10 тыс.ЕД/г,
Эритромицин,Эритромицин,мазь глазная,10000 ЕД/г,
Эритромицин,Эритромицин,мазь для наружного применения,10 тыс.ЕД/г,
Эритромицин,Эритромицин,мазь для наружного применения,10000 ЕД/г,
Овестин,Эстриол,крем вагинальный,1 мг/г,
Орниона,Эстриол,крем вагинальный,0.1%,
ДляЖенс® эстри,Эстриол,крем вагинальный,1 мг/г,
Овипол Клио,Эстриол,крем вагинальный,1 мг/г,
Овестин,Эстриол,суппозитории вагинальные,0.5 мг,
Эстровагин,Эстриол,суппозитории вагинальные,0.5 мг,
ДляЖенс® эстри,Эстриол,суппозитории вагинальные,0.5 мг,
Эстрокад,Эстриол,суппозитории вагинальные,0.5 мг,
Ованелия,Эстриол,суппозитории вагинальные,0.5 мг,
Этамзилат-Ферейн,Этамзилат,раствор для инъекций,125 мг/мл,
Этамзилат,Этамзилат,раствор для инъекций,125 мг/мл,
Этамзилат,Этамзилат,раствор для инъекций,125 мг/мл,
Этамзилат,Этамзилат,раствор для инъекций,125 мг/мл,
Этамзилат,Этамзилат,раствор для инъекций,125 мг/мл,
ЭТАМЗИЛАТ,Этамзилат,раствор для инъекций,125 мг/мл,
Этамзилат,Этамзилат,раствор для инъекций,125 мг/мл,
Этамзилат,Этамзилат,раствор для внутривенного и внутримышечного введения,125 мг/мл,
Этамзилат,Этамзилат,раствор для внутривенного и внутримышечного введения,250 мг/2 мл,
Этиловый спирт,Этанол,концентрат для приготовления раствора для наружного применения,0.95,
Этиловый спирт,Этанол,концентрат для приготовления раствора для наружного применения,0.95,
Этиловый спирт,Этанол,концентрат для приготовления раствора для наружного применения,0.95,
Этиловый спирт,Этанол,концентрат для приготовления раствора для наружного применения,0.95,
Этиловый спирт,Этанол,концентрат для приготовления раствора для наружного применения,0.95,
Этиловый спирт,Этанол,концентрат для приготовления раствора для наружного применения,0.95,
Этиловый спирт,Этанол,концентрат для приготовления раствора для наружного применения,0.95,
Этиловый спирт,Этанол,концентрат для приготовления раствора для наружного применения,0.95,
Этиловый спирт,Этанол,концентрат для приготовления раствора для наружного применения,0.95,
Этиловый спирт,Этанол,концентрат для приготовления раствора для наружного применения,0.95,
Медицинский антисептический раствор,Этанол,концентрат для приготовления раствора для наружного применения,0.95,
Этиловый спирт,Этанол,концентрат для приготовления раствора для наружного применения,0.95,
Этиловый спирт,Этанол,концентрат для приготовления раствора для наружного применения,0.95,
МЕДИЦИНСКИЙ АНТИСЕПТИЧЕСКИЙ РАСТВОР,Этанол,концентрат для приготовления раствора для наружного применения,0.95,
Медицинский антисептический раствор,Этанол,концентрат для приготовления раствора для наружного применения,0.95,
Медицинский антисептический раствор,Этанол,концентрат для приготовления раствора для наружного применения,0.95,
Септол-Сол,Этанол,концентрат для приготовления раствора для наружного применения,0.95,
Этиловый спирт,Этанол,концентрат для приготовления раствора для наружного применения,0.95,
ЭТИЛОВЫЙ СПИРТ,Этанол,концентрат для приготовления раствора для наружного применения,0.95,
Медицинский антисептический раствор,Этанол,концентрат для приготовления раствора для наружного применения,0.95,
Медицинский антисептический раствор,Этанол,концентрат для приготовления раствора для наружного применения,0.95,
Спирт этиловый,Этанол,концентрат для приготовления раствора для наружного применения,0.95,
ЭТИЛОВЫЙ СПИРТ,Этанол,концентрат для приготовления раствора для наружного применения,0.95,
Этиловый спирт,Этанол,концентрат для приготовления раствора для наружного применения,0.95,
Этанол медицинский,Этанол,концентрат для приготовления раствора для наружного применения,0.95,
Этиловый спирт,Этанол,раствор для наружного применения,"40%, 70%",
Этиловый спирт,Этанол,раствор для наружного применения,"40%, 70%, 90%",
Этиловый спирт,Этанол,раствор для наружного применения,"40%, 70%, 90%",
Этиловый спирт,Этанол,раствор для наружного применения,0.7,
Этиловый спирт,Этанол,раствор для наружного применения,"40%, 70%, 90%",
Этиловый спирт,Этанол,раствор для наружного применения,"40%, 70%, 90%",
Спирт этиловый,Этанол,раствор для наружного применения,"40%, 70%, 90%",
Этиловый спирт,Этанол,раствор для наружного применения,"70%, 90%",
Этиловый спирт,Этанол,раствор для наружного применения,"40%, 70%, 90%",
Этиловый спирт,Этанол,раствор для наружного применения,"40%, 70%, 90%",
Этиловый спирт,Этанол,раствор для наружного применения,"40%, 70%, 90%",
Этиловый спирт,Этанол,раствор для наружного применения,0.9,
Этиловый спирт,Этанол,раствор для наружного применения,"40%, 70%, 90%",
Этиловый спирт,Этанол,раствор для наружного применения,"40%, 70%, 90%",
Этиловый спирт,Этанол,раствор для наружного применения,0.7,
Этиловый спирт,Этанол,раствор для наружного применения,0.7,
Спирт этиловый,Этанол,раствор для наружного применения,"40%, 70%, 90%",
Спирт этиловый,Этанол,раствор для наружного применения,0.7,
Медицинский антисептический раствор,Этанол,раствор для наружного применения,0.7,
Медицинский антисептический раствор,Этанол,раствор для наружного применения,"40%, 70%, 90%",
Медицинский антисептический раствор,Этанол,раствор для наружного применения,"40%, 70%, 90%",
Медицинский антисептический раствор,Этанол,раствор для наружного применения,0.95,
Медицинский антисептический раствор,Этанол,раствор для наружного применения,"40%, 70%, 90%",
Медицинский антисептический раствор,Этанол,раствор для наружного применения,"40%, 70%, 90%",
Медицинский антисептический раствор,Этанол,раствор для наружного применения,"40%, 70%, 90%",
Медицинский антисептический раствор,Этанол,раствор для наружного применения,"40%, 70%, 90%",
Медицинский антисептический раствор,Этанол,раствор для наружного применения,0.7,
Этиловый спирт,Этанол,раствор для наружного применения,"40%, 70%, 90%",
Медицинский антисептический раствор,Этанол,раствор для наружного применения,"70%, 90%",
Этиловый спирт,Этанол,раствор для наружного применения,"40%, 70%",
Этиловый спирт,Этанол,концентрат для приготовления раствора для наружного применения и приготовления лекарственных форм,0.95,
Этиловый спирт,Этанол,концентрат для приготовления раствора для наружного применения и приготовления лекарственных форм,0.95,
Этиловый спирт,Этанол,раствор для наружного применения и приготовления лекарственных форм,"40%, 70%, 90%",
Этиловый спирт,Этанол,раствор для наружного применения и приготовления лекарственных форм,0.7,
Этиловый спирт,Этанол,раствор для наружного применения и приготовления лекарственных форм,0.95,
Этиловый спирт,Этанол,раствор для наружного применения и приготовления лекарственных форм,0.95,
Этиловый спирт,Этанол,раствор для наружного применения и приготовления лекарственных форм,0.95,
Этиловый спирт,Этанол,раствор для наружного применения и приготовления лекарственных форм,0.7,
Этиловый спирт,Этанол,раствор для наружного применения и приготовления лекарственных форм,"40%, 70%, 90%",
Этиловый спирт,Этанол,раствор для наружного применения и приготовления лекарственных форм,0.7,
Этиловый спирт,Этанол,раствор для наружного применения и приготовления лекарственных форм,"40%, 70%, 90%",
Этиловый спирт,Этанол,раствор для наружного применения и приготовления лекарственных форм,0.95,
Этиловый спирт,Этанол,раствор для наружного применения и приготовления лекарственных форм,0.95,
Этиловый спирт,Этанол,раствор для наружного применения и приготовления лекарственных форм,0.7,
Этиловый спирт,Этанол,раствор для наружного применения и приготовления лекарственных форм,"40%, 70%, 90%",
Этиловый спирт,Этанол,раствор для наружного применения и приготовления лекарственных форм,0.95,
Этиловый спирт,Этанол,раствор для наружного применения и приготовления лекарственных форм,0.7,
Этиловый спирт,Этанол,раствор для наружного применения и приготовления лекарственных форм,"40%, 70%, 90%",
Этиловый спирт,Этанол,раствор для наружного применения и приготовления лекарственных форм,0.7,
Этиловый спирт,Этанол,раствор для наружного применения и приготовления лекарственных форм,0.95,
Этиловый спирт,Этанол,раствор для наружного применения и приготовления лекарственных форм,"40%, 70%",
Этиловый спирт,Этанол,раствор для наружного применения и приготовления лекарственных форм,0.7,
Этиловый спирт,Этанол,раствор для наружного применения и приготовления лекарственных форм,0.7,
Этиловый спирт,Этанол,раствор для наружного применения и приготовления лекарственных форм,0.95,
Этиловый спирт,Этанол,раствор для наружного применения и приготовления лекарственных форм,0.7,
Этиловый спирт,Этанол,раствор для наружного применения и приготовления лекарственных форм,"40%, 70%, 90%",
Этиловый спирт,Этанол,раствор для наружного применения и приготовления лекарственных форм,0.95,
Этиловый спирт,Этанол,раствор для наружного применения и приготовления лекарственных форм,0.95,
Этиловый спирт,Этанол,раствор для наружного применения и приготовления лекарственных форм,0.7,
Спирт этиловый,Этанол,раствор для наружного применения и приготовления лекарственных форм,0.95,
Медицинский антисептический раствор,Этанол,раствор для наружного применения и приготовления лекарственных форм,0.95,
Этиловый спирт,Этанол,раствор для приготовления лекарственных форм,0.95,
Этиловый спирт,Этанол,раствор для приготовления лекарственных форм,0.95,
Этиловый спирт,Этанол,раствор для приготовления лекарственных форм,0.95,
Эфир для наркоза стабилизированный,Эфир диэтиловый,жидкость для ингаляций,,
Эфир для наркоза стабилизированный,Эфир диэтиловый,жидкость для ингаляций,,
Эхинацеи настойка,Эхинацеи пурпурной травы настойка,настойка,,
ЭХИНАЦЕИ НАСТОЙКА,Эхинацеи пурпурной травы настойка,настойка,,
Эхинацеи настойка,Эхинацеи пурпурной травы настойка,настойка,,
Эхинацеи настойка,Эхинацеи пурпурной травы настойка,настойка,,
Эхинацеи настойка,Эхинацеи пурпурной травы настойка,настойка,,
Доктор Тайсс Эхинацея форте,Эхинацеи пурпурной травы сок,раствор для приема внутрь,,
Эхинацея ВИЛАР,Эхинацеи пурпурной травы сок,сок для приема внутрь,,
Иммунекс®,Эхинацеи пурпурной травы экстракт,сироп,,
Эхинацеи пурпурной экстракт жидкий,Эхинацеи пурпурной травы экстракт,экстракт для приема внутрь,,
Эхинацея Реневал,Эхинацеи пурпурной травы экстракт,таблетки,200 мг,
Эхинацея,Эхинацеи пурпурной травы экстракт,таблетки,200 мг,
Эхинацея,Эхинацеи пурпурной травы экстракт,таблетки,201 мг,
Аэртал,Ацеклофенак,порошок для приготовления суспензии для приема внутрь,100 мг,
Аэртал,Ацеклофенак,"таблетки, покрытые пленочной оболочкой",100 мг,
Аспирин,Ацетилсалициловая кислота,таблетки,500 мг,
Аспирин Экспресс,Ацетилсалициловая кислота,таблетки шипучие,500 мг,
Тантум роза,Бензидамин,раствор вагинальный,0.1%,
Тантум роза,Бензидамин,порошок для приготовления раствора вагинального,500 мг,
Целестодерм-В,Бетаметазон,мазь для наружного применения,0.1%,
Целестодерм-В,Бетаметазон,крем для наружного применения,0.1%,
Но-шпа,Дротаверин,"таблетки, покрытые пленочной оболочкой",40 мг,
Но-шпа,Дротаверин,таблетки,40 мг,
Дюфалак,Лактулоза,сироп,667 мг/мл,
Дюфалак,Лактулоза,сироп,667 мг/мл,
Элоком,мометазона фуроат,мазь,1 мг/г,
Элоком,мометазона фуроат,крем,1 мг/г,
Зипрекса,Оланзапин,"таблетки, покрытые пленочной оболочкой","10 мг, 5 мг",
Зипрекса Зидис,Оланзапин,"таблетки, диспергируемые в полости рта","10 мг, 5 мг",
Дифферин,Адапален,гель для наружного применения,0.1%,
Дифферин,Адапален,крем для наружного применения,0.1%,
Энтерол,Сахаромицеты буларди,капсулы,250 мг,
Энтерол,Сахаромицеты буларди,порошок для приготовления суспензии для приема внутрь,100 мг,
Энтерол,Сахаромицеты буларди,порошок для приготовления суспензии для приема внутрь,250 мг,
Кестин,Эбастин,таблетки-лиофилизат,20 мг,
Кестин,Эбастин,таблетки покрытые пленочной оболочкой,20 мг,
НовоРапид ФлексПен,Инсулин аспарт,раствор для подкожного и внутривенного введения,100 ЕД/мл,
НовоРапид Пенфилл,Инсулин аспарт,раствор для подкожного и внутривенного введения,100 ЕД/мл,
Стрепсилс,Амилметакрезол+Дихлорбензиловый спирт,таблетки для рассасывания,,
Стрепсилс,Амилметакрезол+Дихлорбензиловый спирт,таблетки для рассасывания,0.6 мг+1.2 мг,
Стрепсилс с охлаждающим эффектом,Амилметакрезол+Дихлорбензиловый спирт,таблетки для рассасывания,,
Актрапид НМ,Инсулин растворимый [человеческий генно-инженерный],раствор для инъекций,100 МЕ/мл,
Актрапид НМ Пенфилл,Инсулин растворимый [человеческий генно-инженерный],раствор для инъекций,100 МЕ/мл,
Протафан HM,Инсулин-изофан [человеческий генно-инженерный],суспензия для подкожного введения,100 МЕ/мл,
Протафан HM Пенфилл,Инсулин-изофан [человеческий генно-инженерный],суспензия для подкожного введения,100 МЕ/мл,
НовоМикс 30 Пенфилл,Инсулин аспарт двухфазный,суспензия для подкожного введения,100 ЕД/мл,
НовоМикс 30 ФлексПен,Инсулин аспарт двухфазный,суспензия для подкожного введения,100 ЕД/мл,
Левемир ФлексПен,Инсулин детемир,раствор для подкожного введения,100 ЕД/мл,
Левемир Пенфилл,Инсулин детемир,раствор для подкожного введения,100 ЕД/мл,
Энтеросгель,Полиметилсилоксана полигидрат,паста для приема внутрь,,
Энтеросгель,Полиметилсилоксана полигидрат,паста для приема внутрь [со сладким вкусом],,
Арбидол,Умифеновир,"таблетки, покрытые пленочной оболочкой",50 мг,
Арбидол,Умифеновир,таблетки покрытые оболочкой,50 мг,
Флюанксол,Флупентиксол,"таблетки, покрытые пленочной оболочкой","0.5 мг, 1 мг, 5 мг",
Флюанксол,Флупентиксол,"таблетки, покрытые оболочкой","0.5 мг, 1 мг, 5 мг",
Диабетон МВ,Гликлазид,таблетки с модифицированным высвобождением,60 мг,
Диабетон МВ,Гликлазид,таблетки с модифицированным высвобождением,30 мг,
Бондронат,Ибандроновая кислота,концентрат для приготовления раствора для инфузий,6 мг/6 мл,
Бондронат,Ибандроновая кислота,концентрат для приготовления раствора для инфузий,2 мг/2 мл,
Зомета,Золедроновая кислота,раствор для инфузий,4 мг/100 мл,
Зомета,Золедроновая кислота,концентрат для приготовления раствора для инфузий,4 мг/5 мл,
ФениВейт,Флутиказон,мазь для наружного применения,0.005%,
ФениВейт,Флутиказон,крем для наружного применения,0.05%,
Фуцидин,Фузидовая кислота,мазь для наружного применения,0.02,
Фуцидин,Фузидовая кислота,крем для наружного применения,0.02,
Стелара,Устекинумаб,раствор для подкожного введения,"45 мг/0.5 мл, 90 мг/мл",
Стелара,Устекинумаб,раствор для подкожного введения,45 мг/0.5 мл,
Брилинта®,Тикагрелор,"таблетки, покрытые пленочной оболочкой",90 мг,
Тикагрелор АстраЗенека,Тикагрелор,"таблетки, покрытые пленочной оболочкой",90 мг,
Вакцина антирабическая культуральная концентрированная очищенная инактивированная сухая,Вакцина для профилактики бешенства,лиофилизат для приготовления раствора для внутримышечного введения,,
КОКАВ Вакцина антирабическая культуральная концентрированная очищенная инактивированная,Вакцина для профилактики бешенства,лиофилизат для приготовления раствора для внутримышечного введения,,
Вакцина гепатита В рекомбинантная дрожжевая,Вакцина для профилактики вирусного гепатита B,суспензия для внутримышечного введения,"0.5 мл, 1 мл",
"Регевак В (Вакцина против гепатита В, рекомбинантная дрожжевая жидкая)",Вакцина для профилактики вирусного гепатита B,суспензия для внутримышечного введения,20 мкг/мл,
Ультрикс Вакцина гриппозная инактивированная расщепленная,Вакцина для профилактики гриппа [инактивированная],раствор для внутримышечного введения,0.5 мл/доза,
СОВИГРИПП® Вакцина гриппозная инактивированная субъединичная,Вакцина для профилактики гриппа [инактивированная],раствор для внутримышечного введения,,
Флю-М Тетра Вакцина гриппозная четырехвалентная инактивированная расщепленная,Вакцина для профилактики гриппа [инактивированная],раствор для внутримышечного введения,,
Флю-М [Вакцина гриппозная инактивированная расщепленная],Вакцина для профилактики гриппа [инактивированная],раствор для внутримышечного введения,,
Ультрикс® Квадри Вакцина гриппозная четырехвалентная инактивированная расщепленная,Вакцина для профилактики гриппа [инактивированная],суспензия для внутримышечного введения,0.5 мл/доза,
Инфлювак® (вакцина гриппозная субъединичная инактивированная),Вакцина для профилактики гриппа [инактивированная],суспензия для внутримышечного и подкожного введения,0.5 мл/доза,
Гриппол® Квадривалент Вакцина гриппозная четырехвалентная инактивированная субъединичная адъювантная,Вакцина для профилактики гриппа [инактивированная]+Азоксимера бромид,раствор для внутримышечного и подкожного введения,,
Гриппол® плюс [Вакцина гриппозная тривалентная инактивированная полимер-субъединичная],Вакцина для профилактики гриппа [инактивированная]+Азоксимера бромид,раствор для внутримышечного и подкожного введения,0.5 мл,
Вакцина коклюшно-дифтерийно-столбнячная адсорбированная (АКДС-вакцина),"Вакцина для профилактики дифтерии, коклюша и столбняка",суспензия для внутримышечного введения,0.5 мл/доза,
Вакцина коклюшно-дифтерийно-столбнячная адсорбированная (АКДС-вакцина),"Вакцина для профилактики дифтерии, коклюша и столбняка",суспензия для внутримышечного введения,"(10 МЕ, 15 Lf, 5 EC)/доза",
Вакцина против краснухи живая аттенуированная,Вакцина для профилактики краснухи,лиофилизат для приготовления раствора для подкожного введения,,
Вакцина против краснухи живая аттенуированная,Вакцина для профилактики краснухи,лиофилизат для приготовления раствора для подкожного введения,,
Вакцина против краснухи культуральная живая,Вакцина для профилактики краснухи,лиофилизат для приготовления раствора для подкожного введения,0.5 мл/доза,
"Превенар® 13 (вакцина пневмококковая полисахаридная конъюгированная адсорбированная, тринадцативалентная)",Вакцина для профилактики пневмококковых инфекций,суспензия для внутримышечного введения,0.5 мл/доза,
ПНЕМОТЕКС® (вакцина пневмококковая полисахаридная конъюгированная адсорбированная тринадцативалентная),Вакцина для профилактики пневмококковых инфекций,суспензия для внутримышечного введения,0.5 мл/доза,
"Гам-КОВИД-Вак Комбинированная векторная вакцина для профилактики коронавирусной инфекции, вызываемой вирусом SARS-CoV-2",Вакцина для профилактики новой коронавирусной инфекции (COVID-19),раствор для внутримышечного введения,компонент I-0.5 мл/доза+компонент II-0.5 мл/доза,
"Гам-КОВИД-Вак-Лио Комбинированная векторная вакцина для профилактики коронавирусной инфекции, вызываемой вирусом SARS-CoV-2",Вакцина для профилактики новой коронавирусной инфекции (COVID-19),лиофилизат для приготовления раствора для внутримышечного введения,компонент I-1 доза+Компонент II-1 доза,
Вакцина туберкулезная (БЦЖ),Вакцина для профилактики туберкулеза,лиофилизат для приготовления суспензии для внутрикожного введения,0.05 мг/доза,
Вакцина туберкулезная (БЦЖ),Вакцина для профилактики туберкулеза,лиофилизат для приготовления суспензии для внутрикожного введения,0.05 мг/доза,
Вакцина туберкулезная для щадящей первичной иммунизации (БЦЖ-М),Вакцина для профилактики туберкулеза,лиофилизат для приготовления суспензии для внутрикожного введения,0.025 мг/доза,
Вакцина туберкулезная для щадящей первичной иммунизации (БЦЖ-М),Вакцина для профилактики туберкулеза,лиофилизат для приготовления суспензии для внутрикожного введения,0.025 мг/доза,
Рамазид H,Гидрохлоротиазид+Рамиприл,таблетки,12.5 мг+5 мг,
Рамазид H,Гидрохлоротиазид+Рамиприл,таблетки,"12.5 мг+2.5 мг, 25 мг+5 мг","Пациенты с непереносимостью лактозы, дефицитом лактазы, глюкозо-галактозной мальабсорбцией"
Хартил-Д,Гидрохлоротиазид+Рамиприл,таблетки,25 мг+5 мг,"Пациенты с непереносимостью лактозы, дефицитом лактазы, глюкозо-галактозной мальабсорбцией"
Амприлан® НД,Гидрохлоротиазид+Рамиприл,таблетки,25 мг+5 мг,"Пациенты с непереносимостью лактозы, дефицитом лактазы, глюкозо-галактозной мальабсорбцией"
Амприлан® НЛ,Гидрохлоротиазид+Рамиприл,таблетки,12.5 мг+2.5 мг,"Пациенты с непереносимостью лактозы, дефицитом лактазы, глюкозо-галактозной мальабсорбцией"
Тенонорм,Атенолол+Хлорталидон,"таблетки, покрытые оболочкой","50 мг+12.5 мг, 100 мг+25 мг","Пациенты с непереносимостью лактозы, дефицитом лактазы, глюкозо-галактозной мальабсорбцией"
Ирузид,Гидрохлоротиазид+Лизиноприл,таблетки,"12.5 мг+10 мг, 12.5 мг+20 мг, 25 мг+20 мг",
Лизоретик,Гидрохлоротиазид+Лизиноприл,таблетки,"12.5 мг+10 мг, 12.5 мг+20 мг",
Литэн Н,Гидрохлоротиазид+Лизиноприл,таблетки,"12.5 мг+10 мг, 12.5 мг+20 мг",
Ко-Диротон,Гидрохлоротиазид+Лизиноприл,таблетки,"12.5 мг+10 мг, 12.5 мг+20 мг",
Гидрохлоротиазид+Лизиноприл-Акрихин,Гидрохлоротиазид+Лизиноприл,таблетки,12.5 мг+20 мг,
Скоприл плюс,Гидрохлоротиазид+Лизиноприл,таблетки,"12.5 мг+20 мг, 25 мг+20 мг",
Фозикард Н,Гидрохлоротиазид+Фозиноприл,таблетки,12.5 мг+20 мг,
Дапафорс® Мет,Дапаглифлозин+Метформин,"таблетки, покрытые пленочной оболочкой","5 мг+850 мг, 5 мг+1000 мг",
Кандекор® Н 16,Гидрохлоротиазид+Кандесартан,таблетки,12.5 мг+16 мг,
Кандекор® Н 32,Гидрохлоротиазид+Кандесартан,таблетки,12.5 мг+32 мг,
Кандекор® Н 8,Гидрохлоротиазид+Кандесартан,таблетки,12.5 мг+8 мг,
Гипосарт Н,Гидрохлоротиазид+Кандесартан,таблетки,"12.5 мг+8 мг, 12.5 мг+16 мг, 12.5 мг+32 мг",
Ордисс Н®,Гидрохлоротиазид+Кандесартан,таблетки,"12.5 мг+16 мг, 12.5 мг+32 мг",
ЭМТЕНОЛИКС®,Тенофовир+Эмтрицитабин+Эфавиренз,"таблетки, покрытые пленочной оболочкой",245 мг+200 мг+600 мг,
Ипратерол,Ипратропия бромид+Фенотерол,аэрозоль для ингаляций дозированный,20 мкг/доза+50 мкг/доза,
Фенипра,Ипратропия бромид+Фенотерол,аэрозоль для ингаляций дозированный,20 мкг/доза+50 мкг/доза,
Астмасол® нео,Ипратропия бромид+Фенотерол,аэрозоль для ингаляций дозированный,20 мкг/доза+50 мкг/доза,
Респирафен® Эйр,Ипратропия бромид+Фенотерол,аэрозоль для ингаляций дозированный,20 мкг/доза+50 мкг/доза,
Инспиракс®,Ипратропия бромид+Фенотерол,аэрозоль для ингаляций дозированный,20 мкг/доза+50 мкг/доза,
Ипратерол,Ипратропия бромид+Фенотерол,раствор для ингаляций,0.25 мг/мл+0.5 мг/мл,
Финонебсол Дуо,Ипратропия бромид+Фенотерол,раствор для ингаляций,0.25 мг/мл+0.5 мг/мл,
Бронхоклин Медисорб,Ипратропия бромид+Фенотерол,раствор для ингаляций,0.25 мг/мл+0.5 мг/мл,
Астмасол® бронхо,Ипратропия бромид+Фенотерол,раствор для ингаляций,0.25 мг/мл+0.5 мг/мл,
Пульмомикс,Ипратропия бромид+Фенотерол,раствор для ингаляций,0.25 мг/мл+0.5 мг/мл,
ИБРОФЕНЕКС,Ипратропия бромид+Фенотерол,раствор для ингаляций,0.25 мг/мл+0.5 мг/мл,
Фенипра,Ипратропия бромид+Фенотерол,раствор для ингаляций,0.25 мг/мл+0.5 мг/мл,
Инспиракс®,Ипратропия бромид+Фенотерол,раствор для ингаляций,0.25 мг/мл+0.5 мг/мл,
Бифрадуал®,Ипратропия бромид+Фенотерол,раствор для ингаляций,0.25 мг/мл+0.5 мг/мл,
Ипратропия бромид+Фенотерол,Ипратропия бромид+Фенотерол,раствор для ингаляций,0.25 мг/мл+0.5 мг/мл,
Респирафен,Ипратропия бромид+Фенотерол,раствор для ингаляций,0.25 мг/мл+0.5 мг/мл,
Астмасол® бронхо БК,Ипратропия бромид+Фенотерол,раствор для ингаляций,0.25 мг/мл+0.5 мг/мл,
Метаглиптин Медисорб,Вилдаглиптин+Метформин,"таблетки, покрытые пленочной оболочкой","50 мг+500 мг, 50 мг+850 мг, 50 мг+1000 мг",
ВЕЛГИМЕТ®,Вилдаглиптин+Метформин,"таблетки, покрытые пленочной оболочкой","50 мг+500 мг, 50 мг+850 мг, 50 мг+1000 мг",
Вилмитрикс Мет,Вилдаглиптин+Метформин,"таблетки, покрытые пленочной оболочкой","50 мг+500 мг, 50 мг+850 мг, 50 мг+1000 мг",
Вилдаглиптин+Метформин ВЕРТЕКС,Вилдаглиптин+Метформин,"таблетки, покрытые пленочной оболочкой","50 мг+500 мг, 50 мг+850 мг, 50 мг+1000 мг","Пациенты с непереносимостью лактозы, дефицитом лактазы, глюкозо-галактозной мальабсорбцией"
Вилдаглиптин+Метформин Канон,Вилдаглиптин+Метформин,"таблетки, покрытые пленочной оболочкой","50 мг+500 мг, 50 мг+850 мг, 50 мг+1000 мг",
Вилдаглиптин + Метформин Реневал,Вилдаглиптин+Метформин,"таблетки, покрытые пленочной оболочкой","50 мг+500 мг, 50 мг+850 мг, 50 мг+1000 мг",
ВИЛДАРИЛ МЕТ,Вилдаглиптин+Метформин,"таблетки, покрытые пленочной оболочкой","50 мг+500 мг, 50 мг+850 мг, 50 мг+1000 мг",
Агарта® Мет,Вилдаглиптин+Метформин,"таблетки, покрытые пленочной оболочкой","50 мг+500 мг, 50 мг+850 мг, 50 мг+1000 мг",
БИМОККО-СЗ,Биматопрост+Тимолол,капли глазные,0.3 мг/мл+5 мг/мл,
Биматопрост-Тимолол,Биматопрост+Тимолол,капли глазные,0.3 мг/мл+5 мг/мл,
Ледипасоф,Ледипасвир+Софосбувир,"таблетки, покрытые пленочной оболочкой",90 мг+400 мг,
Глюконорм Плюс,Глибенкламид+Метформин,"таблетки, покрытые пленочной оболочкой","2.5 мг+500 мг, 5 мг+500 мг",
Глибенфор,Глибенкламид+Метформин,"таблетки, покрытые пленочной оболочкой","2.5 мг+500 мг, 5 мг+500 мг",
Глибенкламид + Метформин,Глибенкламид+Метформин,"таблетки, покрытые пленочной оболочкой","2.5 мг+500 мг, 5 мг+500 мг",
Лориста® Н,Гидрохлоротиазид+Лозартан,"таблетки, покрытые пленочной оболочкой",12.5 мг+50 мг,
Лозап® Плюс,Гидрохлоротиазид+Лозартан,"таблетки, покрытые пленочной оболочкой",12.5 мг+50 мг,
Гидрохлоротиазид+Лозартан,Гидрохлоротиазид+Лозартан,"таблетки, покрытые пленочной оболочкой",12.5 мг+50 мг,
Лозартан/Гидрохлоротиазид-Тева,Гидрохлоротиазид+Лозартан,"таблетки, покрытые пленочной оболочкой","12.5 мг+50 мг, 25 мг+100 мг",
Вазотенз Н,Гидрохлоротиазид+Лозартан,"таблетки, покрытые пленочной оболочкой","12.5 мг+50 мг, 25 мг+100 мг",
Блоктран® ГТ,Гидрохлоротиазид+Лозартан,"таблетки, покрытые пленочной оболочкой",12.5 мг+50 мг,
Презартан® Н,Гидрохлоротиазид+Лозартан,"таблетки, покрытые пленочной оболочкой",12.5 мг+50 мг,
Гидрохлоротиазид+Лозартан-Акрихин,Гидрохлоротиазид+Лозартан,"таблетки, покрытые пленочной оболочкой",12.5 мг+50 мг,
Лозартан Н,Гидрохлоротиазид+Лозартан,"таблетки, покрытые пленочной оболочкой","12.5 мг+50 мг, 12.5 мг+100 мг, 25 мг+100 мг",
ЛОЗАРГИД,Гидрохлоротиазид+Лозартан,"таблетки, покрытые пленочной оболочкой","12.5 мг+50 мг, 12.5 мг+100 мг, 25 мг+100 мг",
Гидрохлоротиазид + Лозартан,Гидрохлоротиазид+Лозартан,"таблетки, покрытые пленочной оболочкой","12.5 мг+50 мг, 12.5 мг+100 мг, 25 мг+100 мг",
Дуостанс,Гидрохлоротиазид+Лозартан,"таблетки, покрытые пленочной оболочкой","12.5 мг+50 мг, 12.5 мг+100 мг",
Лориста® Н 100,Гидрохлоротиазид+Лозартан,"таблетки, покрытые пленочной оболочкой",12.5 мг+100 мг,
Лориста® НД,Гидрохлоротиазид+Лозартан,"таблетки, покрытые пленочной оболочкой",25 мг+100 мг,
АНГИОРУС,Гесперидин+Диосмин,"таблетки, покрытые пленочной оболочкой",100 мг+900 мг,"Пациенты с непереносимостью лактозы, дефицитом лактазы, глюкозо-галактозной мальабсорбцией"
Ангиорус,Гесперидин+Диосмин,"таблетки, покрытые пленочной оболочкой",50 мг+450 мг,"Пациенты с непереносимостью лактозы, дефицитом лактазы, глюкозо-галактозной мальабсорбцией"
Диовенгес®,Гесперидин+Диосмин,"таблетки, покрытые пленочной оболочкой",100 мг+900 мг,
Гесперидин+Диосмин ФП,Гесперидин+Диосмин,"таблетки, покрытые пленочной оболочкой",1000 мг,
ДУОДИВЕН ФОРТЕ,Гесперидин+Диосмин,"таблетки, покрытые пленочной оболочкой",1000 мг,
Дуодивен,Гесперидин+Диосмин,"таблетки, покрытые пленочной оболочкой",50 мг+450 мг,
Гесперидин+Диосмин,Гесперидин+Диосмин,"таблетки, покрытые пленочной оболочкой",1000 мг,
Маритус дуэ,Гесперидин+Диосмин,"таблетки, покрытые пленочной оболочкой",1000 мг,
Диовенгес®,Гесперидин+Диосмин,"таблетки, покрытые пленочной оболочкой",50 мг+450 мг,
Диосмин-Н Органика,Гесперидин+Диосмин,"таблетки, покрытые пленочной оболочкой",50 мг+450 мг,
Венарус,Гесперидин+Диосмин,"таблетки, покрытые пленочной оболочкой",50 мг+450 мг,
Венарус,Гесперидин+Диосмин,"таблетки, покрытые пленочной оболочкой",100 мг+900 мг,
Флебостан,Гесперидин+Диосмин,"таблетки, покрытые пленочной оболочкой",50 мг+450 мг,
Детравенол®,Гесперидин+Диосмин,"таблетки, покрытые пленочной оболочкой",500 мг,
Детравенол®,Гесперидин+Диосмин,"таблетки, покрытые пленочной оболочкой",1000 мг,
Флебавен,Гесперидин+Диосмин,"таблетки, покрытые пленочной оболочкой",500 мг,
ГЕСПЕРИДИН+ДИОСМИН,Гесперидин+Диосмин,"таблетки, покрытые пленочной оболочкой",100 мг+900 мг,
Димиа,Дроспиренон+Этинилэстрадиол,"таблетки, покрытые пленочной оболочкой",3 мг+0.02 мг,Пациенты с повышенной чувствительностью к арахису или сое
Джейна®,Дроспиренон+Этинилэстрадиол,"таблетки, покрытые пленочной оболочкой",3 мг+0.02 мг,
МОДЭЛЛЬ® ТРЕНД,Дроспиренон+Этинилэстрадиол,"таблетки, покрытые пленочной оболочкой",3 мг+0.02 мг,
Планиженс ципро,Ципротерон+Этинилэстрадиол,"таблетки, покрытые оболочкой",2 мг+0.035 мг,
МОДЭЛЛЬ® ПЬЮР,Ципротерон+Этинилэстрадиол,"таблетки, покрытые оболочкой",2 мг+0.035 мг,
Бэсамэль,Ципротерон+Этинилэстрадиол,"таблетки, покрытые пленочной оболочкой",2 мг+0.035 мг,
ВИРЛИМИУМ,Долутегравир+Ламивудин,"таблетки, покрытые пленочной оболочкой",50 мг+300 мг,
Дутастерид+Тамсулозин Фармасинтез,Дутастерид+Тамсулозин,капсулы с модифицированным высвобождением,0.5 мг+0.4 мг,"Пациенты с дефицитом сахаразы/изомальтазы, непереносимостью фруктозы, глюкозо-галактозной мальабсорбцией"
Диециклен,Диеногест+Этинилэстрадиол,таблетки покрытые пленочной оболочкой,2 мг+0.03 мг,
Силует,Диеногест+Этинилэстрадиол,таблетки покрытые пленочной оболочкой,2 мг+0.03 мг,
Эгистина,Диеногест+Этинилэстрадиол,таблетки покрытые пленочной оболочкой,2 мг+0.03 мг,
ПланиЖенс дие,Диеногест+Этинилэстрадиол,таблетки покрытые пленочной оболочкой,2 мг+0.03 мг,
Фемисс Месси,Диеногест+Этинилэстрадиол,таблетки покрытые пленочной оболочкой,2 мг+0.03 мг,
Парацетамол+Трамадол Органика,Парацетамол+Трамадол,"таблетки, покрытые пленочной оболочкой",325 мг+37.5 мг,
Рамлепса,Парацетамол+Трамадол,"таблетки, покрытые пленочной оболочкой",325 мг+37.5 мг,
Рутрам,Парацетамол+Трамадол,"таблетки, покрытые пленочной оболочкой",325 мг+37.5 мг,
ГРОЗАВИР®,Гразопревир+Элбасвир,"таблетки, покрытые пленочной оболочкой",100 мг+50 мг,
ПланиЖенс® номе,Номегэстрол+Эстрадиол,"таблетки, покрытые пленочной оболочкой",2.5 мг+1.5 мг,
Лопинавир+Ритонавир,Лопинавир+Ритонавир,раствор для приема внутрь,80 мг/мл+20 мг/мл,
Лопинавир+Ритонавир,Лопинавир+Ритонавир,раствор для приема внутрь,80 мг/мл+20 мг/мл,
Лопинавир+Ритонавир,Лопинавир+Ритонавир,раствор для приема внутрь,80 мг/мл+20 мг/мл,
Лопинавир+Ритонавир,Лопинавир+Ритонавир,раствор для приема внутрь,80 мг/мл+20 мг/мл,
Лопинавир+Ритонавир-АМЕДАРТ,Лопинавир+Ритонавир,"таблетки, покрытые пленочной оболочкой","100 мг+25 мг, 200 мг+50 мг",
Адемио,Лопинавир+Ритонавир,"таблетки, покрытые пленочной оболочкой","100 мг+25 мг, 200 мг+50 мг",
Лопинавир+Ритонавир-Эдвансд,Лопинавир+Ритонавир,"таблетки, покрытые пленочной оболочкой","100 мг+25 мг, 200 мг+50 мг",
Лопинавир+Ритонавир,Лопинавир+Ритонавир,"таблетки, покрытые пленочной оболочкой","100 мг+25 мг, 200 мг+50 мг",
Виринокс-АФ,Лопинавир+Ритонавир,"таблетки, покрытые пленочной оболочкой","100 мг+25 мг, 200 мг+50 мг","Пациенты с непереносимостью лактозы, дефицитом лактазы, глюкозо-галактозной мальабсорбцией"
Клоривир® Дуо,Лопинавир+Ритонавир,"таблетки, покрытые пленочной оболочкой","100 мг+25 мг, 200 мг+50 мг","Пациенты с непереносимостью лактозы, дефицитом лактазы, глюкозо-галактозной мальабсорбцией"
Гидрохлоротиазид+Каптоприл,Гидрохлоротиазид+Каптоприл,таблетки,25 мг+50 мг,
Абакавир+Ламивудин Сан,Абакавир+Ламивудин,"таблетки, покрытые пленочной оболочкой",600 мг+300 мг,
Думива,Абакавир+Ламивудин,"таблетки, покрытые пленочной оболочкой",600 мг+300 мг,
Лавудин-АБ,Абакавир+Ламивудин,"таблетки, покрытые пленочной оболочкой",600 мг+300 мг,
Абакавир/Ламивудин-Тева,Абакавир+Ламивудин,"таблетки, покрытые пленочной оболочкой",600 мг+300 мг,
Абакавир+Ламивудин,Абакавир+Ламивудин,"таблетки, покрытые пленочной оболочкой",600 мг+300 мг,"Пациенты с непереносимостью лактозы, дефицитом лактазы, глюкозо-галактозной мальабсорбцией"
ДляЖенс климо,Эстрадиол и Левоноргестрел+Эстрадиол,"таблетки, покрытые оболочкой",2 мг и 0.15 мг+2 мг,"Пациенты с дефицитом сахаразы/изомальтазы, непереносимостью фруктозы, глюкозо-галактозной мальабсорбцией"
Валз Н,Валсартан+Гидрохлоротиазид,"таблетки, покрытые пленочной оболочкой","160 мг+12.5 мг, 160 мг+25 мг, 80 мг+12.5 мг","Пациенты с непереносимостью лактозы, дефицитом лактазы, глюкозо-галактозной мальабсорбцией"
Вальсакор Н 160,Валсартан+Гидрохлоротиазид,"таблетки, покрытые пленочной оболочкой",160 мг+12.5 мг,"Пациенты с непереносимостью лактозы, дефицитом лактазы, глюкозо-галактозной мальабсорбцией"
Вальсакор НД 160,Валсартан+Гидрохлоротиазид,"таблетки, покрытые пленочной оболочкой",160 мг+25 мг,"Пациенты с непереносимостью лактозы, дефицитом лактазы, глюкозо-галактозной мальабсорбцией"
Вальсакор® Н 320,Валсартан+Гидрохлоротиазид,"таблетки, покрытые пленочной оболочкой","320 мг+12.5 мг, 320 мг+25 мг","Пациенты с непереносимостью лактозы, дефицитом лактазы, глюкозо-галактозной мальабсорбцией"
Вальсакор Н80,Валсартан+Гидрохлоротиазид,"таблетки, покрытые пленочной оболочкой",80 мг+12.5 мг,"Пациенты с непереносимостью лактозы, дефицитом лактазы, глюкозо-галактозной мальабсорбцией"
Валтеро-Эйч®,Валсартан+Гидрохлоротиазид,"таблетки, покрытые пленочной оболочкой","80 мг+12.5 мг, 160 мг+12.5 мг, 160 мг+25 мг, 320 мг+12.5 мг, 320 мг+25 мг",
Валсартан-Гидрохлоротиазид Канон,Валсартан+Гидрохлоротиазид,"таблетки, покрытые пленочной оболочкой","80 мг+12.5 мг, 160 мг+12.5 мг","Пациенты с непереносимостью лактозы, дефицитом лактазы, глюкозо-галактозной мальабсорбцией"
Валсартан+Гидрохлоротиазид,Валсартан+Гидрохлоротиазид,"таблетки, покрытые пленочной оболочкой","80 мг+12.5 мг, 160 мг+12.5 мг, 160 мг+25 мг",
Энап-НЛ 20,Гидрохлоротиазид+Эналаприл,таблетки,12.5 мг+20 мг,
Энап®-H,Гидрохлоротиазид+Эналаприл,таблетки,25 мг+10 мг,
Энап®-HЛ,Гидрохлоротиазид+Эналаприл,таблетки,12.5 мг+10 мг,
Эмлазид,Зидовудин+Ламивудин,"таблетки, покрытые пленочной оболочкой",300 мг+150 мг,"Пациенты с непереносимостью лактозы, дефицитом лактазы, глюкозо-галактозной мальабсорбцией"
Лазевун,Зидовудин+Ламивудин,"таблетки, покрытые пленочной оболочкой",300 мг+150 мг,
Зидовудин+Ламивудин-Виал,Зидовудин+Ламивудин,"таблетки, покрытые пленочной оболочкой",300 мг+150 мг,
ЗИДОВУДИН+ЛАМИВУДИН,Зидовудин+Ламивудин,"таблетки, покрытые пленочной оболочкой",300 мг+150 мг,
Зидолам,Зидовудин+Ламивудин,"таблетки, покрытые пленочной оболочкой",300 мг+150 мг,
Амлодипин+Бисопролол,Амлодипин+Бисопролол,таблетки,"10 мг+10 мг, 10 мг+5 мг, 5 мг+10 мг, 5 мг+5 мг",
Клопигрант А,Ацетилсалициловая кислота+Клопидогрел,капсулы с модифицированным высвобождением,100 мг+75 мг,"Пациенты с дефицитом сахаразы/изомальтазы, непереносимостью фруктозы, глюкозо-галактозной мальабсорбцией"
Амлодипин + Валсартан + Гидрохлоротиазид Канон,Амлодипин+Валсартан+Гидрохлоротиазид,"таблетки, покрытые пленочной оболочкой","5 мг+160 мг+12.5 мг, 10 мг+160 мг+12.5 мг",
Линдинет 20,Гестоден+Этинилэстрадиол,"таблетки, покрытые оболочкой",75 мкг+20 мкг,
ПланиЖенс® гесто 20,Гестоден+Этинилэстрадиол,"таблетки, покрытые оболочкой",75 мкг+20 мкг,
Бисопролол+Гидрохлоротиазид,Бисопролол+Гидрохлоротиазид,"таблетки, покрытые пленочной оболочкой","2.5 мг+6.25 мг, 5 мг+6.25 мг","Пациенты с непереносимостью лактозы, дефицитом лактазы, глюкозо-галактозной мальабсорбцией"
Бисопролол+Гидрохлоротиазид,Бисопролол+Гидрохлоротиазид,"таблетки, покрытые пленочной оболочкой","2.5 мг+6.25 мг, 5 мг+6.25 мг","Пациенты с непереносимостью лактозы, дефицитом лактазы, глюкозо-галактозной мальабсорбцией"
Бисопролол+Гидрохлоротиазид Канон,Бисопролол+Гидрохлоротиазид,"таблетки, покрытые пленочной оболочкой",2.5 мг+6.25 мг,"Пациенты с непереносимостью лактозы, дефицитом лактазы, глюкозо-галактозной мальабсорбцией"
Бисопролол+Гидрохлоротиазид Канон,Бисопролол+Гидрохлоротиазид,"таблетки, покрытые пленочной оболочкой","5 мг+6.25 мг, 10 мг+6.25 мг","Пациенты с непереносимостью лактозы, дефицитом лактазы, глюкозо-галактозной мальабсорбцией"
ПИГЛЕРИЯ®,Глекапревир+Пибрентасвир,"таблетки, покрытые пленочной оболочкой",100 мг+40 мг,
Севальвео,Глекапревир+Пибрентасвир,"таблетки, покрытые пленочной оболочкой",100 мг+40 мг,
Регулон,Дезогестрел+Этинилэстрадиол,"таблетки, покрытые пленочной оболочкой",150 мкг+30 мкг,
ДЕЛУНА®,Дезогестрел+Этинилэстрадиол,"таблетки, покрытые пленочной оболочкой",150 мкг+30 мкг,
ПланиЖенс® дезо 30,Дезогестрел+Этинилэстрадиол,таблетки,150 мкг+30 мкг,"Пациенты с дефицитом сахаразы/изомальтазы, непереносимость фруктозы, глюкозо-галактозная мальабсорбция"
Новинет,Дезогестрел+Этинилэстрадиол,"таблетки, покрытые пленочной оболочкой",150 мкг+20 мкг,
Модэлль® Овуле,Дезогестрел+Этинилэстрадиол,"таблетки, покрытые пленочной оболочкой",150 мкг+20 мкг,
ПланиЖенс дезо 20,Дезогестрел+Этинилэстрадиол,таблетки,150 мкг+20 мкг,"Пациенты с дефицитом сахаразы/изомальтазы, непереносимостью фруктозы, глюкозо-галактозной мальабсорбцией"
Телсартан Н,Гидрохлоротиазид+Телмисартан,таблетки,"12.5 мг+40 мг, 12.5 мг+80 мг",
ТЕМЛАТЕНЗ®,Гидрохлоротиазид+Телмисартан,таблетки,"12.5 мг+40 мг, 12.5 мг+80 мг",
Телзап Плюс,Гидрохлоротиазид+Телмисартан,таблетки,"12.5 мг+40 мг, 12.5 мг+80 мг, 25 мг+80 мг",
ПланиЖенс® ринг,Этинилэстрадиол+Этоногестрел,система вагинальная терапевтическая,0.015 мг+0.12 мг/сутки,
Ко-Перинева®,Индапамид+Периндоприл,таблетки,"0.625 мг+2 мг, 1.25 мг+4 мг, 2.5 мг+8 мг",
Периндид,Индапамид+Периндоприл,таблетки покрытые пленочной оболочкой,"0.625 мг+2 мг, 1.25 мг+4 мг",
Индапамид/Периндоприл-Тева,Индапамид+Периндоприл,"таблетки, покрытые пленочной оболочкой","0.625 мг+2.5 мг, 1.25 мг+5 мг",
Индапамид+Периндоприл,Индапамид+Периндоприл,таблетки,"0.625 мг+2 мг, 1.25 мг+4 мг",
Индапамид+Периндоприл Канон,Индапамид+Периндоприл,"таблетки, покрытые пленочной оболочкой","1.25 мг+5 мг, 2.5 мг+10 мг",
Индапамид+Периндоприла аргинин-ТАД,Индапамид+Периндоприл,таблетки,"1.25 мг+5 мг, 2.5 мг+10 мг",
Эроффа,Индапамид+Периндоприл,"таблетки, покрытые пленочной оболочкой","0.625 мг+2.5 мг, 1.25 мг+5 мг, 2.5 мг+10 мг",
Индапамид + Периндоприл ВЕРТЕКС,Индапамид+Периндоприл,"таблетки, покрытые пленочной оболочкой","0.625 мг+2.5 мг, 1.25 мг+5 мг, 2.5 мг+10 мг",
Липлесс® Плюс,Бемпедоевая кислота+Эзетимиб,"таблетки, покрытые пленочной оболочкой",180 мг+10 мг,
Амлодипин+Периндоприл,Амлодипин+Периндоприл,таблетки,"5 мг+4 мг, 5 мг+8 мг, 10 мг+4 мг, 10 мг+8 мг",
Амлодипин-Периндоприл-Тева,Амлодипин+Периндоприл,таблетки,"5 мг+5 мг, 5 мг+10 мг, 10 мг+5 мг, 10 мг+10 мг",
Амлодипин+Периндоприла аргинин-ТАД,Амлодипин+Периндоприл,таблетки,"5 мг+5 мг, 5 мг+10 мг, 10 мг+5 мг, 10 мг+10 мг",
Амлодипин+Периндоприл Канон,Амлодипин+Периндоприл,таблетки,"5 мг+5 мг, 5 мг+10 мг, 10 мг+5 мг, 10 мг+10 мг",
АМЛОДИПИН+ПЕРИНДОПРИЛ-АЛИУМ,Амлодипин+Периндоприл,таблетки,"5 мг+4 мг, 5 мг+8 мг, 10 мг+4 мг, 10 мг+8 мг",
Дальнева®,Амлодипин+Периндоприл,таблетки,"5 мг+4 мг, 5 мг+8 мг, 10 мг+4 мг, 10 мг+8 мг",
Респисальф® Эйр,Салметерол+Флутиказон,аэрозоль для ингаляций дозированный,25 мкг+50 мкг/доза,
Респисальф® Эйр,Салметерол+Флутиказон,аэрозоль для ингаляций дозированный,"25 мкг+125 мкг/доза, 25 мкг+250 мкг/доза",
СЕРОФЛО ИНХАЛЕР,Салметерол+Флутиказон,аэрозоль для ингаляций дозированный,"25 мкг+50 мкг/доза, 25 мкг+125 мкг/доза, 25 мкг+250 мкг/доза",
Сальмекорт,Салметерол+Флутиказон,аэрозоль для ингаляций дозированный,"25 мкг+50 мкг/доза, 25 мкг+125 мкг/доза, 25 мкг+250 мкг/доза",
Салтиказон®-аэронатив,Салметерол+Флутиказон,аэрозоль для ингаляций дозированный,"25 мкг+50 мкг/доза, 25 мкг+125 мкг/доза, 25 мкг+250 мкг/доза",
Салтиказон,Салметерол+Флутиказон,порошок для ингаляций дозированный,"50 мкг+100 мкг, 50 мкг+250 мкг, 50 мкг+500 мкг",Только в случае применения с помощью ингалятора «Инхалер CDM®»
СЕРОФЛО МУЛЬТИХАЛЕР,Салметерол+Флутиказон,порошок для ингаляций дозированный,"50 мкг+100 мкг/доза, 50 мкг+250 мкг/доза, 50 мкг+500 мкг/доза",
Формисонид®,Будесонид+Формотерол,порошок для ингаляций дозированный,"80 мкг+4.5 мкг, 160 мкг+4.5 мкг, 320 мкг+9 мкг",
Респифорб,Будесонид+Формотерол,капсулы с порошком для ингаляций,"80 мкг+4.5 мкг/доза, 160 мкг+4.5 мкг/доза, 320 мкг+9 мкг/доза",
Леводопа/Карбидопа/Энтакапон-Тева,Леводопа+Энтакапон+[Карбидопа],"таблетки, покрытые пленочной оболочкой","50 мг+12.5 мг+200 мг, 100 мг+25 мг+200 мг, 150 мг+37.5 мг+200 мг, 200 мг+50 мг+200 мг","Пациенты с непереносимостью лактозы, дефицитом лактазы"
Леводопа+Бенсеразид,Леводопа+[Бенсеразид],капсулы,"50 мг+12.5 мг, 100 мг+25 мг, 200 мг+50 мг",
Телмиста АМ,Амлодипин+Телмисартан,таблетки,"10 мг+40 мг, 10 мг+80 мг, 5 мг+40 мг, 5 мг+80 мг","Пациенты с непереносимостью лактозы, дефицитом лактазы, глюкозо-галактозной мальабсорбцией"
АКТИТЕНЗ®,Амлодипин+Телмисартан,таблетки,"5 мг + 40 мг, 5 мг + 80 мг, 10 мг + 40 мг, 10 мг + 80 мг",
Телсартан АМ,Амлодипин+Телмисартан,таблетки,"10 мг+40 мг, 10 мг+80 мг, 5 мг+40 мг, 5 мг+80 мг",
Налоксон+Оксикодон,Налоксон+Оксикодон,"таблетки с пролонгированным высвобождением, покрытые пленочной оболочкой","2.5 мг+5 мг, 5 мг+10 мг, 10 мг+20 мг, 20 мг+40 мг",
Амлодипин + Олмесартана медоксомил Сандоз®,Амлодипин+Олмесартана медоксомил,"таблетки, покрытые пленочной оболочкой","5 мг+20 мг, 5 мг+40 мг, 10 мг+40 мг","Пациенты с непереносимостью лактозы, дефицитом лактазы, глюкозо-галактозной мальабсорбцией"
ТРИПЛАТЕНЗ®,Амлодипин+Индапамид+Периндоприл,таблетки,"5 мг + 2,5 мг + 8 мг, 10 мг + 1,25 мг + 4 мг, 10 мг + 2,5 мг + 8 мг",
Велодитенз,Амлодипин+Индапамид+Периндоприл,таблетки,"5 мг+1.25 мг+5 мг, 5 мг+2.5 мг+10 мг, 10 мг+2.5 мг+10 мг",
Амлодипин+Индапамид+Периндоприла аргинин-ТАД,Амлодипин+Индапамид+Периндоприл,таблетки,"5 мг+1.25 мг+5 мг, 5 мг+2.5 мг+10 мг, 10 мг+2.5 мг+10 мг",
Зидолам-АБ®,Абакавир+Зидовудин+Ламивудин,"таблетки, покрытые пленочной оболочкой",300 мг+300 мг+150 мг,
ПланиЖенс трио,Левоноргестрел+Этинилэстрадиол,"таблетки, покрытые оболочкой","0.05 мг+0.03 мг, 0.075 мг+0.04 мг, 0.125 мг+0.03 мг","Пациенты с дефицитом сахаразы/изомальтазы, непереносимость фруктозы, глюкозо-галактозная мальабсорбция"
ПланиЖенс® лево,Левоноргестрел+Этинилэстрадиол,"таблетки, покрытые оболочкой",150 мкг+30 мкг,
Бислутара,Бисопролол+Периндоприл,"таблетки, покрытые пленочной оболочкой","5 мг + 5 мг, 5 мг + 10 мг, 10 мг + 5 мг, 10 мг + 10 мг","Пациенты с непереносимостью лактозы, дефицитом лактазы, глюкозо-галактозной мальабсорбцией"
Тенофовир+Эмтрицитабин ВМ,Тенофовир+Эмтрицитабин,"таблетки, покрытые пленочной оболочкой",300 мг+200 мг,
Тенофовир+Эмтрицитабин-КРКА,Тенофовир+Эмтрицитабин,"таблетки, покрытые пленочной оболочкой",245 мг+200 мг,
Дабловир,Тенофовир+Эмтрицитабин,таблетки покрытые пленочной оболочкой,300 мг+200 мг,
ДляЖенс фемини,Дидрогестерон+Эстрадиол,таблетки покрытые пленочной оболочкой,"2.5 мг + 0.5 мг, 5 мг + 1 мг",
ДляЖенс фемини,Дидрогестерон+Эстрадиол,таблетки покрытые пленочной оболочкой,"2.5 мг + 0.5 мг, 5 мг + 1 мг",
ДляЖенс® фемо,Дидрогестерон+Эстрадиол и Эстрадиол [набор],"набор таблеток, покрытых пленочной оболочкой","10 мг+1 мг и 1 мг, 10 мг+2 мг и 2 мг",
Линдинет® 30,Гестоден+Этинилэстрадиол,"таблетки, покрытые оболочкой",75 мкг+30 мкг,
ПланиЖенс® гесто 30,Гестоден+Этинилэстрадиол,"таблетки, покрытые оболочкой",75 мкг+30 мкг,
Фемисс® Гинеста®,Гестоден+Этинилэстрадиол,"таблетки, покрытые оболочкой",75 мкг+30 мкг,
Респикомб® Эйр,Беклометазон+Формотерол,аэрозоль для ингаляций дозированный,"100 мкг+6 мкг, 200 мкг+6 мкг",
Амлодипин + Лизиноприл,Амлодипин+Лизиноприл,таблетки,"10 мг+20 мг, 5 мг+10 мг",
Амлодипин+Лизиноприл,Амлодипин+Лизиноприл,таблетки,"10 мг+20 мг, 5 мг+10 мг",
Де-Криз,Амлодипин+Лизиноприл,таблетки,"10 мг+20 мг, 5 мг+10 мг","Пациенты с непереносимостью лактозы, дефицитом лактазы, глюкозо-галактозной мальабсорбцией"
Эксфотанз,Амлодипин+Валсартан,"таблетки, покрытые пленочной оболочкой","5 мг+80 мг, 5 мг+160 мг, 10 мг+160 мг",
Амлодипин+Валсартан,Амлодипин+Валсартан,"таблетки, покрытые пленочной оболочкой","5 мг+80 мг, 5 мг+160 мг, 10 мг+160 мг",
Амлодипин+Валсартан Канон,Амлодипин+Валсартан,"таблетки, покрытые пленочной оболочкой","5 мг+80 мг, 5 мг+160 мг, 10 мг+160 мг",
Артинова АМ,Амлодипин+Валсартан,"таблетки, покрытые пленочной оболочкой","5 мг+80 мг, 5 мг+160 мг, 10 мг+160 мг",
Амлодипин + Валсартан ВЕРТЕКС,Амлодипин+Валсартан,"таблетки, покрытые пленочной оболочкой","5 мг+80 мг, 5 мг+160 мг, 10 мг+160 мг",
Вамлосет®,Амлодипин+Валсартан,"таблетки, покрытые пленочной оболочкой","5 мг+80 мг, 5 мг+160 мг, 5 мг+320 мг, 10 мг+160 мг, 10 мг+320 мг",
Форсиглекс,Метформин+Ситаглиптин,"таблетки, покрытые пленочной оболочкой","500 мг+50 мг, 850 мг+50 мг, 1000 мг+50 мг",
СелгиМет ПРО,Метформин+Ситаглиптин,"таблетки, покрытые пленочной оболочкой","500 мг+50 мг, 850 мг+50 мг, 1000 мг+50 мг",
Ситамет Медисорб,Метформин+Ситаглиптин,"таблетки, покрытые пленочной оболочкой","500 мг+50 мг, 850 мг+50 мг, 1000 мг+50 мг",
Форсиглекс Лонг 50,Метформин+Ситаглиптин,"таблетки с модифицированным высвобождением,
покрытые пленочной оболочкой","500 мг+50 мг, 1000 мг+50 мг",
Мидиана,Дроспиренон+Этинилэстрадиол,"таблетки, покрытые пленочной оболочкой",3 мг+0.03 мг,
МОДЭЛЛЬ® ПРО,Дроспиренон+Этинилэстрадиол,"таблетки, покрытые пленочной оболочкой",3 мг+0.03 мг,
Делсия,Дроспиренон+Этинилэстрадиол,"таблетки, покрытые пленочной оболочкой",3 мг+0.03 мг,
ПланиЖенс® дроспи,Дроспиренон+Этинилэстрадиол,"таблетки, покрытые пленочной оболочкой","3 мг+0.02 мг, 3 мг+0.03 мг",
Валсарепин,Валсартан+Сакубитрил,"таблетки, покрытые пленочной оболочкой",50 мг (25.7 мг+24.3 мг),
Акриварио,Валсартан+Сакубитрил,"таблетки, покрытые пленочной оболочкой","50 мг (25.7 мг+24.3 мг), 100 мг (51.4 мг+48.6 мг), 200 мг (102.8 мг+97.2 мг)",
Валсуперио,Валсартан+Сакубитрил,"таблетки, покрытые пленочной оболочкой","50 мг (25.7 мг+24.3 мг), 100 мг (51.4 мг+48.6 мг), 200 мг (102.8 мг+97.2 мг)",
Валкубикс,Валсартан+Сакубитрил,"таблетки, покрытые пленочной оболочкой","50 мг (25.7 мг+24.3 мг), 100 мг (51.4 мг+48.6 мг), 200 мг (102.8 мг+97.2 мг)",
Арипризол,Арипипразол,таблетки,"10 мг, 15 мг, 30 мг",
Зилаксера,Арипипразол,таблетки,"5 мг, 10 мг, 15 мг, 30 мг",
Диспевикт®,Акотиамид,"таблетки, покрытые пленочной оболочкой",100 мг,
Пиоглит,Пиоглитазон,таблетки,"15 мг, 30 мг",
Пиоглар,Пиоглитазон,таблетки,"15 мг, 30 мг",
Кордафлекс,Нифедипин,таблетки пролонгированного действия покрытые пленочной оболочкой,20 мг,
Коринфар®,Нифедипин,"таблетки с пролонгированным высвобождением, покрытые пленочной оболочкой",10 мг,
Коринфар® ретард,Нифедипин,"таблетки с пролонгированным высвобождением, покрытые пленочной оболочкой",20 мг,
Кальцигард ретард,Нифедипин,"таблетки с пролонгированным высвобождением, покрытые пленочной оболочкой",20 мг,
Кордипин® ХЛ,Нифедипин,"таблетки с пролонгированным высвобождением, покрытые пленочной оболочкой",40 мг,
Тадакардил Канон,Тадалафил,"таблетки, покрытые пленочной оболочкой",20 мг,
Тадалеар®,Тадалафил,"таблетки, покрытые пленочной оболочкой",20 мг,
Лоэнзар-сановель,Лансопразол,капсулы кишечнорастворимые,"15 мг, 30 мг",
Ланзабел,Лансопразол,капсулы кишечнорастворимые,30 мг,
ВЕРОШПИРОН®,Спиронолактон,капсулы,"50 мг, 100 мг","Пациенты с непереносимостью лактозы, дефицитом лактазы, глюкозо-галактозной мальабсорбцией"
ВЕРОШПИРОН®,Спиронолактон,капсулы,"50 мг, 100 мг","Пациенты с непереносимостью лактозы, дефицитом лактазы, глюкозо-галактозной мальабсорбцией"
Верошпирон,Спиронолактон,таблетки,25 мг,"Пациенты с непереносимостью лактозы, дефицитом лактазы, глюкозо-галактозной мальабсорбцией"
Допегит,Метилдопа,таблетки,250 мг,
Орлистат-Акрихин,Орлистат,капсулы,60 мг,
Асмалиб® Эйр,Циклесонид,аэрозоль для ингаляций дозированный,"40 мкг/доза, 80 мкг/доза, 160 мкг/доза",
Амикацин-Ферейн,Амикацин,лиофилизат для приготовления раствора для внутривенного и внутримышечного введения,0.5 г,
Амикацин-Ферейн,Амикацин,порошок для приготовления раствора для внутривенного и внутримышечного введения,"1000 мг, 250 мг, 500 мг",
Амикацин,Амикацин,порошок для приготовления раствора для внутривенного и внутримышечного введения,"250 мг, 500 мг, 1000 мг",
Амикацин,Амикацин,порошок для приготовления раствора для внутривенного и внутримышечного введения,500 мг,
Амикацин,Амикацин,порошок для приготовления раствора для внутривенного и внутримышечного введения,"250 мг, 500 мг",
Амикацин,Амикацин,порошок для приготовления раствора для внутривенного и внутримышечного введения,1000 мг,
Амикацин,Амикацин,порошок для приготовления раствора для внутривенного и внутримышечного введения,"0.25 г, 1 г",
Амикацин,Амикацин,порошок для приготовления раствора для внутривенного и внутримышечного введения,"0.5 г, 1 г",
Амикацин,Амикацин,порошок для приготовления раствора для внутримышечного введения,500 мг,
Амикацин-Ферейн,Амикацин,раствор для внутривенного и внутримышечного введения,250 мг/мл,
Амикацин,Амикацин,раствор для внутривенного и внутримышечного введения,250 мг/мл,
Амикацин,Амикацин,раствор для внутривенного и внутримышечного введения,250 мг/мл,
Амикацин,Амикацин,раствор для внутривенного и внутримышечного введения,250 мг/мл,
Селемицин,Амикацин,раствор для инфузий и внутримышечного введения,250 мг/мл,
Амоксициллин Сандоз®,Амоксициллин,"таблетки, покрытые пленочной оболочкой","0.5 г, 1 г",
Амоксициллин Экобол®,Амоксициллин,таблетки,"250 мг, 500 мг",
Амоксициллин,Амоксициллин,таблетки,"250 мг, 500 мг",
Амосин®,Амоксициллин,таблетки,"250 мг, 500 мг",
Кломипрамин,Кломипрамин,раствор для внутривенного и внутримышечного введения,12.5 мг/мл,
Бивалирудин Ромфарм,Бивалирудин,лиофилизат для приготовления концентрата для приготовления раствора для внутривенного введения,250 мг,
Помегара,Памидроновая кислота,концентрат для приготовления раствора для инфузий,"6 мг/мл, 9 мг/мл",
Алзепил,Донепезил,"таблетки, покрытые пленочной оболочкой","5 мг, 10 мг",
Яснал,Донепезил,"таблетки, покрытые пленочной оболочкой","5 мг, 10 мг",
Донепезил Канон,Донепезил,"таблетки, покрытые пленочной оболочкой","5 мг, 10 мг",
Дементис,Донепезил,"таблетки, покрытые пленочной оболочкой","5 мг, 10 мг",
Алзер-Эйч,Донепезил,"таблетки, покрытые пленочной оболочкой","5 мг, 10 мг",
Амоксиван®,Амоксициллин+[Клавулановая кислота],порошок для приготовления раствора для внутривенного введения,1000 мг+200 мг,
Амоксиклав®,Амоксициллин+[Клавулановая кислота],порошок для приготовления раствора для внутривенного введения,"500 мг+100 мг,  1000 мг+200 мг",
Амоксициллин+Клавулановая кислота-АЛВИЛС,Амоксициллин+[Клавулановая кислота],порошок для приготовления раствора для внутривенного введения,"500 мг+100 мг,  1000 мг+200 мг",
АЛТЕГРАКЛАВ,Амоксициллин+[Клавулановая кислота],порошок для приготовления раствора для внутривенного введения,"250 мг+50 мг, 500 мг+100 мг, 1000 мг+200 мг",
Верклав,Амоксициллин+[Клавулановая кислота],порошок для приготовления раствора для внутривенного введения,"500 мг+100 мг,  1000 мг+200 мг",
Фораклав,Амоксициллин+[Клавулановая кислота],порошок для приготовления раствора для внутривенного введения,"500 мг+100 мг,  1000 мг+200 мг",
Амоксициллин+Клавулановая кислота,Амоксициллин+[Клавулановая кислота],порошок для приготовления раствора для внутривенного введения,"500 мг+100 мг,  1000 мг+200 мг",
Амавуцин,Амоксициллин+[Клавулановая кислота],порошок для приготовления раствора для внутривенного введения,"500 мг+100 мг,  1000 мг+200 мг",
Амклав®,Амоксициллин+[Клавулановая кислота],порошок для приготовления раствора для внутривенного введения,"500 мг+100 мг, 1000 мг+200 мг",
Амоксиклав®,Амоксициллин+[Клавулановая кислота],порошок для приготовления суспензии для приема внутрь,600 мг+42.9 мг/5 мл,
Нимесулид,Нимесулид,таблетки,100 мг,
Нимесулид,Нимесулид,таблетки,100 мг,
Нимесулид-Тева,Нимесулид,таблетки,100 мг,
Нимесулид,Нимесулид,таблетки,100 мг,
Нимулид,Нимесулид,таблетки,100 мг,
Нимесан Нео®,Нимесулид,таблетки,100 мг,
Найз,Нимесулид,таблетки,100 мг,
Нимесил,Нимесулид,гранулы для приготовления суспензии для приема внутрь,100 мг,
НИМЕСУЛИД ВЕЛФАРМ,Нимесулид,гранулы для приготовления суспензии для приема внутрь,100 мг,
Нимесулид Реневал,Нимесулид,гранулы для приготовления суспензии для приема внутрь,100 мг,
Аджиним,Нимесулид,гранулы для приготовления суспензии для приема внутрь,100 мг,
Немулекс,Нимесулид,гранулы для приготовления суспензии для приема внутрь,100 мг,
Нимесулид Реневал,Нимесулид,таблетки шипучие,100 мг,
Нимесил,Нимесулид,таблетки шипучие,100 мг,
Сульфасалазин-ЕН,Сульфасалазин,"таблетки кишечнорастворимые, покрытые пленочной оболочкой",500 мг,
Сульфасалазин,Сульфасалазин,"таблетки, покрытые пленочной оболочкой",500 мг,
Бисептол 480,Ко-тримоксазол [Сульфаметоксазол+Триметоприм],концентрат для приготовления раствора для инфузий,(80 мг+16 мг)/мл,
Ко-тримоксазол Дж,Ко-тримоксазол [Сульфаметоксазол+Триметоприм],концентрат для приготовления раствора для инфузий,(80 мг+16 мг)/мл,
Бисептол,Ко-тримоксазол [Сульфаметоксазол+Триметоприм],суспензия для приема внутрь,240 мг/5 мл,"Пациенты с дефицитом сахаразы/изомальтазы, глюкозо-галактозной мальабсорбцией"
Бисептол®,Ко-тримоксазол [Сульфаметоксазол+Триметоприм],таблетки,"120 мг, 480 мг",
Ко-тримоксазол,Ко-тримоксазол [Сульфаметоксазол+Триметоприм],таблетки,480 мг,
НИТРЕМЕД,Нитрендипин,таблетки,"10 мг, 20 мг",
Беклометазон,Беклометазон,аэрозоль для ингаляций дозированный,"50 мкг/доза, 100 мкг/доза, 250 мкг/доза",
Беклометазон,Беклометазон,аэрозоль для ингаляций дозированный,"50 мкг/доза, 100 мкг/доза, 250 мкг/доза",
Беклазон Эко,Беклометазон,аэрозоль для ингаляций дозированный,"50 мкг/доза, 100 мкг/доза, 250 мкг/доза",
Беклоспир,Беклометазон,аэрозоль для ингаляций дозированный,"50 мкг/доза, 100 мкг/доза, 250 мкг/доза",
Беклометазон Эйр,Беклометазон,аэрозоль для ингаляций дозированный,"50 мкг/доза, 100 мкг/доза, 250 мкг/доза",
Бозон,Беклометазон,аэрозоль для ингаляций дозированный,100 мкг/доза,
Беклометазон-аэро,Беклометазон,аэрозоль для ингаляций дозированный,"50 мкг/доза, 100 мкг/доза, 250 мкг/доза",
Насобек,Беклометазон,спрей назальный дозированный,50 мкг/доза,
Димедрол,Дифенгидрамин,раствор для внутривенного и внутримышечного введения,10 мг/мл,
Димедрол Реневал,Дифенгидрамин,раствор для внутривенного и внутримышечного введения,10 мг/мл,
Димедрол,Дифенгидрамин,раствор для внутривенного и внутримышечного введения,10 мг/мл,
Димедрол,Дифенгидрамин,раствор для внутривенного и внутримышечного введения,10 мг/мл,
Димедрол,Дифенгидрамин,раствор для внутривенного и внутримышечного введения,10 мг/мл,
Димедрол,Дифенгидрамин,раствор для внутривенного и внутримышечного введения,10 мг/мл,
Димедрол,Дифенгидрамин,раствор для внутривенного и внутримышечного введения,10 мг/мл,
Димедрол,Дифенгидрамин,раствор для внутривенного и внутримышечного введения,10 мг/мл,
Димедрол,Дифенгидрамин,раствор для внутривенного и внутримышечного введения,10 мг/мл,
Димедрол,Дифенгидрамин,раствор для внутривенного и внутримышечного введения,10 мг/мл,
Димедрол,Дифенгидрамин,раствор для внутривенного и внутримышечного введения,10 мг/мл,
Димедрол-Виал,Дифенгидрамин,раствор для внутривенного и внутримышечного введения,10 мг/мл,
Димедрол,Дифенгидрамин,раствор для внутривенного и внутримышечного введения,10 мг/мл,
Инфибета®,Интерферон бета-1b,лиофилизат для приготовления раствора для подкожного введения,9.6 млн.МЕ,
Интерферон бета-1b,Интерферон бета-1b,раствор для подкожного введения,8 млн.МЕ/0.5 мл,
Бромгексин 8 Берлин-Хеми,Бромгексин,"таблетки, покрытые оболочкой",8 мг,"Пациенты с дефицитом сахаразы/изомальтазы, непереносимостью фруктозы, глюкозо-галактозной мальабсорбцией"
Бупранал®,Бупренорфин,раствор для инъекций,0.3 мг/мл,
Спитомин,Буспирон,таблетки,"5 мг, 10 мг",
БУСУЛЬФАН-ДЖИЭФСИ®,Бусульфан,концентрат для приготовления раствора для инфузий,60 мг/10 мл,
Бусульфан-РУС,Бусульфан,концентрат для приготовления раствора для инфузий,60 мг/10 мл,
КАПРЕОМИЦИН,Капреомицин,лиофилизат для приготовления раствора для внутривенного и внутримышечного введения,1000 мг,
Капреомицин,Капреомицин,порошок для приготовления раствора для внутривенного и внутримышечного введения,"500 мг, 750 мг, 1000 мг",
Капреомицин,Капреомицин,порошок для приготовления раствора для внутривенного и внутримышечного введения,"500 мг, 750 мг, 1000 мг",
Капреомицин-ДЕКО,Капреомицин,порошок для приготовления раствора для внутривенного и внутримышечного введения,"0.5 г, 0.75 г",
Капреомицин-Ферейн,Капреомицин,порошок для приготовления раствора для внутривенного и внутримышечного введения,"500 мг, 750 мг, 1000 мг",
Капреомицин,Капреомицин,порошок для приготовления раствора для внутривенного и внутримышечного введения,"0.5 г, 0.75 г",
Капреомицин,Капреомицин,порошок для приготовления раствора для внутривенного и внутримышечного введения,"500 мг, 750 мг",
Капреомицин-ДЕКО,Капреомицин,порошок для приготовления раствора для внутривенного и внутримышечного введения,1 г,
Капреомицин,Капреомицин,порошок для приготовления раствора для внутривенного и внутримышечного введения,1 г,
Капреомицин,Капреомицин,порошок для приготовления раствора для внутривенного и внутримышечного введения,1 г,
Капреомицин,Капреомицин,порошок для приготовления раствора для внутривенного и внутримышечного введения,"500 мг, 750 мг, 1000 мг",
Капремабол,Капреомицин,порошок для приготовления раствора для внутривенного и внутримышечного введения,1 г,
Капреомицина сульфат,Капреомицин,порошок для приготовления раствора для внутривенного и внутримышечного введения,1 г,
Капреомицин,Капреомицин,порошок для приготовления раствора для внутривенного и внутримышечного введения,"500 мг, 750 мг",
Капреомицин,Капреомицин,порошок для приготовления раствора для внутривенного и внутримышечного введения,1 г,
Капреомицин,Капреомицин,порошок для приготовления раствора для внутривенного и внутримышечного введения,1 г,
Капреомицин,Капреомицин,порошок для приготовления раствора для внутривенного и внутримышечного введения,1 г,
Лайкоцин,Капреомицин,порошок для приготовления раствора для внутривенного и внутримышечного введения,"0.5 г, 0.75 г",
Лайкоцин,Капреомицин,порошок для приготовления раствора для внутривенного и внутримышечного введения,1 г,
Капреомицин,Капреомицин,порошок для приготовления раствора для внутривенного и внутримышечного введения,"0.5 г, 0.75 г, 1 г",
Капреомицин,Капреомицин,порошок для приготовления раствора для внутривенного и внутримышечного введения,"500 мг, 750 мг, 1000 мг, 2000 мг",
Капреомицин,Капреомицин,порошок для приготовления раствора для инфузий и внутримышечного введения,"0.5 г, 0.75 г",
Клофелин,Клонидин,раствор для внутривенного введения,0.1 мг/мл,
Камирен ХЛ,Доксазозин,"таблетки с пролонгированным высвобождением, покрытые пленочной оболочкой",4 мг,"Пациенты с непереносимостью лактозы, дефицитом лактазы, глюкозо-галактозной мальабсорбцией"
Цефазолин,Цефазолин,порошок для приготовления раствора для внутривенного и внутримышечного введения,1 г,
Цефазолин,Цефазолин,порошок для приготовления раствора для внутривенного и внутримышечного введения,"0.5 г, 1 г",
Цефазолин Эльфа,Цефазолин,порошок для приготовления раствора для внутривенного и внутримышечного введения,1 г,
Цефазолин,Цефазолин,порошок для приготовления раствора для внутривенного и внутримышечного введения,1 г,
Цефазолин,Цефазолин,порошок для приготовления раствора для внутривенного и внутримышечного введения,1 г,
Цефазолин-АКОС,Цефазолин,порошок для приготовления раствора для внутривенного и внутримышечного введения,"0.5 г, 1 г",
Цефазолин,Цефазолин,порошок для приготовления раствора для внутривенного и внутримышечного введения,"0.5 г, 1 г",
Цефазолин,Цефазолин,порошок для приготовления раствора для внутривенного и внутримышечного введения,"0.5 г, 1 г",
Лизолин,Цефазолин,порошок для приготовления раствора для внутривенного и внутримышечного введения,"0.5 г, 1 г",
Цефазолин,Цефазолин,порошок для приготовления раствора для внутривенного и внутримышечного введения,"0.5 г, 1 г",
Орпин,Цефазолин,порошок для приготовления раствора для внутривенного и внутримышечного введения,1 г,
Цефазолин,Цефазолин,порошок для приготовления раствора для внутривенного и внутримышечного введения,"250 мг, 500 мг, 1 г",
ЦЕФАЗОЛИН,Цефазолин,порошок для приготовления раствора для внутривенного и внутримышечного введения,1 г,
Цефазолин,Цефазолин,порошок для приготовления раствора для внутривенного и внутримышечного введения,1 г,
Цефазолин,Цефазолин,порошок для приготовления раствора для внутривенного и внутримышечного введения,"500 мг, 1000 мг",
Церафазон,Цефоперазон,порошок для приготовления раствора для внутривенного и внутримышечного введения,"0.5 г, 1 г, 2 г",
Цефоперазон,Цефоперазон,порошок для приготовления раствора для внутривенного и внутримышечного введения,"0.5 г, 1 г",
Цефоперазон,Цефоперазон,порошок для приготовления раствора для внутривенного и внутримышечного введения,1 г,
Цефоперазон-АКОС,Цефоперазон,порошок для приготовления раствора для внутривенного и внутримышечного введения,"0.5 г, 1 г, 2 г",
Цефоперазон-Аджио,Цефоперазон,порошок для приготовления раствора для внутривенного и внутримышечного введения,1 г,
Цефпар,Цефоперазон,порошок для приготовления раствора для внутривенного и внутримышечного введения,"0.5 г, 1 г, 2 г",
Цефоперазон-Виал,Цефоперазон,порошок для приготовления раствора для внутривенного и внутримышечного введения,1 г,
Мовопериз,Цефоперазон,порошок для приготовления раствора для внутривенного и внутримышечного введения,1000 мг,
Цефоперабол,Цефоперазон,порошок для приготовления раствора для внутривенного и внутримышечного введения,"0.5 г, 1 г, 2 г",
Цефоперазон,Цефоперазон,порошок для приготовления раствора для внутривенного и внутримышечного введения,1 г,
Цеперон Дж,Цефоперазон,порошок для приготовления раствора для внутривенного и внутримышечного введения,"1 г, 2 г",
Медоцеф,Цефоперазон,порошок для приготовления раствора для внутривенного и внутримышечного введения,"1 г, 2 г",
Цефанорм,Цефпиром,порошок для приготовления раствора для внутривенного и внутримышечного введения,"500 мг, 1000 мг",
Цефактив,Цефпиром,порошок для приготовления раствора для внутривенного и внутримышечного введения,"0.25 г, 0.5 г, 1 г",
Нейпилепт®,Цитиколин,"таблетки, покрытые пленочной оболочкой",500 мг,
Цитиколин-ФП,Цитиколин,"таблетки, покрытые пленочной оболочкой",500 мг,
Рекогнан®,Цитиколин,"таблетки, покрытые пленочной оболочкой",500 мг,
Бромезида 99mTc,Меброфенин,лиофилизат для приготовления раствора для внутривенного введения,,
Ципрофлоксацин,Ципрофлоксацин,концентрат для приготовления раствора для инфузий,10 мг/мл,
Ципрофлоксацин,Ципрофлоксацин,раствор для внутривенного введения,200 мг/100 мл,
Ципрофлоксацин,Ципрофлоксацин,раствор для инфузий,2 мг/мл,
Ципрофлоксацин,Ципрофлоксацин,раствор для инфузий,2 мг/мл,
Ифиципро,Ципрофлоксацин,раствор для инфузий,2 мг/мл,
Ципрофлоксацин,Ципрофлоксацин,раствор для инфузий,2 мг/мл,
ЦипроКаз,Ципрофлоксацин,раствор для инфузий,2 мг/мл,
Ципрофлоксацин,Ципрофлоксацин,раствор для инфузий,2 мг/мл,
Ципрофлоксацин,Ципрофлоксацин,раствор для инфузий,2 мг/мл,
Ципрофлоксацин,Ципрофлоксацин,раствор для инфузий,2 мг/мл,
Ципрофлоксацин,Ципрофлоксацин,раствор для инфузий,2 мг/мл,
Смидекс® солофарм,Ципрофлоксацин,раствор для инфузий,2 мг/мл,
Ципрофлоксацин,Ципрофлоксацин,раствор для инфузий,2 мг/мл,
Ципрофлоксацин,Ципрофлоксацин,раствор для инфузий,2 мг/мл,
Басиджен,Ципрофлоксацин,раствор для инфузий,2 мг/мл,
Ципрофлоксацин-Эдвансд,Ципрофлоксацин,раствор для инфузий,2 мг/мл,
Ципрофлоксацин,Ципрофлоксацин,раствор для инфузий,2 мг/мл,
Колистин,Колистиметат натрия,порошок для приготовления раствора для ингаляций,80 мг (1000000 ЕД),
Ингастин,Колистиметат натрия,порошок для приготовления раствора для ингаляций,1000000 ЕД,
Коли-М,Колистиметат натрия,лиофилизат для приготовления раствора для ингаляций,"1000000 ЕД (80 мг), 2000000 ЕД (160 мг)",
Колистиметат Дж,Колистиметат натрия,"порошок для приготовления раствора для инъекций, инфузий и ингаляций",1000000 ЕД,
Колистиметат ПСК,Колистиметат натрия,"порошок для приготовления раствора для инъекций, инфузий и ингаляций",1000000 ЕД,
КОЛИСТИН-АФ,Колистиметат натрия,порошок для приготовления раствора для внутривенного введения,4500000 ЕД,
Колитривен-АФ,Колистиметат натрия,порошок для приготовления раствора для внутривенного введения,3000000 ЕД,
Молсидомин-СЗ,Молсидомин,таблетки,"2 мг, 4 мг",
Молсидомин-Лекфарм,Молсидомин,таблетки,"2 мг, 4 мг",
Цистеамина битартрат,Меркаптамина битартрат,капсулы,"50 мг, 150 мг",
Клиндамицин,Клиндамицин,раствор для внутривенного и внутримышечного введения,150 мг/мл,
Клиндамицин Дж,Клиндамицин,раствор для внутривенного и внутримышечного введения,150 мг/мл,
Дантролен,Дантролен,лиофилизат для приготовления раствора для внутривенного введения,20 мг,
Манинил® 5,Глибенкламид,таблетки,5 мг,
Манинил® 3.5,Глибенкламид,таблетки,3.5 мг,
Рубомицин,Даунорубицин,лиофилизат для приготовления раствора для внутривенного введения,20 мг,
Даунорубицин-ЛЭНС,Даунорубицин,лиофилизат для приготовления раствора для внутривенного введения,20 мг,
Рубомицин,Даунорубицин,лиофилизат для приготовления раствора для внутривенного введения,40 мг,
Даунорубицин-ЛЭНС,Даунорубицин,раствор для внутривенного введения,5 мг/мл,
Тримефор,Тримебутин,таблетки,200 мг,
Дексаметазон,Дексаметазон,раствор для инъекций,4 мг/мл,
Дексаметазон,Дексаметазон,раствор для инъекций,4 мг/мл,
ДЕКСАМЕТАЗОН,Дексаметазон,раствор для инъекций,4 мг/мл,
Дексаметазон,Дексаметазон,раствор для инъекций,4 мг/мл,
Дексаметазон,Дексаметазон,раствор для инъекций,4 мг/мл,
Дексаметазон,Дексаметазон,раствор для инъекций,4 мг/мл,
Дексаметазон,Дексаметазон,раствор для инъекций,4 мг/мл,
Дексаметазон-Виал,Дексаметазон,раствор для инъекций,4 мг/мл,
Дексаметазон,Дексаметазон,раствор для инъекций,4 мг/мл,
Дексаметазон-Ферейн,Дексаметазон,раствор для инъекций,4 мг/мл,
Дексаметазон,Дексаметазон,раствор для инъекций,4 мг/мл,
Дексазон,Дексаметазон,раствор для инъекций,4 мг/мл,
Дексаметазон,Дексаметазон,раствор для инъекций,4 мг/мл,
Дексаметазон,Дексаметазон,раствор для инъекций,4 мг/мл,
Дексаметазон-ЛФ,Дексаметазон,раствор для инъекций,4 мг/мл,
Дексаметазон буфус,Дексаметазон,раствор для инъекций,4 мг/мл,
Дексаметазон,Дексаметазон,раствор для инъекций,4 мг/мл,
Дексаметазон-КРКА,Дексаметазон,таблетки,0.5 мг,
Преднизолон,Преднизолон,таблетки,"1 мг, 5 мг",
Преднизолон,Преднизолон,раствор для внутривенного и внутримышечного введения,30 мг/мл,
Преднизолон Эльфа,Преднизолон,раствор для внутривенного и внутримышечного введения,30 мг/мл,
Преднизолон буфус,Преднизолон,раствор для внутривенного и внутримышечного введения,30 мг/мл,
Преднизолон,Преднизолон,раствор для внутривенного и внутримышечного введения,30 мг/мл,
Преднизол,Преднизолон,раствор для внутривенного и внутримышечного введения,30 мг/мл,
Преднизолон,Преднизолон,раствор для внутривенного и внутримышечного введения,30 мг/мл,
Преднизолон,Преднизолон,раствор для внутривенного и внутримышечного введения,30 мг/мл,
Преднизолон,Преднизолон,раствор для внутривенного и внутримышечного введения,30 мг/2 мл,
Преднизолон,Преднизолон,раствор для внутривенного и внутримышечного введения,30 мг/мл,
Преднизолон,Преднизолон,раствор для инъекций,30 мг/мл,
Дриптан®,Оксибутинин,таблетки,5 мг,
Добутамин Адмеда,Добутамин,раствор для инфузий,250 мг/50 мл,
Добутамин,Добутамин,концентрат для приготовления раствора для инфузий,12.5 мг/мл,
Добутамин-МР,Добутамин,концентрат для приготовления раствора для инфузий,12.5 мг/мл,
Докси-Хем®,Кальция добезилат,капсулы,500 мг,
Драмина®,Дименгидринат,таблетки,50 мг,
"Медроскан, 99mТс",Технеция [99mTc] медроновая кислота,лиофилизат для приготовления раствора для внутривенного введения,~,
Дроперидол,Дроперидол,раствор для внутривенного и внутримышечного введения,2.5 мг/мл,
ДРОПЕРИДОЛ,Дроперидол,раствор для внутривенного и внутримышечного введения,2.5 мг/мл,
Дроперидол,Дроперидол,раствор для внутривенного и внутримышечного введения,2.5 мг/мл,
Дакарбазин-ЛЭНС,Дакарбазин,лиофилизат для приготовления раствора для внутривенного введения,"100 мг, 200 мг",
Дакарбазин-Рус,Дакарбазин,лиофилизат для приготовления раствора для внутривенного введения,"100 мг, 200 мг",
Дакарбазин Медак,Дакарбазин,лиофилизат для приготовления раствора для внутривенного введения,"100 мг, 1000 мг, 200 мг, 500 мг",
Фентанил,Фентанил,пластырь трансдермальный,"12.5 мкг/ч, 25 мкг/ч, 50 мкг/ч, 75 мкг/ч, 100 мкг/ч",
Фентанил,Фентанил,раствор для внутривенного и внутримышечного введения,50 мкг/мл,
Ареспайн® Про,Парекоксиб,лиофилизат для приготовления раствора для внутривенного и внутримышечного введения,40 мг,
Формотерол-Алиум,Формотерол,аэрозоль для ингаляций дозированный,12 мкг/доза,
Деферазирокс ПСК,Деферазирокс,таблетки диспергируемые,"125 мг, 250 мг, 500 мг",
Деферазирокс Канон,Деферазирокс,таблетки диспергируемые,"125 мг, 250 мг, 500 мг",
Деферазирокс-АМЕДАРТ,Деферазирокс,таблетки диспергируемые,"125 мг, 250 мг, 500 мг",
ДЕФЕРАЗИРОКС,Деферазирокс,таблетки диспергируемые,"125 мг, 250 мг, 500 мг",
ДЕФЕРАЗИРОКС-ХИМРАР,Деферазирокс,таблетки диспергируемые,"125 мг, 250 мг, 500 мг",
Деферазирокс,Деферазирокс,таблетки диспергируемые,"125 мг, 250 мг, 500 мг",
Велафакс,Венлафаксин,таблетки,"37.5 мг, 75 мг",
Венлаксор,Венлафаксин,таблетки,"37.5 мг, 75 мг",
Велаксин,Венлафаксин,таблетки,"37.5 мг, 75 мг",
Алвента,Венлафаксин,капсулы с пролонгированным высвобождением,"37.5 мг, 75 мг, 150 мг",Пациенты с редкой врожденной непереносимостью фруктозы или глюкозо-галактозной мальабсорбцией.
Эмтрицитабин-ТЛ,Эмтрицитабин,капсулы,200 мг,
Нефозип,Нефопам,раствор для инфузий и внутримышечного введения,10 мг/мл,
Нефопам,Нефопам,раствор для инфузий и внутримышечного введения,10 мг/мл,
НЕФОПЕЙН®,Нефопам,раствор для инфузий и внутримышечного введения,10 мг/мл,
Тагера,Секнидазол,таблетки покрытые пленочной оболочкой,1 г,
Метронидазол,Метронидазол,раствор для инфузий,5 мг/мл,
Нирмет,Метронидазол,раствор для инфузий,5 мг/мл,
Метрогил,Метронидазол,раствор для инфузий,5 мг/мл,
Метронидазол,Метронидазол,раствор для инфузий,5 мг/мл,
Метронидазол-Эдвансд,Метронидазол,раствор для инфузий,5 мг/мл,
ЭЛЬПАСОЛ® солофарм,Метронидазол,раствор для инфузий,5 мг/мл,
Метронидазол,Метронидазол,раствор для инфузий,500 мг/100 мл,
Метронидазол Реневал,Метронидазол,раствор для инфузий,5 мг/мл,
Метронидазол,Метронидазол,раствор для инфузий,5 мг/мл,
Метронидазол,Метронидазол,раствор для инфузий,5 мг/мл,
Метронидазол,Метронидазол,раствор для инфузий,500 мг/100 мл,
Метронидазол,Метронидазол,раствор для инфузий,5 мг/мл,
Метронидазол,Метронидазол,раствор для инфузий,5 мг/мл,
Метронидазол,Метронидазол,раствор для инфузий,5 мг/мл,
Метронидазол,Метронидазол,раствор для инфузий,5 мг/мл,
Метронидазол,Метронидазол,раствор для инфузий,5 мг/мл,
Метронидазол,Метронидазол,раствор для инфузий,5 мг/мл,
МЕТРОНИДАЗОЛ,Метронидазол,раствор для инфузий,5 мг/мл,
Метронидазол,Метронидазол,раствор для инфузий,5 мг/мл,
Метронидазол,Метронидазол,раствор для инфузий,5 мг/мл,
Метронидазол-Эском,Метронидазол,раствор для инфузий,5 мг/мл,
Бацимекс,Метронидазол,раствор для инфузий,5 мг/мл,
Сиптрогил,Метронидазол,раствор для инфузий,5 мг/мл,
Метронидал,Метронидазол,раствор для инфузий,5 мг/мл,
Метронидазол-АКОС,Метронидазол,раствор для инфузий,5 мг/мл,
Метрон,Метронидазол,раствор для инфузий,5 мг/мл,
Кортинефф®,Флудрокортизон,таблетки,0.1 мг,
Фторурацил,Фторурацил,раствор для внутрисосудистого и внутриполостного введения,50 мг/мл,
Фторурацил-ДЕКО,Фторурацил,раствор для внутрисосудистого и внутриполостного введения,50 мг/мл,
Фторурацил-РОНЦ,Фторурацил,раствор для внутрисосудистого и внутриполостного введения,50 мг/мл,
Фторурацил,Фторурацил,раствор для внутрисосудистого и внутриполостного введения,50 мг/мл,
Фторурацил,Фторурацил,раствор для внутрисосудистого и внутриполостного введения,50 мг/мл,
ФТОРУРАЦИЛ,Фторурацил,раствор для внутрисосудистого и внутриполостного введения,50 мг/мл,
Фторурацил-ЛЭНС,Фторурацил,раствор для внутрисосудистого введения,50 мг/мл,
Гентамицин,Гентамицин,раствор для внутривенного и внутримышечного введения,40 мг/мл,
Гентамицин,Гентамицин,раствор для внутривенного и внутримышечного введения,40 мг/мл,
Гентамицин,Гентамицин,раствор для внутривенного и внутримышечного введения,40 мг/мл,
Гентамицин,Гентамицин,раствор для внутривенного и внутримышечного введения,40 мг/мл,
Гентамицин,Гентамицин,раствор для внутривенного и внутримышечного введения,40 мг/мл,
Гентамицин-Ферейн,Гентамицин,раствор для внутривенного и внутримышечного введения,40 мг/мл,
Гентамицин-Ферейн,Гентамицин,капли глазные,0.3%,
Гентамицин,Гентамицин,капли глазные,0.3%,
Гентамицин,Гентамицин,капли глазные,0.3%,
Перисталикс,Мозаприд,"таблетки, покрытые пленочной оболочкой",5 мг,
Галоперидол-ратиофарм,Галоперидол,капли для приема внутрь,2 мг/мл,
Корнам®,Теразозин,таблетки,"2 мг, 5 мг",
Кординик,Никорандил,таблетки,10 мг,
Азатиоприн,Азатиоприн,капсулы,50 мг,
Азатиоприн,Азатиоприн,капсулы,"25 мг, 50 мг",
Индометацин Софарма,Индометацин,"таблетки кишечнорастворимые, покрытые пленочной оболочкой",25 мг,"Пациенты с аллергической реакцией на пшеницу, пациенты с целиакией."
Индометацин 50 Берлин-Хеми,Индометацин,суппозитории ректальные,50 мг,
Индометацин 100 Берлин-Хеми,Индометацин,суппозитории ректальные,100 мг,
Индометацин Софарма,Индометацин,суппозитории ректальные,"50 мг, 100 мг",
Бинноферон альфа®,Интерферон альфа-2b,раствор для внутривенного и подкожного введения,"1 млн МЕ/0,3 мл, 3 млн МЕ/0,9 мл, 5 млн МЕ/0,5 мл,
6 млн МЕ/0,3 мл, 10 млн МЕ/1,0 мл, 12 млн МЕ/0,6 мл, 18 млн МЕ/0,9 мл",
РИНОФЕРОН®,Интерферон альфа-2b,спрей назальный дозированный,500 МЕ/доза,
Верапамил Софарма,Верапамил,"таблетки, покрытые пленочной оболочкой","40 мг, 80 мг","Пациенты с аллергической реакцией на пшеницу, пациенты с целиакией и непереносимостью лактозы, дефицитом лактазы, глюкозо-галактозной мальабсорбцией"
Верапамил,Верапамил,"таблетки, покрытые пленочной оболочкой","40 мг, 80 мг",
Верапамил-Эском,Верапамил,раствор для внутривенного введения,2.5 мг/мл,
Верапамил,Верапамил,раствор для внутривенного введения,2.5 мг/мл,
Верапамил,Верапамил,раствор для внутривенного введения,2.5 мг/мл,
Ифайнагот®,Эфинаконазол,раствор для наружного применения,100 мг/г,
Левипил Сан®,Леветирацетам,таблетки с пролонгированным высвобождением покрытые оболочкой,"1000 мг, 1500 мг",
Клофазимин,Клофазимин,"таблетки, покрытые пленочной оболочкой",100 мг,
Дигоксин,Дигоксин,таблетки,0.25 мг,
Дигоксин,Дигоксин,раствор для внутривенного введения,0.25 мг/мл,
Хлорпромазин Органика,Хлорпромазин,раствор для внутривенного и внутримышечного введения,25 мг/мл,
Хлорпромазин,Хлорпромазин,раствор для внутривенного и внутримышечного введения,25 мг/мл,
Хлорпромазин,Хлорпромазин,раствор для внутривенного и внутримышечного введения,25 мг/мл,
Хлорпромазин-ЭТ,Хлорпромазин,раствор для внутривенного и внутримышечного введения,25 мг/мл,
Аминазин,Хлорпромазин,раствор для внутривенного и внутримышечного введения,25 мг/мл,
Анаментал,Хлорпромазин,таблетки покрытые пленочной оболочкой,"25 мг, 50 мг, 100 мг",
Мефлохин,Мефлохин,таблетки,250 мг,
Клозапин-Фарм-Инновации,Клозапин,таблетки,"25 мг, 100 мг",
Неостим,Молграмостим,лиофилизат для приготовления раствора для внутривенного и подкожного введения,150 мкг,
Кладрибин,Кладрибин,концентрат для приготовления раствора для инфузий,1 мг/мл,
Кладрибин-Промомед,Кладрибин,концентрат для приготовления раствора для инфузий,1 мг/мл,
Веро-Кладрибин,Кладрибин,концентрат для приготовления раствора для инфузий,1 мг/мл,
Линкомицин,Линкомицин,раствор для внутривенного и внутримышечного введения,300 мг/мл,
Линкомицин,Линкомицин,раствор для внутривенного и внутримышечного введения,300 мг/мл,
Линкомицин,Линкомицин,раствор для внутривенного и внутримышечного введения,300 мг/мл,
Линкомицина гидрохлорид-Виал,Линкомицин,раствор для внутривенного и внутримышечного введения,300 мг/мл,
ЛИНКОМИЦИН ВЕЛФАРМ,Линкомицин,раствор для инфузий и внутримышечного введения,300 мг/мл,
Линколид Велфарм,Линкомицин,раствор для инфузий и внутримышечного введения,300 мг/мл,
Линкомицина гидрохлорид,Линкомицин,раствор для инфузий и внутримышечного введения,300 мг/мл,
Линкомицина гидрохлорид,Линкомицин,раствор для инъекций,0.3,
Баклосан®,Баклофен,таблетки,"10 мг, 25 мг","Пациенты с непереносимостью лактозы, дефицитом лактазы, глюкозо-галактозной мальабсорбцией"
СУОНИК®,Баклофен,таблетки,"10 мг, 25 мг",
ОФЛОМИЛ ДЕРМА,Аморолфин,крем для наружного применения,0.25%,
Нобедолак®,Этодолак,"таблетки, покрытые пленочной оболочкой",400 мг,
Омал,Омепразол,лиофилизат для приготовления раствора для внутривенного введения,40 мг,
Омез,Омепразол,лиофилизат для приготовления раствора для инфузий,40 мг,
Омепразол,Омепразол,лиофилизат для приготовления раствора для инфузий,40 мг,
Омепразол,Омепразол,лиофилизат для приготовления раствора для инфузий,40 мг,
Омепразол,Омепразол,лиофилизат для приготовления раствора для инфузий,40 мг,
Омдженикс®,Омепразол,лиофилизат для приготовления раствора для инфузий,40 мг,
Омепразол ПСК,Омепразол,лиофилизат для приготовления раствора для инфузий,40 мг,
Омепразол,Омепразол,лиофилизат для приготовления раствора для инфузий,40 мг,
Омепразол,Омепразол,лиофилизат для приготовления раствора для инфузий,40 мг,
ОМЕПРАЗОЛ-БЕЛМЕД,Омепразол,лиофилизат для приготовления раствора для инфузий,40 мг,
Омепразол,Омепразол,лиофилизат для приготовления раствора для инфузий,40 мг,
ОМЕПРАЗОЛ,Омепразол,лиофилизат для приготовления раствора для инфузий,40 мг,
Омепразол-Юкеа,Омепразол,лиофилизат для приготовления раствора для инфузий,40 мг,
Локсопрофен Д-р Редди’с,Локсопрофен,таблетки,60 мг,
Локсопрофен,Локсопрофен,таблетки,60 мг,
Локсопрофен Кроно,Локсопрофен,"таблетки, покрытые пленочной оболочкой",60 мг,
Эсзопиклон-ЭТ,Эсзопиклон,"таблетки, покрытые пленочной оболочкой","1 мг, 2 мг, 3 мг",
Биматан,Биматопрост,капли глазные,0.3 мг/мл,
БИМОПТИК РОМФАРМ,Биматопрост,капли глазные,0.3 мг/мл,
Биматопрост-СЗ,Биматопрост,капли глазные,0.3 мг/мл,
Биматопрост,Биматопрост,капли глазные,0.03%,
Цефамабол,Цефамандол,порошок для приготовления раствора для внутривенного и внутримышечного введения,1000 мг,
РЕЛОНОВА,Ризатриптан,таблетки,10 мг,
Капориза®,Ризатриптан,"таблетки, диспергируемые в полости рта",10 мг,
Цефокситин,Цефокситин,порошок для приготовления раствора для внутривенного и внутримышечного введения,"0.5 г, 1 г",
Амбицеф,Цефокситин,порошок для приготовления раствора для внутривенного и внутримышечного введения,"0.5 г, 1 г",
Митомицин-ДЕКО,Митомицин,лиофилизат для приготовления раствора для инъекций и внутрипузырного введения,"2 мг, 10 мг, 20 мг",
Митомицин,Митомицин,лиофилизат для приготовления раствора для инъекций и внутрипузырного введения,"10 мг, 20 мг",
МИТОМИЦИН-ПРОМОМЕД,Митомицин,лиофилизат для приготовления раствора для инъекций и внутрипузырного введения,"2 мг, 10 мг, 20 мг",
Митомицин медак,Митомицин,лиофилизат для приготовления раствора для инъекций и внутрипузырного введения,"2 мг, 10 мг, 20 мг, 40 мг",
Веро-митомицин,Митомицин,лиофилизат для приготовления раствора для инъекций,"0.002 г, 0.01 г, 0.02 г",
Лофокс,Ломефлоксацин,капли глазные,0.3%,
Ломфлокс®,Ломефлоксацин,"таблетки, покрытые пленочной оболочкой",400 мг,
Метилкобаламин,Мекобаламин,раствор для инъекций,0.5 мг/мл,
Голдлайн®,Сибутрамин,капсулы,"10 мг, 15 мг",
Пресайнекс,Десмопрессин,спрей назальный дозированный,10 мкг/доза,
Тирзетта®,Тирзепатид,раствор для подкожного введения,"2.5 мг, 5 мг, 7.5 мг, 10 мг, 12.5 мг, 15 мг",
Седжаро®,Тирзепатид,раствор для подкожного введения,"2.5 мг/доза, 5 мг/доза, 7.5 мг/доза, 10 мг/доза, 12.5 мг/доза, 15 мг/доза",
Мелоксикам Канон,Мелоксикам,суппозитории ректальные,"7.5 мг, 15 мг",
Амелотекс,Мелоксикам,суппозитории ректальные,"7.5 мг, 15 мг",
АМЕЛОТЕКС®,Мелоксикам,суспензия для приема внутрь,7.5 мг/5 мл,Пациенты с редкой врожденной непереносимостью фруктозы.
Амбробене,Амброксол,раствор для внутривенного введения,15 мг/2 мл,
Амброксол,Амброксол,раствор для внутривенного введения,15 мг/2 мл,
Амброксол Реневал,Амброксол,таблетки шипучие,"30 мг, 60 мг",
Этамбутол,Этамбутол,таблетки,"100 мг, 400 мг, 600 мг, 1000 мг",
Вербутин,Рифабутин,капсулы,150 мг,
Рифабутин-Ферейн,Рифабутин,капсулы,150 мг,
Фарбутин,Рифабутин,капсулы,150 мг,
Рифабутин,Рифабутин,капсулы,150 мг,
Рифабутин,Рифабутин,капсулы,150 мг,
Рифабутин,Рифабутин,капсулы,150 мг,
Рифабутин,Рифабутин,капсулы,150 мг,
Рифабутин,Рифабутин,капсулы,150 мг,
Типлито,Тиоколхикозид,раствор для внутримышечного введения,4 мг/2 мл,
Ребагит,Ребамипид,"таблетки, покрытые пленочной оболочкой",100 мг,
Ребамипид Реневал,Ребамипид,"таблетки, покрытые пленочной оболочкой",100 мг,
Ребамипид,Ребамипид,"таблетки, покрытые пленочной оболочкой",100 мг,
Ребамипид,Ребамипид,"таблетки, покрытые пленочной оболочкой",100 мг,
Гастифор,Ребамипид,"таблетки, покрытые пленочной оболочкой",100 мг,
Ребамипид,Ребамипид,"таблетки, покрытые пленочной оболочкой",100 мг,
Налгезин® форте,Напроксен,"таблетки, покрытые пленочной оболочкой",550 мг,
Мотрин,Напроксен,таблетки,250 мг,"Пациенты с непереносимостью лактозы, дефицитом лактазы, глюкозо-галактозной мальабсорбцией"
Налоксон,Налоксон,раствор для инъекций,0.4 мг/мл,
Налоксон,Налоксон,раствор для инъекций,0.4 мг/мл,
Бемпедоевая кислота,Бемпедоевая кислота,"таблетки, покрытые пленочной оболочкой",180 мг,
Тропиндол,Трописетрон,раствор для внутривенного введения,1 мг/мл,
Нимопин,Нимодипин,"таблетки, покрытые пленочной оболочкой",30 мг,
Ливарол,Кетоконазол,суппозитории вагинальные,400 мг,
Кетоконазол,Кетоконазол,суппозитории вагинальные,400 мг,
Микозорал,Кетоконазол,таблетки,200 мг,
Кетоконазол ДС,Кетоконазол,таблетки,200 мг,
Тамоксифен,Тамоксифен,таблетки,"10 мг, 20 мг",
Пирацетам,Пирацетам,капсулы,400 мг,
Пирацетам,Пирацетам,капсулы,400 мг,
Пирацетам-ВЕРТЕКС,Пирацетам,капсулы,400 мг,
Нолицин,Норфлоксацин,"таблетки, покрытые пленочной оболочкой",400 мг,
Норбактин®,Норфлоксацин,"таблетки, покрытые пленочной оболочкой",400 мг,
Митоксантрон-ЛЭНС,Митоксантрон,концентрат для приготовления раствора для инфузий,2 мг/мл,
Онкотрон,Митоксантрон,концентрат для приготовления раствора для инфузий,2 мг/мл,
Оксибупрокаин,Оксибупрокаин,капли глазные,4 мг/мл,
ОКСИНОБЕТАЛ®,Оксибупрокаин,капли глазные,4 мг/мл,
Инокаин®,Оксибупрокаин,капли глазные,4 мг/мл,
Бенокси,Оксибупрокаин,капли глазные,4 мг/мл,
Налбуфин,Налбуфин,раствор для внутривенного и внутримышечного введения,10 мг/мл,
Налбуфина гидрохлорид,Налбуфин,раствор для инъекций,"10 мг/мл, 20 мг/мл",
Налбуфин Серб,Налбуфин,раствор для инъекций,10 мг/мл,
Налбуфин,Налбуфин,раствор для инъекций,"10 мг/мл, 20 мг/мл",
Обетихолевая кислота,Обетихолевая кислота,"таблетки, покрытые пленочной оболочкой","5 мг, 10 мг",
"Октреотид, 111 In",Пентетреотид,лиофилизат для приготовления раствора для внутривенного введения,0.01 мг,
Веро-Винкристин,Винкристин,раствор для внутривенного введения,0.5 мг/мл,
ВИНКРИСТИН-БЕЛМЕД,Винкристин,раствор для внутривенного введения,0.5 мг/мл,
Винкристин-Тева,Винкристин,раствор для внутривенного введения,1 мг/мл,
Винкристин-РОНЦ®,Винкристин,раствор для внутривенного введения,1 мг/мл,
Альфа Д3,Альфакальцидол,капсулы,"0.25 мкг, 1 мкг","Пациенты с редкой врожденной непереносимостью фруктозы, пациенты с аллергическими реакциями на арахис или сою."
Альфа Д3,Альфакальцидол,капсулы,0.5 мкг,"Пациенты с редкой врожденной непереносимостью фруктозы, пациенты с аллергическими реакциями на арахис или сою."
Галазолин®,Ксилометазолин,гель назальный,"0.05%, 0.1%",
Нитизинон,Нитизинон,капсулы,"2 мг, 5 мг, 10 мг",
Нитизинон,Нитизинон,капсулы,"2 мг, 5 мг, 10 мг",
Ариквел®,Нитизинон,капсулы,"5 мг, 10 мг",
Нитизинон,Нитизинон,капсулы,"2 мг, 5 мг, 10 мг",
Кетонал® ДУО,Кетопрофен,капсулы с модифицированным высвобождением,150 мг,
Талопса®,Сультиам,"таблетки, покрытые пленочной оболочкой","50 мг, 200 мг",
Ириноплат,Карбоплатин,концентрат для приготовления раствора для инфузий,10 мг/мл,
Карбоплатин-РОНЦ,Карбоплатин,концентрат для приготовления раствора для инфузий,10 мг/мл,
Карбоплатин-АМЕДАРТ,Карбоплатин,концентрат для приготовления раствора для инфузий,10 мг/мл,
Карбоплатин-Промомед,Карбоплатин,концентрат для приготовления раствора для инфузий,10 мг/мл,
Кемокарб,Карбоплатин,концентрат для приготовления раствора для инфузий,10 мг/мл,
Карбоплатин,Карбоплатин,концентрат для приготовления раствора для инфузий,10 мг/мл,
Паракт,Карбоплатин,концентрат для приготовления раствора для инфузий,10 мг/мл,
Карбоплатин-ЛЭНС,Карбоплатин,концентрат для приготовления раствора для инфузий,10 мг/мл,
Карботера,Карбоплатин,лиофилизат для приготовления раствора для инфузий,"50 мг, 150 мг, 450 мг",
Бромокриптин-Рихтер,Бромокриптин,таблетки,2.5 мг,
Пефлоксацин-АКОС,Пефлоксацин,концентрат для приготовления раствора для инфузий,80 мг/мл,
Пефлоксабол,Пефлоксацин,раствор для инфузий,4 мг/мл,
Юникпеф,Пефлоксацин,раствор для инфузий,4 мг/мл,
Пефлостан,Пефлоксацин,раствор для инфузий,4 мг/мл,
Пефлоксацин,Пефлоксацин,раствор для инфузий,4 мг/мл,
Юникпеф,Пефлоксацин,"таблетки, покрытые пленочной оболочкой",400 мг,
Фамотидин,Фамотидин,лиофилизат для приготовления раствора для внутривенного введения,20 мг,
Фамотидин,Фамотидин,лиофилизат для приготовления раствора для внутривенного введения,20 мг,
Квамател®,Фамотидин,лиофилизат для приготовления раствора для внутривенного введения,20 мг,
Фамотидин,Фамотидин,лиофилизат для приготовления раствора для внутривенного введения,20 мг,
Фамотидин,Фамотидин,лиофилизат для приготовления раствора для внутривенного введения,20 мг,
Фамотидин ПСК,Фамотидин,лиофилизат для приготовления раствора для внутривенного введения,20 мг,
Фамотидин,Фамотидин,лиофилизат для приготовления раствора для внутривенного введения,20 мг,
Фамотидин,Фамотидин,лиофилизат для приготовления раствора для внутривенного введения,20 мг,
Фамотидин Сотекс®,Фамотидин,концентрат для приготовления раствора для внутривенного введения,10 мг/мл,
Квамател®,Фамотидин,"таблетки, покрытые пленочной оболочкой","20 мг, 40 мг",
Курантил® N 25,Дипиридамол,"таблетки, покрытые пленочной оболочкой",25 мг,
Курантил® N 75,Дипиридамол,"таблетки, покрытые пленочной оболочкой",75 мг,
Пипольфен®,Прометазин,раствор для внутривенного и внутримышечного введения,25 мг/мл,
Цисплатин,Цисплатин,концентрат для приготовления раствора для инфузий,"0.5 мг/мл, 1 мг/мл",
Цисплатин-РОНЦ,Цисплатин,концентрат для приготовления раствора для инфузий,"0.5 мг/мл, 1 мг/мл",
Цисплатин-Келун Казфарм,Цисплатин,концентрат для приготовления раствора для инфузий,1 мг/мл,
Цисплатин-ЛЭНС,Цисплатин,концентрат для приготовления раствора для инфузий,0.5 мг/мл,
Адуцил,Цилостазол,таблетки,"50 мг, 100 мг",
ПЛЕТАКС НОВО®,Цилостазол,таблетки,100 мг,
Доксеф,Цефподоксим,"таблетки, покрытые пленочной оболочкой","100 мг, 200 мг",
Сефпотек®,Цефподоксим,"таблетки, покрытые пленочной оболочкой",200 мг,
Дузофарм®,Нафтидрофурил,"таблетки, покрытые пленочной оболочкой","100 мг, 200 мг",Пациенты с аллергией на пшеницу и целиакией
Дузофарм®,Нафтидрофурил,"таблетки, покрытые пленочной оболочкой",50 мг,Пациенты с аллергией на пшеницу и целиакией
Перинорм,Метоклопрамид,раствор для приема внутрь,1 мг/мл,Пациенты с редкой врожденной непереносимостью фруктозы.
МЕТОКЛОПРАМИД ВЕЛФАРМ,Метоклопрамид,раствор для внутривенного и внутримышечного введения,5 мг/мл,
Метоклопрамид,Метоклопрамид,раствор для внутривенного и внутримышечного введения,5 мг/мл,
Метоклопрамид,Метоклопрамид,раствор для внутривенного и внутримышечного введения,5 мг/мл,
Метоклопрамид Реневал,Метоклопрамид,раствор для внутривенного и внутримышечного введения,5 мг/мл,
Метоклопрамид-ЭСКОМ,Метоклопрамид,раствор для внутривенного и внутримышечного введения,5 мг/мл,
Метоклопрамид,Метоклопрамид,раствор для внутривенного и внутримышечного введения,5 мг/мл,
Церукал,Метоклопрамид,раствор для внутривенного и внутримышечного введения,5 мг/мл,
Метоклопрамид,Метоклопрамид,раствор для внутривенного и внутримышечного введения,5 мг/мл,
Метоклопрамид,Метоклопрамид,раствор для внутривенного и внутримышечного введения,5 мг/мл,
Метоклопрамид Реневал,Метоклопрамид,раствор для внутривенного и внутримышечного введения,5 мг/мл,
Метоклопрамид,Метоклопрамид,раствор для внутривенного и внутримышечного введения,5 мг/мл,
Метоклопрамид,Метоклопрамид,раствор для внутривенного и внутримышечного введения,5 мг/мл,
Метоклопрамид,Метоклопрамид,раствор для внутривенного и внутримышечного введения,5 мг/мл,
Перинорм,Метоклопрамид,раствор для внутривенного и внутримышечного введения,5 мг/мл,
Метоклопрамид-Виал,Метоклопрамид,раствор для внутривенного и внутримышечного введения,5 мг/мл,
Церуглан®,Метоклопрамид,раствор для инъекций,0.5%,
Лизинотон,Лизиноприл,таблетки,"5 мг, 10 мг, 20 мг",
Ирумед,Лизиноприл,таблетки,"2.5 мг, 5 мг, 10 мг, 20 мг",
Лизиноприл-Тева,Лизиноприл,таблетки,"5 мг, 10 мг, 20 мг",
Рилейс-сановель,Лизиноприл,таблетки,"5 мг, 10 мг, 20 мг",
Лизиноприл,Лизиноприл,таблетки,"5 мг, 10 мг, 20 мг",
Лизиноприл,Лизиноприл,таблетки,"5 мг, 10 мг, 20 мг","Пациенты с непереносимостью лактозы, дефицитом лактазы, глюкозо-галактозной мальабсорбцией"
Лизиноприл,Лизиноприл,таблетки,"2.5 мг, 5 мг, 10 мг, 20 мг","Пациенты с непереносимостью лактозы, дефицитом лактазы, глюкозо-галактозной мальабсорбцией"
Лизакард,Лизиноприл,таблетки,"2.5 мг, 5 мг, 10 мг, 20 мг",
Диротон®,Лизиноприл,таблетки,"5 мг, 10 мг, 20 мг",
Новокаинамид,Прокаинамид,раствор для внутривенного и внутримышечного введения,100 мг/мл,
Кетонал®,Кетопрофен,"таблетки, покрытые пленочной оболочкой",100 мг,
Кетопрофен,Кетопрофен,раствор для внутривенного и внутримышечного введения,50 мг/мл,
Кетопрофен-АКОС,Кетопрофен,раствор для внутривенного и внутримышечного введения,50 мг/мл,
Кетопрофен ДС,Кетопрофен,раствор для внутривенного и внутримышечного введения,50 мг/мл,
Кетопрофен-СОЛОфарм,Кетопрофен,раствор для внутривенного и внутримышечного введения,50 мг/мл,
Кетопрофен,Кетопрофен,раствор для внутривенного и внутримышечного введения,50 мг/мл,
Кетопрофен,Кетопрофен,раствор для внутривенного и внутримышечного введения,100 мг/2 мл,
Кетопрофен,Кетопрофен,раствор для внутривенного и внутримышечного введения,50 мг/мл,
ФЛАМАКС®,Кетопрофен,раствор для внутривенного и внутримышечного введения,50 мг/мл,
Кетонал,Кетопрофен,раствор для внутривенного и внутримышечного введения,50 мг/мл,
Кетопрофен,Кетопрофен,раствор для внутривенного и внутримышечного введения,50 мг/мл,
Артрум,Кетопрофен,раствор для внутривенного и внутримышечного введения,50 мг/мл,
Кетопрофен,Кетопрофен,раствор для внутривенного и внутримышечного введения,50 мг/мл,
Кетопрофен Органика,Кетопрофен,раствор для внутривенного и внутримышечного введения,50 мг/мл,
Кетопрофен,Кетопрофен,раствор для внутривенного и внутримышечного введения,50 мг/мл,
Кетопрофен,Кетопрофен,раствор для внутривенного и внутримышечного введения,50 мг/мл,
Кетопрофен Реневал,Кетопрофен,раствор для внутривенного и внутримышечного введения,100 мг,
Кетопрофен-ЭСКОМ,Кетопрофен,раствор для инфузий и внутримышечного введения,50 мг/мл,
Кетопрофен-Лекфарм,Кетопрофен,раствор для внутримышечного введения и инфузий,50 мг/мл,
Аркетал Ромфарм,Кетопрофен,раствор для внутримышечного введения и инфузий,50 мг/мл,
Диазоксид,Диазоксид,капсулы,"25 мг, 100 мг",
ВАП 500,Алпростадил,,0.5 мг/мл,
Зидо-Эйч®,Зидовудин,"таблетки, покрытые пленочной оболочкой",300 мг,
Виро-Зет,Зидовудин,"таблетки, покрытые пленочной оболочкой",300 мг,
Зидовудин,Зидовудин,капсулы,100 мг,
Зидовудин-Ферейн,Зидовудин,капсулы,100 мг,
Зидовудин,Зидовудин,раствор для приема внутрь,10 мг/мл,
Зидовудин,Зидовудин,раствор для приема внутрь,10 мг/мл,
Зидовудин,Зидовудин,раствор для приема внутрь,50 мг/5 мл,
Налтрексон,Налтрексон,"таблетки, покрытые оболочкой",50 мг,
СФУМАТА,Атазанавир,капсулы,"150 мг, 200 мг, 300 мг",
Атазанавир-Эдвансд,Атазанавир,капсулы,"150 мг, 200 мг, 300 мг",
Атазанавир,Атазанавир,капсулы,"150 мг, 200 мг, 300 мг",
Атазанавир,Атазанавир,капсулы,"150 мг, 200 мг, 300 мг",
Атазанавир,Атазанавир,капсулы,"150 мг, 200 мг, 300 мг",
Симанод,Атазанавир,капсулы,"150 мг, 200 мг, 300 мг",
Атазор,Атазанавир,капсулы,"150 мг, 200 мг, 300 мг",
Бронхобос®,Карбоцистеин,капсулы,375 мг,
Тафен назаль,Будесонид,спрей назальный дозированный,50 мкг/доза,
Будостер,Будесонид,спрей назальный дозированный,"100 мкг/доза, 50 мкг/доза",
Макокс,Рифампицин,капсулы,"150 мг, 300 мг","Пациенты с непереносимостью лактозы, дефицитом лактазы, глюкозо-галактозной мальабсорбцией"
Рифампицин,Рифампицин,капсулы,"150 мг, 300 мг, 450 мг, 600 мг",
Рифампицин,Рифампицин,лиофилизат для приготовления раствора для инфузий,"150 мг, 300 мг, 450 мг, 600 мг",
Рифампицин-Деко,Рифампицин,лиофилизат для приготовления раствора для инфузий,"150 мг, 600 мг",
Рифампицин-Ферейн®,Рифампицин,лиофилизат для приготовления раствора для инфузий,150 мг,
Рифампицин-Ферейн®,Рифампицин,лиофилизат для приготовления раствора для инфузий,600 мг,
Рифампицин-Бинергия,Рифампицин,лиофилизат для приготовления раствора для инфузий,150 мг,
Рифампицин-Бинергия,Рифампицин,лиофилизат для приготовления раствора для инфузий,"300 мг, 450 мг",
Антарейт®,Магалдрат,таблетки жевательные,"800 мг, 1600 мг",
Торендо® Ку-таб®,Рисперидон,"таблетки, диспергируемые в полости рта","0.5 мг, 1 мг, 2 мг",Пациенты с непереносимостью фруктозы
Резален,Рисперидон,таблетки для рассасывания,"1 мг, 2 мг, 3 мг, 4 мг",
Рупадокс®,Рупатадин,раствор для приема внутрь,1 мг/мл,
Пропанорм,Пропафенон,раствор для внутривенного введения,3.5 мг/мл,
Инфира,Вигабатрин,"таблетки, покрытые пленочной оболочкой",500 мг,
Вигабатрин,Вигабатрин,"таблетки, покрытые пленочной оболочкой",500 мг,
Инфира,Вигабатрин,гранулы для приготовления раствора,500 мг,
Октреотид-депо,Октреотид,лиофилизат для приготовления суспензии для внутримышечного введения с пролонгированным высвобождением,"10 мг, 20 мг, 30 мг",
Октреотид-Фармасинтез,Октреотид,лиофилизат для приготовления суспензии для внутримышечного введения с пролонгированным высвобождением,"10 мг, 20 мг, 30 мг",
Экслип®,Фенофибрат,капсулы с пролонгированным высвобождением,250 мг,
Циклосерин,Циклосерин,капсулы,250 мг,"Пациенты с непереносимостью лактозы, дефицитом лактазы, глюкозо-галактозной мальабсорбцией"
Циклосерин,Циклосерин,капсулы,"125 мг, 250 мг, 500 мг","Пациенты с непереносимостью лактозы, дефицитом лактазы, глюкозо-галактозной мальабсорбцией"
Циклорин,Циклосерин,капсулы,250 мг,
Циклосерин,Циклосерин,капсулы,250 мг,
КОКСЕРИН®,Циклосерин,капсулы,250 мг,
Тидомет Форте,Леводопа+[Карбидопа],таблетки,250 мг+25 мг,
Наком®,Леводопа+[Карбидопа],таблетки,250 мг+25 мг,
Тедизолид ПСК,Тедизолид,лиофилизат для приготовления концентрата для приготовления раствора для инфузий,200 мг,
Тедизолид,Тедизолид,лиофилизат для приготовления концентрата для приготовления раствора для инфузий,200 мг,
Соната® Адамед,Залеплон,капсулы,10 мг,
АЦВЕРИС,Экулизумаб,концентрат для приготовления раствора для инфузий,10 мг/мл,
Экулизумаб Фармасинтез,Экулизумаб,концентрат для приготовления раствора для инфузий,10 мг/мл,
Экулизумаб,Экулизумаб,концентрат для приготовления раствора для инфузий,10 мг/мл,
Сотагексал,Соталол,таблетки,"80 мг, 160 мг",
Соталол Реневал,Соталол,таблетки,"80 мг, 160 мг",
Соталол Канон,Соталол,таблетки,"80 мг, 160 мг",
Трифтазин,Трифлуоперазин,раствор для внутримышечного введения,2 мг/мл,
Трифтазин,Трифлуоперазин,раствор для внутримышечного введения,2 мг/мл,
Триентин Фармасинтез,Триентин,капсулы,250 мг,
Триентин Вэймэйд,Триентин,капсулы,250 мг,
ЛАНСОН-АФ,Лансопразол,лиофилизат для приготовления концентрата для приготовления раствора для инфузий,30 мг,
Флекаинид,Флекаинид,таблетки,"50 мг, 100 мг, 150 мг",
Тейкопланин,Тейкопланин,лиофилизат для приготовления раствора для внутривенного и внутримышечного введения и приема внутрь,"200 мг, 400 мг",
ТЕЙКОПЛАНИН,Тейкопланин,лиофилизат для приготовления раствора для внутривенного и внутримышечного введения и приема внутрь,"200 мг, 400 мг",
ТЕЙКОПЛАНИН-ДЖИЭФСИ®,Тейкопланин,порошок для приготовления раствора для внутривенного и внутримышечного введения и приема внутрь,"200 мг, 400 мг",
Ортоцид,Тейкопланин,порошок для приготовления раствора для внутривенного и внутримышечного введения и приема внутрь,"200 мг, 400 мг",
Офлоксацин-Тева,Офлоксацин,"таблетки, покрытые пленочной оболочкой","200 мг, 400 мг",
Офлокс,Офлоксацин,"таблетки, покрытые пленочной оболочкой",200 мг,
Офлоксацин,Офлоксацин,"таблетки, покрытые пленочной оболочкой","200 мг, 400 мг",
Офлоксацин ДС,Офлоксацин,"таблетки, покрытые пленочной оболочкой",200 мг,
Карнистип солофарм,Офлоксацин,раствор для инфузий,2 мг/мл,
Офлоксацин,Офлоксацин,раствор для инфузий,2 мг/мл,
Офлоксацин,Офлоксацин,раствор для инфузий,2 мг/мл,
Офлоксацин,Офлоксацин,раствор для инфузий,2 мг/мл,
ОфлоКаз,Офлоксацин,раствор для инфузий,2 мг/мл,
Офлоксацин,Офлоксацин,раствор для инфузий,2 мг/мл,
Левофлоксацин Форте-АКОС,Левофлоксацин,"таблетки, покрытые пленочной оболочкой",750 мг,"Пациенты с непереносимостью лактозы, дефицитом лактазы, глюкозо-галактозной мальабсорбцией"
Левофлоксацин,Левофлоксацин,"таблетки, покрытые пленочной оболочкой",750 мг,
Леволет® Р,Левофлоксацин,"таблетки, покрытые пленочной оболочкой",750 мг,
Атенолол-Тева,Атенолол,таблетки,"100 мг, 50 мг",
Бетакард,Атенолол,"таблетки, покрытые пленочной оболочкой","100 мг, 50 мг",
Квинизол,Орнидазол,раствор для инфузий,5 мг/мл,
Орнидазол,Орнидазол,раствор для инфузий,5 мг/мл,
ФЛОТИДИН солофарм,Орнидазол,раствор для инфузий,5 мг/мл,
Орнидазол,Орнидазол,таблетки вагинальные,500 мг,
Дазолик Леди,Орнидазол,таблетки вагинальные,500 мг,
Тексаред®,Теноксикам,"таблетки, покрытые пленочной оболочкой",20 мг,
ТЕНОЛИОФ,Теноксикам,лиофилизат для приготовления раствора для внутривенного и внутримышечного введения,20 мг,
ТЕНОКСИКАМ,Теноксикам,лиофилизат для приготовления раствора для внутривенного и внутримышечного введения,20 мг,
Теноксикам-ТРИВИУМ®,Теноксикам,лиофилизат для приготовления раствора для внутривенного и внутримышечного введения,20 мг,
Релинфла,Теноксикам,лиофилизат для приготовления раствора для внутривенного и внутримышечного введения,20 мг,
Артоксан,Теноксикам,лиофилизат для приготовления раствора для внутривенного и внутримышечного введения,20 мг,
Тексаред,Теноксикам,лиофилизат для приготовления раствора для инъекций,20 мг,
Топирамат,Топирамат,"таблетки, покрытые пленочной оболочкой","25 мг, 100 мг",
Топалепсин®,Топирамат,"таблетки, покрытые пленочной оболочкой","25 мг, 50 мг, 100 мг",
Топсавер,Топирамат,"таблетки, покрытые пленочной оболочкой","25 мг, 50 мг, 100 мг, 200 мг",
Эпимакс,Топирамат,"таблетки, покрытые пленочной оболочкой","25 мг, 100 мг",Пациенты с непереносимостью фруктозы
Торэпимат,Топирамат,"таблетки, покрытые пленочной оболочкой","25 мг, 50 мг, 100 мг, 200 мг",
Ропимат,Топирамат,"таблетки, покрытые пленочной оболочкой","25 мг, 50 мг, 100 мг",
Топирамат Канон,Топирамат,"таблетки, покрытые пленочной оболочкой","25 мг, 100 мг",
Кеторолак,Кеторолак,раствор для внутривенного и внутримышечного введения,30 мг/мл,
Ваторлак,Кеторолак,раствор для внутривенного и внутримышечного введения,30 мг/мл,
Кеторолак,Кеторолак,раствор для внутривенного и внутримышечного введения,30 мг/мл,
Кеторолак Реневал,Кеторолак,раствор для внутривенного и внутримышечного введения,30 мг/мл,
Кеторолак,Кеторолак,раствор для внутривенного и внутримышечного введения,30 мг/мл,
Доломин,Кеторолак,раствор для внутривенного и внутримышечного введения,30 мг/мл,
Кеторол,Кеторолак,раствор для внутривенного и внутримышечного введения,30 мг/мл,
Кетанов,Кеторолак,раствор для внутривенного и внутримышечного введения,30 мг/мл,
Кеторолак,Кеторолак,раствор для внутривенного и внутримышечного введения,30 мг/мл,
Кеторолак,Кеторолак,раствор для внутривенного и внутримышечного введения,30 мг/мл,
Кеторолак,Кеторолак,раствор для внутривенного и внутримышечного введения,30 мг/мл,
Кеторолак,Кеторолак,раствор для внутривенного и внутримышечного введения,30 мг/мл,
КЕТРОВЕЛ,Кеторолак,раствор для внутривенного и внутримышечного введения,30 мг/мл,
Кеторолак БВ,Кеторолак,раствор для внутривенного и внутримышечного введения,30 мг/мл,
КЕТОРОЛАК,Кеторолак,раствор для внутривенного и внутримышечного введения,30 мг/мл,
Кеторолак-ЭСКОМ,Кеторолак,раствор для внутривенного и внутримышечного введения,30 мг/мл,
Кеторолак,Кеторолак,раствор для внутривенного и внутримышечного введения,30 мг/мл,
Кеторолак Ромфарм,Кеторолак,раствор для внутривенного и внутримышечного введения,30 мг/мл,
Кеторолак-СОЛОфарм,Кеторолак,раствор для внутривенного и внутримышечного введения,30 мг/мл,
Кеторолак Велфарм,Кеторолак,раствор для внутривенного и внутримышечного введения,30 мг/мл,
Долак®,Кеторолак,раствор для внутривенного и внутримышечного введения,30 мг/мл,
Кеторол,Кеторолак,"таблетки, покрытые пленочной оболочкой",10 мг,
Кетофрил,Кеторолак,"таблетки, покрытые пленочной оболочкой",10 мг,
Кетанов,Кеторолак,"таблетки, покрытые пленочной оболочкой",10 мг,
Кетанов МД,Кеторолак,"таблетки, диспергируемые в полости рта",10 мг,Пациенты с фенилкетонурией
Торасемид,Торасемид,таблетки,"5 мг, 10 мг",
Тригрим,Торасемид,таблетки,20 мг,
Торасемид Реневал,Торасемид,таблетки,"5 мг, 10 мг",
Торасемид-Тева,Торасемид,таблетки,"5 мг, 10 мг",
Тригрим,Торасемид,таблетки,"2.5 мг, 5 мг, 10 мг",
Диувер,Торасемид,таблетки,"5 мг, 10 мг",
ТОРАСЕМИД,Торасемид,таблетки,"2.5 мг, 5 мг, 10 мг",
Трамадол,Трамадол,раствор для инъекций,50 мг/мл,
Трамадол,Трамадол,раствор для инъекций,50 мг/мл,
Трамадол,Трамадол,раствор для инъекций,50 мг/мл,
ТРАМАДОЛ КАЛЦЕКС,Трамадол,раствор для инъекций,50 мг/мл,
Трамадол,Трамадол,раствор для инъекций,50 мг/мл,
Трамадол-ГР,Трамадол,раствор для инъекций,50 мг/мл,
АПРОТИНИН,Апротинин,лиофилизат для приготовления раствора для внутривенного введения,13300 КИЕ,
Апротинин-Тривиум,Апротинин,раствор для внутривенного введения,10000 КИЕ/мл,
Апротинин,Апротинин,раствор для внутривенного введения,10000 КИЕ/мл,
АПРОТИНИН,Апротинин,раствор для внутривенного введения,10000 КИЕ/мл,
Гордокс®,Апротинин,раствор для внутривенного введения,10000 КИЕ/мл,
Индурокс,Мышьяка триоксид,концентрат для приготовления раствора для инфузий,1 мг/мл,
Ремифентанил,Ремифентанил,лиофилизат для приготовления концентрата для приготовления раствора для внутривенного введения,"2 мг, 5 мг",
Комплисан,Ампициллин+[Сульбактам],порошок для приготовления раствора для внутривенного и внутримышечного введения,"250 мг+125 мг, 500 мг+250 мг, 1000 мг+500 мг",
Ампициллин+Сульбактам,Ампициллин+[Сульбактам],порошок для приготовления раствора для внутривенного и внутримышечного введения,2 г+1 г,
Либакцил,Ампициллин+[Сульбактам],порошок для приготовления раствора для внутривенного и внутримышечного введения,"0.5 г+0.25 г, 1 г+0.5 г, 2 г+1 г",
Амибактам®,Ампициллин+[Сульбактам],порошок для приготовления раствора для внутривенного и внутримышечного введения,"250 мг+125 мг, 500 мг+250 мг, 1000 мг+500 мг, 2000 мг+1000 мг",
Ампициллин+Сульбактам-ЛЕКСВМ®,Ампициллин+[Сульбактам],порошок для приготовления раствора для внутривенного и внутримышечного введения,"250 мг+125 мг, 500 мг+250 мг, 1000 мг+500 мг, 2000 мг+1000 мг",
Ампициллин+Сульбактам-АЛВИЛС,Ампициллин+[Сульбактам],порошок для приготовления раствора для внутривенного и внутримышечного введения,"250 мг+125 мг, 500 мг+250 мг, 1000 мг+500 мг, 2000 мг+1000 мг",
ДУАКТИЛАМ®,Ампициллин+[Сульбактам],порошок для приготовления раствора для внутривенного и внутримышечного введения,"250 мг+125 мг, 500 мг+250 мг, 1000 мг+500 мг, 2000 мг+1000 мг",
Ампициллин+Сульбактам,Ампициллин+[Сульбактам],порошок для приготовления раствора для внутривенного и внутримышечного введения,"500 мг+250 мг, 1000 мг+500 мг",
Сультасин,Ампициллин+[Сульбактам],порошок для приготовления раствора для внутривенного и внутримышечного введения,"500 мг+250 мг, 1000 мг+500 мг",
Сульмацефта,Ампициллин+[Сульбактам],порошок для приготовления раствора для внутривенного и внутримышечного введения,"250 мг+125 мг, 500 мг+250 мг, 1000 мг+500 мг, 2000 мг+1000 мг",
АМПИЦИЛЛИН+СУЛЬБАКТАМ,Ампициллин+[Сульбактам],порошок для приготовления раствора для внутривенного и внутримышечного введения,"500 мг+250 мг, 1000 мг+500 мг, 2000 мг+1000 мг",
Рампинам,Ампициллин+[Сульбактам],порошок для приготовления раствора для внутривенного и внутримышечного введения,"500 мг+250 мг, 1000 мг+500 мг",
Новатризоат,Натрия амидотризоат,раствор для инъекций,"600 мг/мл, 760 мг/мл",
Тразограф,Натрия амидотризоат,раствор для инъекций,0.6,
Тразограф,Натрия амидотризоат,раствор для инъекций,760 мг/мл,
Цивалган,Валганцикловир,"таблетки, покрытые пленочной оболочкой",450 мг,
Валганцикловир-Эдвансд,Валганцикловир,"таблетки, покрытые пленочной оболочкой",450 мг,
Валганцикловир-ФС,Валганцикловир,"таблетки, покрытые пленочной оболочкой",450 мг,
Валганцикловир-Тева,Валганцикловир,"таблетки, покрытые пленочной оболочкой",450 мг,"Пациенты с непереносимостью лактозы, дефицитом лактазы, глюкозо-галактозной мальабсорбцией"
Релиум,Диазепам,раствор для внутривенного и внутримышечного введения,5 мг/мл,
Сибазон,Диазепам,раствор для внутривенного и внутримышечного введения,5 мг/мл,
Сибазон,Диазепам,раствор для внутривенного и внутримышечного введения,5 мг/мл,
Сибазон,Диазепам,раствор для внутривенного и внутримышечного введения,5 мг/мл,
Ванкомицин,Ванкомицин,лиофилизат для приготовления раствора для инфузий и приема внутрь,"500 мг, 1000 мг",
Ванкомицин,Ванкомицин,лиофилизат для приготовления раствора для инфузий и приема внутрь,"0.5 г, 1 г",
Ванкомицин Джодас,Ванкомицин,лиофилизат для приготовления раствора для инфузий и приема внутрь,"500 мг, 1000 мг",
Ванкомицин,Ванкомицин,лиофилизат для приготовления раствора для инфузий и приема внутрь,"0.5 г, 1 г",
ВАНКОМИЦИН,Ванкомицин,лиофилизат для приготовления раствора для инфузий и приема внутрь,1000 мг,
Ванкомицин Дж,Ванкомицин,лиофилизат для приготовления раствора для инфузий и приема внутрь,"500 мг, 1000 мг",
Ванкомицин,Ванкомицин,лиофилизат для приготовления концентрата для приготовления раствора для инфузий и раствора для приема внутрь,"500 мг, 750 мг, 1000 мг",
Ванкобакт,Ванкомицин,порошок для приготовления раствора для инфузий и приема внутрь,"0.5 г, 1 г",
Ванкомицин ЭЛЬФА®,Ванкомицин,порошок для приготовления раствора для инфузий и приема внутрь,"500 мг, 1000 мг",
ВАНКОМИЦИН,Ванкомицин,порошок для приготовления раствора для инфузий и приема внутрь,"500 мг, 1000 мг",
Ванкорус®,Ванкомицин,порошок для приготовления раствора для инфузий и приема внутрь,"0.5 г, 1 г",
Позимицин,Ванкомицин,порошок для приготовления раствора для инфузий и приема внутрь,"0.5 г, 1 г",
Ванкомицин,Ванкомицин,порошок для приготовления раствора для инфузий и приема внутрь,"0.5 г, 1 г",
Ванкомицин,Ванкомицин,порошок для приготовления раствора для инфузий и раствора для приема внутрь,"500 мг, 1000 мг",
ВАНКОТЕР-АФ,Ванкомицин,порошок для приготовления концентрата для приготовления раствора для инфузий и раствора для приема внутрь,"500 мг, 750 мг, 1000 мг",
Ванкомицин-АКОС,Ванкомицин,порошок для приготовления концентрата для приготовления раствора для инфузий и раствора для приема внутрь,"500 мг, 1000 мг",
Ванкомицин-ТФ,Ванкомицин,порошок для приготовления концентрата для приготовления раствора для инфузий и раствора для приема внутрь,"500 мг, 1000 мг",
Триметазидин,Триметазидин,"таблетки, покрытые пленочной оболочкой",20 мг,"Пациенты с непереносимостью лактозы, дефицитом лактазы, глюкозо-галактозной мальабсорбцией"
Триметазидин,Триметазидин,"таблетки, покрытые пленочной оболочкой",20 мг,"Пациенты с непереносимостью лактозы, дефицитом лактазы, глюкозо-галактозной мальабсорбцией"
Видокцин,Доксициклин,лиофилизат для приготовления раствора для внутривенного введения,100 мг,
Доксициклин-Ферейн®,Доксициклин,лиофилизат для приготовления раствора для инфузий,100 мг,
Юнидокс Солютаб®,Доксициклин,таблетки диспергируемые,100 мг,"Пациенты с непереносимостью лактозы, дефицитом лактазы, глюкозо-галактозной мальабсорбцией"
ДОКСИЦИКЛИН,Доксициклин,таблетки диспергируемые,100 мг,"Пациенты с непереносимостью лактозы, дефицитом лактазы, глюкозо-галактозной мальабсорбцией"
Невирапин-ТЛ,Невирапин,"таблетки, покрытые пленочной оболочкой",200  мг,
Невирпин®,Невирапин,"таблетки, покрытые пленочной оболочкой","100 мг, 200 мг",
Невивир®200,Невирапин,таблетки,200 мг,
Невирапин,Невирапин,таблетки,"100 мг, 200 мг",
Дикло-Ф,Диклофенак,капли глазные,1 мг/мл,
Диклофенак-АКОС,Диклофенак,капли глазные,0.1%,
Диклофенак,Диклофенак,капли глазные,0.1%,
Диклофенак,Диклофенак,капли глазные,0.1%,
Диклофенаклонг,Диклофенак,капли глазные,0.1%,
Диклофенак-Солофарм,Диклофенак,капли глазные,0.1%,
Пенсейд,Диклофенак,раствор для наружного применения,0.02,
Диклофенак ретард Оболенское,Диклофенак,таблетки кишечнорастворимые с пролонгированным высвобождением,100 мг,
Диклофенак,Диклофенак,"таблетки с пролонгированным высвобождением, покрытые пленочной оболочкой",100 мг,
Диклофенак ретард-Акрихин,Диклофенак,"таблетки с пролонгированным высвобождением, покрытые пленочной оболочкой",100 мг,"Пациенты с непереносимостью лактозы, дефицитом лактазы, глюкозо-галактозной мальабсорбцией"
Джозафен®,Джозамицин,"таблетки, покрытые пленочной оболочкой",500 мг,
ВИЛЬПРАМИЦИН САР®,Джозамицин,таблетки диспергируемые,1000 мг,
Тофацитиниб,Тофацитиниб,"таблетки с модифицированным высвобождением, покрытые пленочной оболочкой",11 мг,
Литэгра,Лифитеграст,капли глазные,Литэгра,
Кетотифен Софарма,Кетотифен,сироп,1 мг/5 мл,
Эпилексид®,Этосуксимид,сироп,50 мг/мл,
Гелмодол-ВМ,Албендазол,"таблетки, покрытые пленочной оболочкой",200 мг,
АЛБЕНДАЗОЛ ВЕЛФАРМ,Албендазол,"таблетки, покрытые пленочной оболочкой","200 мг, 400 мг",
Альбендацид®,Албендазол,"таблетки, покрытые пленочной оболочкой",400 мг,
Саноксал,Албендазол,таблетки жевательные,400 мг,Пациенты с редкой врожденной непереносимостью фруктозы или глюкозо-галактозной мальабсорбцией.
АЛБЕНДАЗОЛ ВЕЛФАРМ,Албендазол,таблетки жевательные,400 мг,
Мигрепам,Золмитриптан,"таблетки, покрытые пленочной оболочкой",2.5 мг,
Эксенза®,Золмитриптан,спрей назальный дозированный,2.5 мг/доза,
Милурит®,Аллопуринол,таблетки,"100 мг, 300 мг",
Милурит®,Аллопуринол,таблетки,"150 мг, 200 мг",
Аллопуринол Реневал,Аллопуринол,таблетки,"100 мг, 200 мг, 300 мг",
Оланзапин,Оланзапин,лиофилизат для приготовления раствора для внутримышечного введения,10 мг,
Феморикс,Терифлуномид,"таблетки, покрытые пленочной оболочкой",14 мг,
Тэрфлуна®,Терифлуномид,"таблетки, покрытые пленочной оболочкой",14 мг,
Терифлуномид-Эдвансд,Терифлуномид,"таблетки, покрытые пленочной оболочкой",14 мг,
Терифлуномид Канон,Терифлуномид,"таблетки, покрытые пленочной оболочкой",14 мг,
Терифлуномид ПСК,Терифлуномид,"таблетки, покрытые пленочной оболочкой",14 мг,
ДИССЕМИЛ,Терифлуномид,"таблетки, покрытые пленочной оболочкой",14 мг,
Терифлуномид,Терифлуномид,"таблетки, покрытые пленочной оболочкой",14 мг,
Терифлуномид,Терифлуномид,"таблетки, покрытые пленочной оболочкой",14 мг,
Авегра БИОКАД,Бевацизумаб,концентрат для приготовления раствора для инфузий,25 мг/мл,
Арвестио®,Бевацизумаб,концентрат для приготовления раствора для инфузий,25 мг/мл,
БЕВАЦИЗУМАБ,Бевацизумаб,концентрат для приготовления раствора для инфузий,25 мг/мл,
Версаво®,Бевацизумаб,концентрат для приготовления раствора для инфузий,25 мг/мл,
Ротомокс,Моксифлоксацин,раствор для инфузий,1.6 мг/мл,
Моксифлоксацин,Моксифлоксацин,раствор для инфузий,1.6 мг/мл,
Моксифлоксацин,Моксифлоксацин,раствор для инфузий,1.6 мг/мл,
МОКСИВАНСД,Моксифлоксацин,раствор для инфузий,1.6 мг/мл,
МОКСИФЛОКСАЦИН,Моксифлоксацин,раствор для инфузий,1.6 мг/мл,
Моксифлоксацин,Моксифлоксацин,раствор для инфузий,1.6 мг/мл,
Моксифлоксацин Полисан®,Моксифлоксацин,раствор для инфузий,400 мг/250 мл,
Моксифлоксацин-СОЛОфарм,Моксифлоксацин,раствор для инфузий,1.6 мг/мл,
Симофлокс,Моксифлоксацин,"таблетки, покрытые пленочной оболочкой",400 мг,
Моксифлоксацин-ВЕРТЕКС,Моксифлоксацин,"таблетки, покрытые пленочной оболочкой",400 мг,
Мофлокс 400,Моксифлоксацин,"таблетки, покрытые пленочной оболочкой",400 мг,
Моксифлоксацин Велфарм,Моксифлоксацин,"таблетки, покрытые пленочной оболочкой",400 мг,
МОКСИФЛОКСАЦИН-АЛИУМ,Моксифлоксацин,"таблетки, покрытые пленочной оболочкой",400 мг,
Моксивансд,Моксифлоксацин,"таблетки, покрытые пленочной оболочкой",400 мг,
Моксимак,Моксифлоксацин,"таблетки, покрытые пленочной оболочкой",400 мг,
Моксиграм,Моксифлоксацин,"таблетки, покрытые пленочной оболочкой",400 мг,
Хайнемокс,Моксифлоксацин,"таблетки, покрытые пленочной оболочкой",400 мг,
Мофлаксия,Моксифлоксацин,"таблетки, покрытые пленочной оболочкой",400 мг,
Моксифлоксацин,Моксифлоксацин,"таблетки, покрытые пленочной оболочкой",400 мг,
Моксифлоксацин Канон,Моксифлоксацин,"таблетки, покрытые пленочной оболочкой",400 мг,
Алвелон-МФ,Моксифлоксацин,"таблетки, покрытые пленочной оболочкой",400 мг,
Ультрамокс,Моксифлоксацин,капсулы,400 мг,
Дутастерон,Дутастерид,капсулы,0.5 мг,
Дутастерид Фармасинтез,Дутастерид,капсулы,0.5 мг,
Авопрост,Дутастерид,капсулы,0.5 мг,
Тирофибан Дж,Тирофибан,концентрат для приготовления раствора для инфузий,250 мкг/мл,
Тирофибан ПСК,Тирофибан,концентрат для приготовления раствора для инфузий,250 мкг/мл,
АНАЛИДАС,Анагрелид,капсулы,"0.5 мг, 1 мг",
Мебикар®,Темгиколурил,таблетки,500 мг,
Мебикар®,Темгиколурил,таблетки,300 мг,
Такролимус ретард-Тева,Такролимус,капсулы с пролонгированным высвобождением,"0.5 мг, 1 мг, 5 мг",
Такролимус-АМЕДАРТ,Такролимус,капсулы с пролонгированным высвобождением,"0.5 мг, 1 мг, 5 мг",
ЛИРОКТАС®,Такролимус,капсулы с пролонгированным высвобождением,"0.5 мг, 1 мг, 5 мг",
Фебуксостат-СЗ,Фебуксостат,"таблетки, покрытые пленочной оболочкой","80 мг, 120 мг",
ФЕБУФОРТ®,Фебуксостат,"таблетки, покрытые пленочной оболочкой","80 мг, 120 мг",
ФОРУР®,Фебуксостат,"таблетки, покрытые пленочной оболочкой","80 мг, 120 мг",
Фебуксостат,Фебуксостат,"таблетки, покрытые пленочной оболочкой","80 мг, 120 мг",
Фебуксостат Органика,Фебуксостат,"таблетки, покрытые пленочной оболочкой","80 мг, 120 мг",
ПОДАГРАЗИН®,Фебуксостат,"таблетки, покрытые пленочной оболочкой","80 мг, 120 мг",
Фебуксостат солофарм,Фебуксостат,"таблетки, покрытые пленочной оболочкой","80 мг, 120 мг",
Фебуксостат Канон,Фебуксостат,"таблетки, покрытые пленочной оболочкой","80 мг, 120 мг",
Даграблок®,Фебуксостат,"таблетки, покрытые пленочной оболочкой","80 мг, 120 мг",
ПОДАГРУМ,Фебуксостат,"таблетки, покрытые пленочной оболочкой","80 мг, 120 мг",
Азурикс®,Фебуксостат,"таблетки, покрытые пленочной оболочкой","80 мг, 120 мг",
ФЕБУКСОСТАТ ВЕЛФАРМ,Фебуксостат,"таблетки, покрытые пленочной оболочкой","80 мг, 120 мг",
Подагрель,Фебуксостат,капсулы,"80 мг, 120 мг",
Доксорубицин,Доксорубицин,лиофилизат для приготовления раствора для внутрисосудистого и внутрипузырного введения,10 мг,
Доксорубицин-ДЕКО,Доксорубицин,лиофилизат для приготовления раствора для внутрисосудистого и внутрипузырного введения,"10 мг, 50 мг",
Никорубин,Доксорубицин,лиофилизат для приготовления раствора для внутрисосудистого и внутрипузырного введения,"10 мг, 50 мг",
Доксорубицин-Ферейн®,Доксорубицин,лиофилизат для приготовления раствора для внутрисосудистого и внутрипузырного введения,10 мг,
Доксорубицин-РОНЦ®,Доксорубицин,лиофилизат для приготовления раствора для внутрисосудистого и внутрипузырного введения,"10 мг, 50 мг",
Доксорубицин-ЛЭНС,Доксорубицин,лиофилизат для приготовления раствора для внутрисосудистого и внутрипузырного введения,"10 мг, 50 мг",
Доксорубицин-ЛЭНС,Доксорубицин,"концентрат для приготовления раствора для внутриартериального, внутривенного и внутрипузырного введения",2 мг/мл,
ДОКСОРУБИЦИН,Доксорубицин,"лиофилизат для приготовления раствора для внутриартериального, внутривенного и внутрипузырного введения",50 мг,
ДОКСОРУБИЦИН,Доксорубицин,"концентрат для приготовления раствора для внутриартериального, внутривенного и внутрипузырного введения",2 мг/мл,
Азтреонам-ДЕКО,Азтреонам,порошок для приготовления раствора для внутривенного и внутримышечного введения,"0.5 г, 1 г",
Азтреобакт,Азтреонам,порошок для приготовления раствора для внутривенного и внутримышечного введения,"0.5 г, 1 г",
АЛСПЕКРОРЕН,Азтреонам,порошок для приготовления раствора для внутривенного и внутримышечного введения,"500 мг, 1000 мг, 2000 мг",
Азтреонам Эльфа,Азтреонам,порошок для приготовления раствора для внутривенного и внутримышечного введения,"0.5 г, 1 г",
Азактер-АФ,Азтреонам,порошок для приготовления раствора для внутривенного и внутримышечного введения,"0.5 г, 1 г",
Азтреабол,Азтреонам,порошок для приготовления раствора для внутривенного и внутримышечного введения,"0.5 г, 1 г",
Бринзопт,Бринзоламид,капли глазные,10 мг/мл,
Марукса,Мемантин,"таблетки, покрытые пленочной оболочкой",20 мг,"Пациенты с непереносимостью лактозы, дефицитом лактазы, глюкозо-галактозной мальабсорбцией"
Мемантин,Мемантин,"таблетки, покрытые пленочной оболочкой",20 мг,
Меманталь,Мемантин,"таблетки, покрытые пленочной оболочкой",10 мг,"Пациенты с непереносимостью лактозы, дефицитом лактазы, глюкозо-галактозной мальабсорбцией"
Мемантинол®,Мемантин,"таблетки, покрытые пленочной оболочкой",10 мг,"Пациенты с непереносимостью лактозы, дефицитом лактазы, глюкозо-галактозной мальабсорбцией"
Земотин,Мемантин,"таблетки, покрытые пленочной оболочкой","10 мг, 20 мг",
Мемантин-Акрихин,Мемантин,"таблетки, покрытые пленочной оболочкой","10 мг, 20 мг","Пациенты с непереносимостью лактозы, дефицитом лактазы, глюкозо-галактозной мальабсорбцией"
Мемантин-СЗ,Мемантин,"таблетки, покрытые пленочной оболочкой","10 мг, 20 мг",
Мемантин-Риxтер,Мемантин,"таблетки, покрытые пленочной оболочкой",10 мг,
Тингрекс,Мемантин,"таблетки, покрытые пленочной оболочкой",10 мг,
Нооджерон,Мемантин,"таблетки, покрытые пленочной оболочкой",10 мг,
Мемантин Канон,Мемантин,"таблетки, покрытые пленочной оболочкой","5 мг, 15 мг, 20 мг","Пациенты с непереносимостью лактозы, дефицитом лактазы, глюкозо-галактозной мальабсорбцией"
Марукса,Мемантин,"таблетки, покрытые пленочной оболочкой",10 мг,
Мемантин,Мемантин,"таблетки, покрытые пленочной оболочкой",10 мг,
Мемантин,Мемантин,"таблетки, покрытые пленочной оболочкой","10 мг, 20 мг","Пациенты с непереносимостью лактозы, дефицитом лактазы, глюкозо-галактозной мальабсорбцией"
Мемантин,Мемантин,"таблетки, покрытые пленочной оболочкой","10 мг, 20 мг",
Мемантин Реневал,Мемантин,"таблетки, покрытые пленочной оболочкой","5 мг, 10 мг, 15 мг, 20 мг",
Мемантин Канон,Мемантин,"таблетки, покрытые пленочной оболочкой",10 мг,"Пациенты с непереносимостью лактозы, дефицитом лактазы, глюкозо-галактозной мальабсорбцией"
Меморитаб,Мемантин,таблетки диспергируемые,"10 мг, 20 мг",Пациенты с фенилкетонурией
Майндактив,Мемантин,таблетки диспергируемые,"10 мг, 20 мг",Пациенты с фенилкетонурией
МЕМАРАЛИД,Мемантин,таблетки диспергируемые,"10 мг, 20 мг",Пациенты с фенилкетонурией
Мемантин Канон,Мемантин,"набор таблеток, покрытых пленочной оболочкой",5 мг+10 мг+15 мг+20 мг,"Пациенты с непереносимостью лактозы, дефицитом лактазы, глюкозо-галактозной мальабсорбцией"
Ауранекс,Мемантин,раствор для приема внутрь,10 мг/мл,
Меманейрин,Мемантин,капли для приема внутрь,10 мг/мл,Пациенты с непереносимостью фруктозы
Мемантин Канон,Мемантин,капли для приема внутрь,10 мг/мл,
Мемонтира®,Мемантин,раствор для приема внутрь,10 мг/мл,
Мендилекс,Бипериден,таблетки,2 мг,
Бипериден,Бипериден,таблетки,2 мг,
Безак,Бипериден,таблетки,2 мг,
Компларейт®,Тоцилизумаб,концентрат для приготовления раствора для инфузий,20 мг/мл,
Компларейт®,Тоцилизумаб,раствор для подкожного введения,162/0.9 мл,
Моноинсулин ЧР,Инсулин растворимый [человеческий генно-инженерный],раствор для инъекций,100 МЕ/мл,
Алектиниб-АМЕДАРТ,Алектиниб,капсулы,150 мг,
Пеметрексед Канон,Пеметрексед,лиофилизат для приготовления раствора для инфузий,"100 мг, 500 мг",
ФОЛИТРЕКС,Пеметрексед,лиофилизат для приготовления раствора для инфузий,"100 мг, 500 мг",
Веротрексед,Пеметрексед,лиофилизат для приготовления раствора для инфузий,"100 мг, 500 мг",
ИСПОЛАТ,Пеметрексед,лиофилизат для приготовления раствора для инфузий,500 мг,
АНТИФОЛАТ,Пеметрексед,лиофилизат для приготовления раствора для инфузий,"100 мг, 500 мг",
ПЕМЕТРЕКСЕД,Пеметрексед,раствор для инфузий,10 мг/мл,
Пеметрексед,Пеметрексед,лиофилизат для приготовления концентрата для приготовления раствора для инфузий,"100 мг, 500 мг",
Пеметрексед-АМЕДАРТ,Пеметрексед,лиофилизат для приготовления концентрата для приготовления раствора для инфузий,"100 мг, 500 мг",
Пеметрексед,Пеметрексед,лиофилизат для приготовления концентрата для приготовления раствора для инфузий,"100 мг, 500 мг",
Пеметрексед-Келун-Казфарм,Пеметрексед,лиофилизат для приготовления концентрата для приготовления раствора для инфузий,"100 мг, 500 мг",
ПЕМЕТРЕКСЕД-ПРОМОМЕД,Пеметрексед,лиофилизат для приготовления концентрата для приготовления раствора для инфузий,"100 мг, 500 мг",
Пеметрексед,Пеметрексед,лиофилизат для приготовления концентрата для приготовления раствора для инфузий,"100 мг, 500 мг",
Пеметрексед-Тева,Пеметрексед,лиофилизат для приготовления концентрата для приготовления раствора для инфузий,"100 мг, 500 мг",
Пеметрексед-Рус,Пеметрексед,лиофилизат для приготовления концентрата для приготовления раствора для инфузий,"100 мг, 500 мг",
Пеметрексед-ДЕКО,Пеметрексед,лиофилизат для приготовления концентрата для приготовления раствора для инфузий,"100 мг, 500 мг",
Алларитмин,Лаппаконитина гидробромид,таблетки,25 мг,
Лаппаконитин,Лаппаконитина гидробромид,таблетки,25 мг,
Лаппаконитина гидробромид,Лаппаконитина гидробромид,таблетки,25 мг,
Лапоритмин,Лаппаконитина гидробромид,таблетки,25 мг,"Пациенты с непереносимостью лактозы, дефицитом лактазы, глюкозо-галактозной мальабсорбцией"
МЕГВАЛ®,Мелфалан,лиофилизат для приготовления раствора для внутрисосудистого введения,50 мг,
Мелфалан,Мелфалан,лиофилизат для приготовления раствора для внутрисосудистого введения,50 мг,
Джаларан,Мелфалан,лиофилизат для приготовления раствора для внутрисосудистого введения,50 мг,
Фексадин,Фексофенадин,"таблетки, покрытые пленочной оболочкой","120 мг, 180 мг",
Гифаст,Фексофенадин,"таблетки, покрытые пленочной оболочкой","120 мг, 180 мг",
Бексист,Фексофенадин,"таблетки, покрытые пленочной оболочкой","120 мг, 180 мг","Пациенты с непереносимостью лактозы, дефицитом лактазы, глюкозо-галактозной мальабсорбцией"
Фексофенадин-СЗ,Фексофенадин,"таблетки, покрытые пленочной оболочкой","30 мг, 120 мг, 80 мг",
САНТАБРИМ,Бримонидин,капли глазные,0.1%,
Биманокс®,Бримонидин,капли глазные,2 мг/мл,
Люксфен®,Бримонидин,капли глазные,2 мг/мл,
Бримонидин-СЗ,Бримонидин,капли глазные,2 мг/мл,
Бримонидин,Бримонидин,капли глазные,2 мг/мл,
Брипрессия,Бримонидин,капли глазные,"1.5 мг/мл, 2 мг/мл",
Риманал ВМ,Бримонидин,капли глазные,1.5 мг/мл,
Азеластин-Ксантис,Азеластин,спрей назальный дозированный,140 мкг/доза,
Офтасайт®,Азеластин,капли глазные,0.05%,
Диамерид,Глимепирид,таблетки,"1 мг, 2 мг, 3 мг, 4 мг",
Глемауно,Глимепирид,таблетки,"1 мг, 2 мг, 3 мг, 4 мг",
Глимепирид Канон,Глимепирид,таблетки,"1 мг, 2 мг, 3 мг, 4 мг",
Глайм,Глимепирид,таблетки,"1 мг, 3 мг, 4 мг",
ГЛИМЕПИРИД,Глимепирид,таблетки,"2 мг, 3 мг, 4 мг",
Глимепирид,Глимепирид,таблетки,"1 мг, 2 мг, 3 мг, 4 мг",
Глимепирид,Глимепирид,таблетки,4 мг,
Глимепирид,Глимепирид,таблетки,"2 мг, 3 мг",
Глимепирид,Глимепирид,таблетки,1 мг,
ГЛИМЕПИРИД,Глимепирид,таблетки,"1 мг, 2 мг, 3 мг, 4 мг",
Глимепирид Реневал,Глимепирид,таблетки,"1 мг, 2 мг, 3 мг, 4 мг",
ГЛИМЕПИРИД ВЕЛФАРМ,Глимепирид,таблетки,"1 мг, 2 мг, 3 мг, 4 мг",
Глимепирид-Вертекс,Глимепирид,таблетки,"1 мг, 2 мг, 3 мг, 4 мг, 6 мг",
НОБАЗИТ® ФОРТЕ,Энисамия йодид,"таблетки, покрытые пленочной оболочкой",500 мг,Пациенты с редкой врожденной непереносимостью фруктозы или глюкозо-галактозной мальабсорбцией.
НОБАЗИТ® ПРО,Энисамия йодид,"таблетки, покрытые пленочной оболочкой","125 мг, 250 мг",Пациенты с редкой врожденной непереносимостью фруктозы или глюкозо-галактозной мальабсорбцией.
НОБАЗИТ®,Энисамия йодид,капсулы,"125 мг, 250 мг",
НОБАЗИТ® ФОРТЕ,Энисамия йодид,капсулы,500 мг,
Клофранил®,Кломипрамин,"таблетки, покрытые пленочной оболочкой",25 мг,
Антиандрен 10,Ципротерон,таблетки,10 мг,
Антиандрен 100,Ципротерон,таблетки,100 мг,
Антиандрен 50,Ципротерон,таблетки,50 мг,
Ципротерон-Тева,Ципротерон,таблетки,50 мг,
РинГлузин®,Инсулин глулизин,раствор для подкожного введения,100 ЕД/мл,
Ирбесартан Канон,Ирбесартан,таблетки,"150 мг, 300 мг",
Ирбесартан,Ирбесартан,"таблетки, покрытые пленочной оболочкой","150 мг, 300 мг",
Ирбис,Ирбесартан,"таблетки, покрытые пленочной оболочкой","75 мг, 150 мг, 300 мг",
ИРБЕСАРТАН,Ирбесартан,"таблетки, покрытые пленочной оболочкой","75 мг, 150 мг, 300 мг",
Арресто,Лефлуномид,"таблетки, покрытые пленочной оболочкой","10 мг, 20 мг",
Лефлайд,Лефлуномид,"таблетки, покрытые пленочной оболочкой","10 мг, 20 мг",
Лефлуномид Канон,Лефлуномид,"таблетки, покрытые пленочной оболочкой","10 мг, 20 мг",
Лефлуномид,Лефлуномид,"таблетки, покрытые пленочной оболочкой","10 мг, 20 мг",
Ралеф,Лефлуномид,"таблетки, покрытые пленочной оболочкой","10 мг, 20 мг",
Лефлуномид,Лефлуномид,"таблетки, покрытые пленочной оболочкой","10 мг, 20 мг",
Элафра,Лефлуномид,"таблетки, покрытые пленочной оболочкой","10 мг, 20 мг",
Лефомид,Лефлуномид,"таблетки, покрытые пленочной оболочкой","10 мг, 20 мг, 100 мг",
Эподарба®,Дарбэпоэтин альфа,раствор для инъекций,30 мкг,
Лонекса® ПСК,Дарбэпоэтин альфа,раствор для инъекций,"20 мкг, 30 мкг, 300 мкг, 500 мкг",
Афлюдол®,Умифеновир,"таблетки, покрытые пленочной оболочкой","50 мг, 100 мг","Пациенты с непереносимостью лактозы, дефицитом лактазы, глюкозо-галактозной мальабсорбцией"
Умифеновир Реневал,Умифеновир,капсулы,"100 мг, 200 мг",
Умифеновир Медисорб,Умифеновир,капсулы,"100 мг, 200 мг",
Мисуфер,Умифеновир,капсулы,"100 мг, 200 мг",
Арпефлю,Умифеновир,капсулы,200 мг,
Умифеновир,Умифеновир,капсулы,200 мг,
УМИФЕНОВИР-ФАРМСТАНДАРТ,Умифеновир,капсулы,"50 мг, 100 мг, 200 мг",
ФОНДАПАРИНУКС НАТРИЯ-ТЛ,Фондапаринукс натрия,раствор для внутривенного и подкожного введения,2.5 мг/0.5 мл,
Фондапар-С,Фондапаринукс натрия,раствор для внутривенного и подкожного введения,2.5 мг/0.5 мл,
ФОНДАПАРИНУКС НАТРИЯ ВЕЛФАРМ,Фондапаринукс натрия,раствор для внутривенного и подкожного введения,"1.5 мг/0.3 мл, 2.5 мг/0.5 мл",
Амростак солофарм,Фондапаринукс натрия,раствор для внутривенного и подкожного введения,2.5 мг/0.5 мл,
Фондапаринукс ПСК,Фондапаринукс натрия,раствор для внутривенного и подкожного введения,2.5 мг/0.5 мл,
Веро-Анастрозол,Анастрозол,"таблетки, покрытые пленочной оболочкой",1 мг,
Анастрозол,Анастрозол,"таблетки, покрытые пленочной оболочкой",1 мг,
Анастрозол,Анастрозол,"таблетки, покрытые пленочной оболочкой",1 мг,
АНАЗАЛЕС®,Анастрозол,"таблетки, покрытые пленочной оболочкой",1 мг,
Анастрозол,Анастрозол,"таблетки, покрытые пленочной оболочкой",1 мг,
Анастрэкс,Анастрозол,"таблетки, покрытые пленочной оболочкой",1 мг,
Анастрозол-Промомед,Анастрозол,"таблетки, покрытые пленочной оболочкой",1 мг,
Анастрозол-Тева,Анастрозол,"таблетки, покрытые пленочной оболочкой",1 мг,
Анастрозол-ТЛ,Анастрозол,"таблетки, покрытые пленочной оболочкой",1 мг,
Селана,Анастрозол,"таблетки, покрытые пленочной оболочкой",1 мг,
Анастрозол,Анастрозол,"таблетки, покрытые пленочной оболочкой",1 мг,
Брасер,Анастрозол,"таблетки, покрытые пленочной оболочкой",1 мг,
Индап,Индапамид,капсулы,2.5 мг,
Индапамид,Индапамид,капсулы,2.5 мг,
Индапамид-ВЕРТЕКС,Индапамид,капсулы,2.5 мг,
Индапамид,Индапамид,"таблетки, покрытые оболочкой",2.5 мг,
Индапамид,Индапамид,"таблетки, покрытые оболочкой",2.5 мг,
Индапамид,Индапамид,"таблетки, покрытые пленочной оболочкой",2.5 мг,
Индапамид,Индапамид,"таблетки, покрытые пленочной оболочкой",2.5 мг,
Индапамид,Индапамид,"таблетки, покрытые пленочной оболочкой",2.5 мг,
Акрипамид,Индапамид,"таблетки, покрытые пленочной оболочкой",2.5 мг,
Индапамид Канон,Индапамид,"таблетки, покрытые пленочной оболочкой",2.5 мг,
Индапамид-Тева,Индапамид,"таблетки, покрытые пленочной оболочкой",2.5 мг,
Индапамид,Индапамид,"таблетки, покрытые пленочной оболочкой",2.5 мг,
ИНДАПАМИД-АЛИУМ,Индапамид,"таблетки, покрытые пленочной оболочкой",2.5 мг,
Индапамид-АЛСИ,Индапамид,"таблетки, покрытые пленочной оболочкой",2.5 мг,
Ипрес лонг,Индапамид,таблетки пролонгированного действия покрытые оболочкой,1.5 мг,
Акрипамид ретард,Индапамид,таблетки пролонгированного действия покрытые пленочной оболочкой,1.5 мг,
Акутер-сановель,Индапамид,таблетки пролонгированного действия покрытые пленочной оболочкой,1.5 мг,
СР-Индамед,Индапамид,таблетки пролонгированного действия покрытые пленочной оболочкой,1.5 мг,
ИНДАПАМИД РЕТАРД-АЛИУМ,Индапамид,таблетки пролонгированного действия покрытые пленочной оболочкой,1.5 мг,
Индапамид Ретард,Индапамид,таблетки с контролируемым высвобождением покрытые пленочной оболочкой,1.5 мг,
Лорвас СР,Индапамид,таблетки с контролируемым высвобождением покрытые пленочной оболочкой,1.5 мг,
Индапамид,Индапамид,таблетки с модифицированным высвобождением покрытые оболочкой,1.5 мг,
Индапамид Ретард-Акрихин,Индапамид,таблетки с модифицированным высвобождением покрытые оболочкой,1.5 мг,
Индапамид ретард-АЛСИ,Индапамид,"таблетки с пролонгированным высвобождением, покрытые пленочной оболочкой",1.5 мг,
Индапамид ретард,Индапамид,"таблетки с пролонгированным высвобождением, покрытые пленочной оболочкой",1.5 мг,
Индапамид,Индапамид,"таблетки с пролонгированным высвобождением, покрытые пленочной оболочкой",1.5 мг,
Индапамид ретард,Индапамид,"таблетки с пролонгированным высвобождением, покрытые пленочной оболочкой",1.5 мг,
Индапамид ретард,Индапамид,"таблетки с пролонгированным высвобождением, покрытые пленочной оболочкой",1.5 мг,
Индапамид МВ Штада,Индапамид,"таблетки с пролонгированным высвобождением, покрытые пленочной оболочкой",1.5 мг,
Индапамид-КРКА,Индапамид,"таблетки с пролонгированным высвобождением, покрытые пленочной оболочкой",1.5 мг,
Индапамид ретард-Тева,Индапамид,"таблетки с пролонгированным высвобождением, покрытые пленочной оболочкой",1.5 мг,
Эторикоксиб-Алиум,Эторикоксиб,"таблетки, покрытые пленочной оболочкой","60 мг, 90 мг, 120 мг",
Эторикоксиб-Акрихин,Эторикоксиб,"таблетки, покрытые пленочной оболочкой","60 мг, 90 мг, 120 мг",
Флагзамма,Эторикоксиб,"таблетки, покрытые пленочной оболочкой","60 мг, 90 мг, 120 мг",
Эторикоксиб ЛЕКАС,Эторикоксиб,"таблетки, покрытые пленочной оболочкой","60 мг, 90 мг, 120 мг",
РИКОТИБ,Эторикоксиб,"таблетки, покрытые пленочной оболочкой","30 мг, 60 мг, 90 мг, 120 мг",
ОСТИОКСИБ®,Эторикоксиб,"таблетки, покрытые пленочной оболочкой","30 мг, 60 мг, 90 мг, 120 мг",
Эторикоксиб-АМ,Эторикоксиб,"таблетки, покрытые пленочной оболочкой","30 мг, 60 мг, 90 мг, 120 мг",
Эторикоксиб,Эторикоксиб,"таблетки, покрытые пленочной оболочкой","30 мг, 60 мг, 90 мг, 120 мг",
Эторикоксиб,Эторикоксиб,"таблетки, покрытые пленочной оболочкой","30 мг, 60 мг, 90 мг, 120 мг",
Долококс®,Эторикоксиб,"таблетки, покрытые пленочной оболочкой","30 мг, 60 мг, 90 мг, 120 мг",
Эторикоксиб-СЗ,Эторикоксиб,"таблетки, покрытые пленочной оболочкой","30 мг, 60 мг, 90 мг, 120 мг",
ЭТОРИКОКСИБ,Эторикоксиб,"таблетки, покрытые пленочной оболочкой","30 мг, 60 мг, 90 мг, 120 мг",
Эторикоксиб-ВЕРТЕКС,Эторикоксиб,"таблетки, покрытые пленочной оболочкой","60 мг, 90 мг, 120 мг",
Диартрин,Диацереин,капсулы,50 мг,
ДИАЦЕРЕИН,Диацереин,капсулы,50 мг,
Диагистан,Диацереин,капсулы,50 мг,
Диацереин-СЗ,Диацереин,капсулы,50 мг,
Артостео®,Диацереин,капсулы,50 мг,
Артрокер®,Диацереин,капсулы,50 мг,
Диафлекс Ромфарм,Диацереин,капсулы,50 мг,
Диацереин-Мак,Диацереин,капсулы,50 мг,
Аспинат® Кардио,Ацетилсалициловая кислота,"таблетки, покрытые кишечнорастворимой оболочкой",50 мг,
КардиАСК®,Ацетилсалициловая кислота,"таблетки, покрытые кишечнорастворимой оболочкой",300 мг,"Пациенты с непереносимостью лактозы, дефицитом лактазы, глюкозо-галактозной мальабсорбцией"
Аспинат® Кардио,Ацетилсалициловая кислота,"таблетки, покрытые кишечнорастворимой оболочкой",100 мг,
Аспинат® 300,Ацетилсалициловая кислота,"таблетки, покрытые кишечнорастворимой оболочкой",300 мг,
Ацетилсалициловая кислота КАРДИО,Ацетилсалициловая кислота,"таблетки кишечнорастворимые, покрытые пленочной оболочкой",100 мг,
Аспикор,Ацетилсалициловая кислота,"таблетки кишечнорастворимые, покрытые пленочной оболочкой",100 мг,"Пациенты с непереносимостью лактозы, дефицитом лактазы, глюкозо-галактозной мальабсорбцией"
Тромбостен,Ацетилсалициловая кислота,"таблетки кишечнорастворимые, покрытые пленочной оболочкой","50 мг, 100 мг, 300 мг",
Ацетилкардио-ЛекТ,Ацетилсалициловая кислота,"таблетки кишечнорастворимые, покрытые пленочной оболочкой","100 мг, 300 мг","Пациенты с непереносимостью лактозы, дефицитом лактазы, глюкозо-галактозной мальабсорбцией"
Ацетилсалициловая кислота Кардио,Ацетилсалициловая кислота,"таблетки кишечнорастворимые, покрытые пленочной оболочкой",100 мг,
АСК-кардио®,Ацетилсалициловая кислота,"таблетки кишечнорастворимые, покрытые пленочной оболочкой",100 мг,"Пациенты с непереносимостью лактозы, дефицитом лактазы, глюкозо-галактозной мальабсорбцией"
КардиАСК®,Ацетилсалициловая кислота,"таблетки кишечнорастворимые, покрытые пленочной оболочкой","50 мг, 100 мг","Пациенты с непереносимостью лактозы, дефицитом лактазы, глюкозо-галактозной мальабсорбцией"
Ацетилсалициловая кислота Кардио,Ацетилсалициловая кислота,"таблетки кишечнорастворимые, покрытые пленочной оболочкой","50 мг, 100 мг",
Ацекардол®,Ацетилсалициловая кислота,"таблетки кишечнорастворимые, покрытые пленочной оболочкой","50 мг, 100 мг, 300 мг","Пациенты с непереносимостью лактозы, дефицитом лактазы, глюкозо-галактозной мальабсорбцией"
Тромбо АСС®,Ацетилсалициловая кислота,"таблетки кишечнорастворимые, покрытые пленочной оболочкой","50 мг, 100 мг","Пациенты с непереносимостью лактозы, дефицитом лактазы, глюкозо-галактозной мальабсорбцией"
Ацетилсалициловая кислота КАРДИО,Ацетилсалициловая кислота,"таблетки кишечнорастворимые, покрытые пленочной оболочкой","50 мг, 100 мг, 300 мг",
Ацетилсалициловая кислота КАРДИО,Ацетилсалициловая кислота,капсулы,"50 мг, 100 мг","Пациенты с дефицитом сахаразы/изомальтазы, непереносимостью фруктозы, глюкозо-галактозной мальабсорбцией"
Таспир,Ацетилсалициловая кислота,таблетки шипучие,300 мг,"Пациенты с непереносимостью лактозы, дефицитом лактазы, глюкозо-галактозной мальабсорбцией"
Ацетилсалициловая кислота Реневал,Ацетилсалициловая кислота,таблетки шипучие,500 мг,
Аспинат,Ацетилсалициловая кислота,таблетки шипучие,500 мг,
Упсарин Упса,Ацетилсалициловая кислота,таблетки шипучие,500 мг,Пациенты с фенилкетонурией
АЦИС®,Ацетилсалициловая кислота,порошок для приготовления раствора для приема внутрь,500 мг,
Ацетилсалициловая кислота,Ацетилсалициловая кислота,таблетки,500 мг,
Кандекор,Кандесартан,таблетки,"8 мг, 16 мг, 32 мг",
Гипосарт,Кандесартан,таблетки,"8 мг, 16 мг, 32 мг",
Гипосарт,Кандесартан,таблетки,"8 мг, 16 мг, 32 мг",
Кандесартан Реневал,Кандесартан,таблетки,"8 мг, 16 мг, 32 мг",
Кандесартан Фармасинтез,Кандесартан,таблетки,"8 мг, 16 мг, 32 мг",
Кандесартан,Кандесартан,таблетки,"4 мг, 8 мг, 16 мг, 32 мг",
Кандесартан-СЗ,Кандесартан,таблетки,"8 мг, 16 мг, 32 мг",
Ордисс,Кандесартан,таблетки,"8 мг, 16 мг, 32 мг",
Кандесартан-ВЕРТЕКС,Кандесартан,таблетки,"8 мг, 16 мг, 32 мг",
Гидроксизин Канон,Гидроксизин,"таблетки, покрытые пленочной оболочкой",25 мг,
Ипратропиум,Ипратропия бромид,раствор для ингаляций,0.25 мг/мл,
Ипратропия бромид,Ипратропия бромид,раствор для ингаляций,0.25 мг/мл,
Ипратропиум,Ипратропия бромид,раствор для ингаляций,0.25 мг/мл,
Ипратропиум Фортива,Ипратропия бромид,раствор для ингаляций,0.25 мг/мл,
Ипратропиум-Аэро,Ипратропия бромид,аэрозоль для ингаляций дозированный,20 мкг/доза,
Ипраспир,Ипратропия бромид,аэрозоль для ингаляций дозированный,20 мкг/доза,
Ипратропиум Эйр,Ипратропия бромид,аэрозоль для ингаляций дозированный,20 мкг/доза,
Ипратропия бромид,Ипратропия бромид,аэрозоль для ингаляций дозированный,20 мкг/доза,
Рапиклав®,Амоксициллин+[Клавулановая кислота],"таблетки, покрытые оболочкой",500 мг+125 мг,
Амоксиклав® Квиктаб,Амоксициллин+[Клавулановая кислота],таблетки диспергируемые,"500 мг+125 мг, 875 мг+125 мг",Пациенты с фенилкетонурией
Амоксиклав® Квиктаб,Амоксициллин+[Клавулановая кислота],таблетки диспергируемые,"125 мг+31.25 мг, 250 мг+62.5 мг",
Экоклав Диспертаб®,Амоксициллин+[Клавулановая кислота],таблетки диспергируемые,"250 мг+62.5 мг, 500 мг+125 мг, 875 мг+125 мг",Пациенты с фенилкетонурией
Амклав® САР®,Амоксициллин+[Клавулановая кислота],таблетки диспергируемые,"125 мг+31.25 мг, 250 мг+62.5 мг, 500 мг+125 мг, 875 м г+125 мг",
Бетаклав®,Амоксициллин+[Клавулановая кислота],"таблетки, покрытые пленочной оболочкой","500 мг+125 мг, 875 мг+125 мг",
Амоксиклав®,Амоксициллин+[Клавулановая кислота],"таблетки, покрытые пленочной оболочкой","500 мг+125 мг, 875 мг+125 мг",
Ауреоклав,Амоксициллин+[Клавулановая кислота],"таблетки, покрытые пленочной оболочкой","500 мг+125 мг, 875 мг+125 мг",
Клавамокс 1000,Амоксициллин+[Клавулановая кислота],"таблетки, покрытые пленочной оболочкой",875 мг+125 мг,
Медоклав,Амоксициллин+[Клавулановая кислота],"таблетки, покрытые пленочной оболочкой",875 мг+125 мг,
Рапиклав®,Амоксициллин+[Клавулановая кислота],"таблетки, покрытые пленочной оболочкой",875 мг+125 мг,
Панклав 2X,Амоксициллин+[Клавулановая кислота],"таблетки, покрытые пленочной оболочкой",875 мг+125 мг,
Амоксициллин+Клавулановая кислота,Амоксициллин+[Клавулановая кислота],"таблетки, покрытые пленочной оболочкой","250 мг+125 мг, 500 мг+125 мг, 875 мг+125 мг",
Амоксициллин+Клавулановая кислота-Виал,Амоксициллин+[Клавулановая кислота],"таблетки, покрытые пленочной оболочкой","250 мг+125 мг, 500 мг+125 мг, 875 мг+125 мг",
Экоклав®,Амоксициллин+[Клавулановая кислота],"таблетки, покрытые пленочной оболочкой","250 мг+125 мг, 500 мг+125 мг, 875 мг+125 мг","Пациенты с врожденной непереносимостью фруктозы, галактозы, галактоземией, глюкозо-галактозной мальабсорбцией"
Клавамокс,Амоксициллин+[Клавулановая кислота],порошок для приготовления суспензии для приема внутрь,"200 мг+28.5 мг)/5 мл, (400 мг+57 мг)/5 мл",
Экоклав®,Амоксициллин+[Клавулановая кислота],порошок для приготовления суспензии для приема внутрь,"125 мг+31.25 мг/5 мл, 250 мг+62.5 мг/5 мл","Пациенты с врожденной непереносимостью фруктозы, галактозы, галактоземией, глюкозо-галактозной мальабсорбцией"
Амоксиклав®,Амоксициллин+[Клавулановая кислота],порошок для приготовления суспензии для приема внутрь,"125 мг+31.25 мг/5 мл, 250 мг+62.5 мг/5 мл, 400 мг+57 мг/5 мл",
ПАФТОРН,Эверолимус,таблетки,"2.5 мг, 5 мг, 10 мг","(кроме распространенных и/или метастатически нейроэндокринных опухолей поджелудочной железы, ангиомиолипом почки, ассоциированных с туберозным склерозом, не требующих немедленного хирургического вмешательства, субэпендимальных гигантоклеточных астроцитом (СЭГА), ассоциированных с туберозным склерозом у пациентов в возрасте более 3-х лет при невозможности выполнения хирургической резекции опухоли)"
ЭВЕРОЛИМУС,Эверолимус,таблетки,"2.5 мг, 5 мг, 10 мг",
ЭВЕЛИРОК®,Эверолимус,таблетки,"2.5 мг, 5 мг, 10 мг",
Алвида®,Эверолимус,таблетки,"2.5 мг, 5 мг, 10 мг",
ЭВЕРОЛИМУС-ПРОМОМЕД,Эверолимус,таблетки,"2.5 мг, 5 мг, 10 мг",
ЭВЕРОЛИМУС,Эверолимус,таблетки,"2.5 мг, 5 мг, 10 мг",
Олирамус®,Эверолимус,таблетки,"2.5 мг, 5 мг, 10 мг","(кроме ангиомиолипом почки, ассоциированных с туберозным склерозом, не требующих немедленного хирургического вмешательства, субэпендимальных гигантоклеточных астроцитом (СЭГА), ассоциированных с туберозным склерозом у пациентов в возрасте более 3-х лет при невозможности выполнения хирургической резекции опухоли)"
Амеверол,Эверолимус,таблетки,"2.5 мг, 5 мг, 10 мг",
Николимус,Эверолимус,таблетки,"2.5 мг, 5 мг, 10 мг",
Атревозол®,Фабомотизол,таблетки,10 мг,
Ацеклофенак,Ацеклофенак,"таблетки, покрытые пленочной оболочкой",100 мг,
Асинак,Ацеклофенак,"таблетки, покрытые пленочной оболочкой",100 мг,
Аленталь®,Ацеклофенак,"таблетки, покрытые пленочной оболочкой",100 мг,
Ацеклофенак,Ацеклофенак,"таблетки, покрытые пленочной оболочкой",100 мг,
АЦЕКЛОФЕНАК,Ацеклофенак,"таблетки, покрытые пленочной оболочкой",100 мг,"Пациенты с непереносимостью лактозы, дефицитом лактазы, глюкозо-галактозной мальабсорбцией"
Ацеклофенак Велфарм,Ацеклофенак,"таблетки, покрытые пленочной оболочкой",100 мг,"Пациенты с непереносимостью лактозы, дефицитом лактазы, глюкозо-галактозной мальабсорбцией"
Ацеклофенак ЛЕКАС,Ацеклофенак,порошок для приготовления суспензии для приема внутрь,100 мг,
Аленталь,Ацеклофенак,порошок для приготовления суспензии для приема внутрь,100 мг,
Анальгин,Метамизол натрия,раствор для внутривенного и внутримышечного введения,500 мг/мл,
АНАЛЬГИН,Метамизол натрия,раствор для внутривенного и внутримышечного введения,"250 мг/мл, 500 мг/мл",
Анальгин,Метамизол натрия,раствор для внутривенного и внутримышечного введения,"250 мг/мл, 500 мг/мл",
Анальгин,Метамизол натрия,раствор для внутривенного и внутримышечного введения,"250 мг/мл, 500 мг/мл",
Анальгин Реневал,Метамизол натрия,раствор для внутривенного и внутримышечного введения,500 мг/мл,
АНАЛЬГИН АВЕКСИМА,Метамизол натрия,раствор для внутривенного и внутримышечного введения,500 мг/мл,
Анальгин,Метамизол натрия,раствор для внутривенного и внутримышечного введения,500 мг/мл,
Анальгин,Метамизол натрия,раствор для внутривенного и внутримышечного введения,500 мг/мл,
Анальгин,Метамизол натрия,раствор для внутривенного и внутримышечного введения,500 мг/мл,
Анальгин,Метамизол натрия,раствор для внутривенного и внутримышечного введения,"250 мг/мл, 500 мг/мл",
Анальгин,Метамизол натрия,раствор для внутривенного и внутримышечного введения,500 мг/мл,
АНАЛЬГИН ВЕЛФАРМ,Метамизол натрия,раствор для внутривенного и внутримышечного введения,500 мг/мл,
Анальгин,Метамизол натрия,раствор для внутривенного и внутримышечного введения,500 мг/мл,
Анальгин,Метамизол натрия,раствор для внутривенного и внутримышечного введения,500 мг/мл,
Анальгин,Метамизол натрия,раствор для внутривенного и внутримышечного введения,500 мг/мл,
Метамалгин,Метамизол натрия,раствор для внутривенного и внутримышечного введения,500 мг/мл,
Анальгин Альфактив,Метамизол натрия,таблетки,500 мг,
Анальгин,Метамизол натрия,таблетки,500 мг,
Энтекавир,Энтекавир,"таблетки, покрытые пленочной оболочкой","0.5 мг, 1 мг",
Берипракс,Фенотерол,раствор для ингаляций,1 мг/мл,
Фенотерол ПСК,Фенотерол,раствор для ингаляций,1 мг/мл,
Фенотерол-аэронатив,Фенотерол,аэрозоль для ингаляций дозированный,100 мкг/доза,
Фенавист нео,Фенотерол,аэрозоль для ингаляций дозированный,100 мкг/доза,
Фенотерол,Фенотерол,аэрозоль для ингаляций дозированный,100 мкг/доза,
Фенотэйр,Фенотерол,аэрозоль для ингаляций дозированный,100 мкг/доза,
Метопролол,Метопролол,раствор для внутривенного введения,1 мг/мл,
Метопролол-Арзу,Метопролол,раствор для внутривенного введения,1 мг/мл,
Метопролол,Метопролол,раствор для внутривенного введения,1 мг/мл,
Метокор Адифарм,Метопролол,раствор для внутривенного введения,1 мг/мл,
Метопролол,Метопролол,раствор для внутривенного введения,1 мг/мл,
Метопролол,Метопролол,таблетки,"100 мг, 50 мг",
Эгилок®,Метопролол,таблетки,"25 мг, 50 мг, 100 мг",
Метопролол Зентива,Метопролол,таблетки,"50 мг, 100 мг",
Метопролол-Тева,Метопролол,таблетки,"50 мг, 100 мг",
Метопролол-КРКА,Метопролол,"таблетки с пролонгированным высвобождением, покрытые пленочной оболочкой","25 мг, 50 мг, 100 мг, 200 мг",
Вестибо,Бетагистин,таблетки,"8 мг, 16 мг","Пациенты с непереносимостью лактозы, дефицитом лактазы, глюкозо-галактозной мальабсорбцией"
Бетагистин,Бетагистин,таблетки,"8 мг, 16 мг",
Бетагистин,Бетагистин,таблетки,16 мг,"Пациенты с непереносимостью лактозы, дефицитом лактазы, глюкозо-галактозной мальабсорбцией"
Бетагистин-ВЕРТЕКС,Бетагистин,таблетки,"8 мг, 16 мг","Пациенты с непереносимостью лактозы, дефицитом лактазы, глюкозо-галактозной мальабсорбцией"
Бетацентрин,Бетагистин,таблетки,"8 мг, 16 мг","Пациенты с непереносимостью лактозы, дефицитом лактазы, глюкозо-галактозной мальабсорбцией"
Вестикап,Бетагистин,капсулы,"8 мг, 16 мг","Пациенты с непереносимостью лактозы, дефицитом лактазы, глюкозо-галактозной мальабсорбцией"
Вестибо,Бетагистин,таблетки,24 мг,"Пациенты с непереносимостью лактозы, дефицитом лактазы, глюкозо-галактозной мальабсорбцией"
Бетагистин-ВЕРТЕКС,Бетагистин,таблетки,24 мг,"Пациенты с непереносимостью лактозы, дефицитом лактазы, глюкозо-галактозной мальабсорбцией"
Бетагистин,Бетагистин,таблетки,24 мг,
Вестикап,Бетагистин,капсулы,24 мг,"Пациенты с непереносимостью лактозы, дефицитом лактазы, глюкозо-галактозной мальабсорбцией"
Тагиста,Бетагистин,таблетки,"8 мг, 16 мг, 24 мг",
Вестибо,Бетагистин,таблетки,"8 мг, 16 мг, 24 мг",
Бетагистин,Бетагистин,таблетки,"8 мг, 16 мг, 24 мг","Пациенты с непереносимостью лактозы, дефицитом лактазы, глюкозо-галактозной мальабсорбцией"
БЕТАГИСТИН,Бетагистин,таблетки,"8 мг, 16 мг, 24 мг","Пациенты с непереносимостью лактозы, дефицитом лактазы, глюкозо-галактозной мальабсорбцией"
БЕТАГИСТИН-АЛИУМ,Бетагистин,таблетки,"8 мг, 16 мг, 24 мг",
Бетагистин Медисорб,Бетагистин,таблетки,"16 мг, 24 мг","Пациенты с непереносимостью лактозы, дефицитом лактазы, глюкозо-галактозной мальабсорбцией"
Бетагистин-Акрихин,Бетагистин,таблетки,"8 мг, 16 мг, 24 мг",
Вертран,Бетагистин,таблетки,"8 мг, 16 мг, 24 мг",
Бетагистин-СЗ,Бетагистин,таблетки,"8 мг, 16 мг, 24 мг","Пациенты с непереносимостью лактозы, дефицитом лактазы, глюкозо-галактозной мальабсорбцией"
Вестинорм-НЕО,Бетагистин,таблетки,"8 мг, 16 мг, 24 мг",
Бетагистин Канон,Бетагистин,таблетки,"8 мг, 16 мг, 24 мг","Пациенты с непереносимостью лактозы, дефицитом лактазы, глюкозо-галактозной мальабсорбцией"
Бетагистин Реневал,Бетагистин,таблетки,"16 мг, 24 мг",
Бетагистин-СЗ,Бетагистин,"таблетки с модифицированным высвобождением, покрытые пленочной оболочкой",48 мг,"Пациенты с непереносимостью лактозы, дефицитом лактазы, глюкозо-галактозной мальабсорбцией"
Бетаксолол,Бетаксолол,капли глазные,0.5%,
Бетофтан,Бетаксолол,капли глазные,0.5%,
Бетаксолол,Бетаксолол,капли глазные,0.5%,
Бетаксолол-СЗ,Бетаксолол,капли глазные,5 мг/мл,
Бетаксолол,Бетаксолол,капли глазные,0.5%,
Бетаксолол-СОЛОфарм,Бетаксолол,капли глазные,0.5%,
Ксонеф БК,Бетаксолол,капли глазные,0.5%,
Ксонеф,Бетаксолол,капли глазные,0.5%,
Бетаксолол-Оптик,Бетаксолол,капли глазные,0.5%,
Остеолат,Стронция ранелат,порошок для приготовления суспензии для приема внутрь,2 г,
Строметта,Стронция ранелат,гранулы для приготовления суспензии для приема внутрь,2 г,
Празиквантел,Празиквантел,"таблетки, покрытые пленочной оболочкой",600 мг,
Джквантал,Празиквантел,"таблетки, покрытые пленочной оболочкой",600 мг,
Блеомицин-РОНЦ,Блеомицин,лиофилизат для приготовления раствора для инъекций,15 ЕД,
Мальтин,Блеомицин,лиофилизат для приготовления раствора для инъекций,15 ЕД,
Блеомицетин,Блеомицин,лиофилизат для приготовления раствора для инъекций,"5 мг, 15 мг",
Веро-блеомицин,Блеомицин,лиофилизат для приготовления раствора для инъекций,"5 мг, 15 мг",
Бозутиниб,Бозутиниб,"таблетки, покрытые пленочной оболочкой","100 мг, 500 мг",
Бозутиниб-ДЖИЭФСИ®,Бозутиниб,"таблетки, покрытые пленочной оболочкой","100 мг, 500 мг",
БОЗУТИНИБ-ПРОМОМЕД,Бозутиниб,"таблетки, покрытые пленочной оболочкой","100 мг, 400 мг, 500 мг",
Бозутиниб Фармасинтез,Бозутиниб,"таблетки, покрытые пленочной оболочкой","100 мг, 400 мг, 500 мг",
БОЗУТИНИБ-ХИМРАР,Бозутиниб,"таблетки, покрытые пленочной оболочкой","100 мг, 400 мг, 500 мг",
Резовива,Ибандроновая кислота,"таблетки, покрытые пленочной оболочкой",150 мг,
Резовива,Ибандроновая кислота,раствор для внутривенного введения,1 мг/мл,
Виванат Ромфарм,Ибандроновая кислота,раствор для внутривенного введения,1 мг/мл,
Ибандроновая кислота,Ибандроновая кислота,концентрат для приготовления раствора для инфузий,"2 мг, 6 мг",
Клобир,Клодроновая кислота,капсулы,400 мг,
Дестинил®,Сугаммадекс,раствор для внутривенного введения,100 мг/мл,
Суджекта®,Сугаммадекс,раствор для внутривенного введения,100 мг/мл,
СУГАММАДЕКС ВЕЛФАРМ,Сугаммадекс,раствор для внутривенного введения,100 мг/мл,
Сугаммадекс-Тева,Сугаммадекс,раствор для внутривенного введения,100 мг/мл,
Сугаммадекс Сандоз®,Сугаммадекс,раствор для внутривенного введения,100 мг/мл,
БРАЙКЭПС®,Сугаммадекс,раствор для внутривенного введения,100 мг/мл,
БАЙНДРОК®,Сугаммадекс,раствор для внутривенного введения,100 мг/мл,
Сугаммадекс,Сугаммадекс,раствор для внутривенного введения,100 мг/мл,
Бревикард,Эсмолол,раствор для внутривенного введения,10 мг/мл,
Эсмолол,Эсмолол,раствор для внутривенного введения,10 мг/мл,
Эсмолол,Эсмолол,раствор для внутривенного введения,10 мг/мл,
Бревикард,Эсмолол,раствор для инфузий,10 мг/мл,
Грелорта,Тикагрелор,"таблетки, покрытые пленочной оболочкой","60 мг, 90 мг",
Тикагрелор,Тикагрелор,"таблетки, покрытые пленочной оболочкой","60 мг, 90 мг",
Тикагрелор ПСК,Тикагрелор,"таблетки, покрытые пленочной оболочкой","60 мг, 90 мг",
Тикагрелор,Тикагрелор,"таблетки, покрытые пленочной оболочкой","60 мг, 90 мг",
Катилорикс®,Тикагрелор,"таблетки, покрытые пленочной оболочкой","60 мг, 90 мг",
Тикагрелор Фармасинтез,Тикагрелор,"таблетки, покрытые пленочной оболочкой","60 мг, 90 мг",
Тикагрелор Медисорб,Тикагрелор,"таблетки, покрытые пленочной оболочкой","60 мг, 90 мг",
Тикабрилин,Тикагрелор,"таблетки, покрытые пленочной оболочкой","60 мг, 90 мг",
Тикагрелор - ВЕРТЕКС,Тикагрелор,"таблетки, покрытые пленочной оболочкой","60 мг, 90 мг","Пациенты с непереносимостью лактозы, дефицитом лактазы, глюкозо-галактозной мальабсорбцией"
Рекловента,Тикагрелор,"таблетки, покрытые пленочной оболочкой","60 мг, 90 мг","Пациенты с непереносимостью лактозы, дефицитом лактазы, глюкозо-галактозной мальабсорбцией"
ТИКАГРЕЛОР ВЕЛФАРМ,Тикагрелор,"таблетки, покрытые пленочной оболочкой","60 мг, 90 мг",
Тикагрелор,Тикагрелор,"таблетки, покрытые пленочной оболочкой","60 мг, 90 мг",
Тикагрелор,Тикагрелор,"таблетки, покрытые пленочной оболочкой","60 мг, 90 мг",
Тикагрелор-ЛФ,Тикагрелор,"таблетки, покрытые пленочной оболочкой","60 мг, 90 мг",
Тикагрелор-Амедарт,Тикагрелор,"таблетки, покрытые пленочной оболочкой","60 мг, 90 мг",
Тикагрелор-АМ,Тикагрелор,"таблетки, покрытые пленочной оболочкой","60 мг, 90 мг",
Тикагрелор Кроно,Тикагрелор,"таблетки, покрытые пленочной оболочкой","60 мг, 90 мг",
Тикагрелор,Тикагрелор,"таблетки, покрытые пленочной оболочкой","60 мг, 90 мг",
ТИКАГРЕЛОР,Тикагрелор,"таблетки, покрытые пленочной оболочкой","60 мг, 90 мг",Пациенты с редкой врожденной непереносимостью фруктозы.
ТИКАГРЕЛОР,Тикагрелор,"таблетки, покрытые пленочной оболочкой","60 мг, 90 мг",
Грелорта,Тикагрелор,"таблетки, покрытые пленочной оболочкой","60 мг, 90 мг",
Когавант®,Тикагрелор,"таблетки, покрытые пленочной оболочкой","60 мг, 90 мг",
ТИКАЛИЗИС,Тикагрелор,"таблетки, покрытые пленочной оболочкой","60 мг, 90 мг",
Тикагрелор,Тикагрелор,"таблетки, покрытые пленочной оболочкой","60 мг, 90 мг",
Тигалант,Тикагрелор,"таблетки, покрытые пленочной оболочкой",90 мг,
Валацикловир,Валацикловир,"таблетки, покрытые пленочной оболочкой",500 мг,
Валацикловир,Валацикловир,"таблетки, покрытые пленочной оболочкой",500 мг,
Валацикловир-Фармстандарт,Валацикловир,"таблетки, покрытые пленочной оболочкой",500 мг,
Валацикловир-Тева,Валацикловир,"таблетки, покрытые пленочной оболочкой",500 мг,
Валацикловир,Валацикловир,"таблетки, покрытые пленочной оболочкой","500 мг, 1000 мг",
ВАЛАЦИКЛОВИР-АЛИУМ,Валацикловир,"таблетки, покрытые пленочной оболочкой",500 мг,"Пациенты с непереносимостью лактозы, дефицитом лактазы, глюкозо-галактозной мальабсорбцией"
Валацикловир Канон,Валацикловир,"таблетки, покрытые пленочной оболочкой",500 мг,
Валцикон,Валацикловир,"таблетки, покрытые пленочной оболочкой",500 мг,
Валвир,Валацикловир,"таблетки, покрытые пленочной оболочкой","500 мг, 1000 мг",
Вайрова,Валацикловир,"таблетки, покрытые пленочной оболочкой",500 мг,
Вирдел,Валацикловир,"таблетки, покрытые пленочной оболочкой",500 мг,
Валацикловир,Валацикловир,"таблетки, покрытые пленочной оболочкой","500 мг, 1000 мг",
Валацикловир-Акос,Валацикловир,"таблетки, покрытые пленочной оболочкой",500 мг,
Агтеминол,Агомелатин,"таблетки, покрытые пленочной оболочкой",25 мг,
Агомелатин,Агомелатин,"таблетки, покрытые пленочной оболочкой",25 мг,
Агомелатин Канон,Агомелатин,"таблетки, покрытые пленочной оболочкой",25 мг,
Агомелатин,Агомелатин,"таблетки, покрытые пленочной оболочкой",25 мг,
Солифенацин Канон,Солифенацин,таблетки покрытые пленочной оболочкой,"5 мг, 10 мг",
Солифенацин,Солифенацин,таблетки покрытые пленочной оболочкой,"5 мг, 10 мг",
Ремдеформ,Ремдесивир,лиофилизат для приготовления концентрата для приготовления раствора для инфузий,100 мг,
Ремдесивир ПСК,Ремдесивир,лиофилизат для приготовления концентрата для приготовления раствора для инфузий,100 мг,
РЕМДЕСИВИР,Ремдесивир,лиофилизат для приготовления концентрата для приготовления раствора для инфузий,100 мг,
Бортезомиб,Бортезомиб,лиофилизат для приготовления раствора для внутривенного и подкожного введения,3.5 мг,
Бортезомиб-Тева,Бортезомиб,лиофилизат для приготовления раствора для внутривенного и подкожного введения,3.5 мг,
Бартизар,Бортезомиб,лиофилизат для приготовления раствора для внутривенного и подкожного введения,"2.5 мг, 3.5 мг",
Бартизар,Бортезомиб,лиофилизат для приготовления раствора для внутривенного и подкожного введения,1 мг,
Бортезомиб,Бортезомиб,лиофилизат для приготовления раствора для внутривенного и подкожного введения,3.5 мг,
Бортезомиб-Тева,Бортезомиб,лиофилизат для приготовления раствора для внутривенного и подкожного введения,3.5 мг,
БОРТЕЗОМИБ-ПРОМОМЕД,Бортезомиб,лиофилизат для приготовления раствора для внутривенного и подкожного введения,"2.5 мг, 3 мг, 3.5 мг",
Борамилан,Бортезомиб,лиофилизат для приготовления раствора для внутривенного и подкожного введения,3.5 мг,
Борамилан,Бортезомиб,лиофилизат для приготовления раствора для внутривенного и подкожного введения,"2.5 мг, 3 мг",
Бортезомиб Канон,Бортезомиб,лиофилизат для приготовления раствора для внутривенного и подкожного введения,"2.5 мг, 3 мг, 3.5 мг",
Бортезомиб,Бортезомиб,лиофилизат для приготовления раствора для внутривенного и подкожного введения,"2.5 мг, 3 мг, 3.5 мг",
Верозомиб,Бортезомиб,лиофилизат для приготовления раствора для внутривенного и подкожного введения,3.5 мг,
Боратерин,Бортезомиб,лиофилизат для приготовления раствора для внутривенного и подкожного введения,3.5 мг,
Ликферр100,Железа [III] гидроксид сахарозный комплекс,раствор для внутривенного введения,20 мг/мл,
АлвиферГем,Железа [III] гидроксид сахарозный комплекс,раствор для внутривенного введения,20 мг/мл,
Велферрум®,Железа [III] гидроксид сахарозный комплекс,раствор для внутривенного введения,20 мг/мл,
Железа [III] гидроксид сахарозный комплекс,Железа [III] гидроксид сахарозный комплекс,раствор для внутривенного введения,20 мг/мл,
Железа [III] гидроксид сахарозный комплекс,Железа [III] гидроксид сахарозный комплекс,раствор для внутривенного введения,20 мг/мл,
Железа [III] гидроксид сахарозный комплекс,Железа [III] гидроксид сахарозный комплекс,раствор для внутривенного введения,20 мг/мл,
Бинноферум,Железа [III] гидроксид сахарозный комплекс,раствор для внутривенного введения,20 мг/мл,
Айронгард,Железа [III] гидроксид сахарозный комплекс,раствор для внутривенного введения,20 мг/мл,
Айрондекст,Железа [III] гидроксид сахарозный комплекс,раствор для внутривенного введения,20 мг/мл,
ЖЕЛЕЗА (III) ГИДРОКСИД САХАРОЗНЫЙ КОМПЛЕКС,Железа [III] гидроксид сахарозный комплекс,раствор для внутривенного введения,20 мг/мл,
Железа [III] гидроксид сахарозный комплекс APC,Железа [III] гидроксид сахарозный комплекс,раствор для внутривенного введения,20 мг/мл,
Трикомбия,Железа [III] гидроксид сахарозный комплекс,раствор для внутривенного введения,20 мг/мл,
Виалфер,Железа [III] гидроксид сахарозный комплекс,раствор для внутривенного введения,20 мг/мл,
Железа (III) гидроксид сахарозный комплекс,Железа [III] гидроксид сахарозный комплекс,раствор для внутривенного введения,20 мг/мл,
Илопрост-Фармасинтез,Илопрост,раствор для ингаляций,10 мкг/мл,
Илопера,Илопрост,раствор для ингаляций,10 мкг/мл,
Илопрост ПСК,Илопрост,раствор для ингаляций,10 мкг/мл,
Вебулис,Илопрост,раствор для ингаляций,10 мкг/мл,
Новатрон нео,Сальбутамол,аэрозоль для ингаляций дозированный,100 мкг/доза,
САЛЬБУТАМОЛ-ТЕВА,Сальбутамол,аэрозоль для ингаляций дозированный,100 мкг/доза,
Сальбутамол,Сальбутамол,аэрозоль для ингаляций дозированный,100 мкг/доза,
САЛЬБУТАМОЛ,Сальбутамол,аэрозоль для ингаляций дозированный,100 мкг/доза,
Сальбутамол Эйр,Сальбутамол,аэрозоль для ингаляций дозированный,100 мкг/доза,
ТРЕТИНОИН,Третиноин,капсулы,10 мг,
Ангиофлюкс,Сулодексид,капсулы,250 ЛЕ,
Ангиофлюкс,Сулодексид,раствор для внутривенного и внутримышечного введения,600 ЛЕ/2мл,
Тромболикс® Про,Сулодексид,раствор для внутривенного и внутримышечного введения,600 ЛЕ/2мл,
Вивайра,Силденафил,таблетки жевательные,"25 мг, 50 мг, 100 мг",Пациенты с фенилкетонурией
Максигра,Силденафил,"таблетки, покрытые пленочной оболочкой","25 мг, 50 мг, 100 мг",
СИНЕГРА®,Силденафил,"таблетки, покрытые пленочной оболочкой","50 мг, 100 мг",
Виатайл,Силденафил,"таблетки, покрытые пленочной оболочкой","25 мг, 50 мг, 100 мг",
Силденалав,Силденафил,"таблетки, покрытые пленочной оболочкой","25 мг, 50 мг, 100 мг",
Силденафил-Тева,Силденафил,"таблетки, покрытые пленочной оболочкой","25 мг, 50 мг, 100 мг",
Силденафил-СЗ,Силденафил,"таблетки, покрытые пленочной оболочкой","25 мг, 50 мг, 100 мг",
Визарсин,Силденафил,"таблетки, покрытые пленочной оболочкой","25 мг, 50 мг, 100 мг",
Динамико,Силденафил,"таблетки, покрытые пленочной оболочкой","25 мг, 50 мг, 100 мг",
Силденафил,Силденафил,"таблетки, покрытые пленочной оболочкой","25 мг, 50 мг, 100 мг",
СИЛДЕНАФИЛ,Силденафил,"таблетки, покрытые пленочной оболочкой","25 мг, 50 мг, 100 мг",
СИЛДЕМАКС®,Силденафил,"таблетки, покрытые пленочной оболочкой","25 мг, 50 мг, 100 мг",
Силденафил,Силденафил,"таблетки, покрытые пленочной оболочкой","25 мг, 50 мг, 100 мг",
Силденафил,Силденафил,"таблетки, покрытые пленочной оболочкой","25 мг, 50 мг, 100 мг",
Камастил,Силденафил,"таблетки, покрытые пленочной оболочкой","25 мг, 50 мг, 100 мг",
РАБЕСТРОМ,Силденафил,"пленки, диспергируемые в полости рта","25 мг, 50 мг, 75 мг, 100 мг",
Силденафил Экспресс Канон,Силденафил,"таблетки, диспергируемые в полости рта",50 мг,Пациенты с фенилкетонурией
МОКСИ,Моксифлоксацин,капли глазные,0.5%,
Моксифлоксацин,Моксифлоксацин,капли глазные,0.5%,
Моксифур,Моксифлоксацин,капли глазные,0.5%,
Ксафлом,Моксифлоксацин,капли глазные,0.5%,
Моксиофтан,Моксифлоксацин,капли глазные,0.5%,
Фортимокс,Моксифлоксацин,капли глазные,5 мг/мл,
Моксиграм,Моксифлоксацин,капли глазные,0.5%,
Максифлокс,Моксифлоксацин,капли глазные,5 мг/мл,
Ксифломакс®,Моксифлоксацин,капли глазные,5 мг/мл,
Тимилокс®,Моксифлоксацин,капли глазные,0.5%,
ДляЖенс метри,Диеногест,таблетки,2 мг,
НОРМЕТРИЛЛА,Диеногест,таблетки,2 мг,
Диендал®,Диеногест,таблетки,2 мг,
Метсимта®,Диеногест,таблетки,2 мг,
Эндомеклин®,Диеногест,таблетки,2 мг,
Офтрикс,Тетризолин,капли глазные,0.05%,
ВизОптик,Тетризолин,капли глазные,0.05%,
ОПТИНОЛ® ТЕТРИЗОЛИН,Тетризолин,капли глазные,0.5 мг/мл,
ВИЗОККО® ТЕТРИЗОЛИН,Тетризолин,капли глазные,0.5 мг/мл,
Монтевизин,Тетризолин,капли глазные,0.05%,
Йодискан,Йодиксанол,"раствор для инъекций, приема внутрь и ректального введения","150 мг йода/мл, 270 мг йода/мл, 320 мг йода/мл",
ЙОДИКСАНОЛ,Йодиксанол,раствор для инъекций,"150 мг йода/мл, 270 мг йода/мл, 320 мг йода/мл",
Йодиксанол,Йодиксанол,раствор для инъекций,"270 мг йода/мл, 320 мг йода/мл",
Йодиксанол,Йодиксанол,раствор для инъекций,"150 мг йода/мл, 270 мг йода/мл, 320 мг йода/мл",
Квинлиро,Лираглутид,раствор для подкожного введения,6 мг/мл,
Шугалес,Лираглутид,раствор для подкожного введения,6 мг/мл,
Мелитид,Лираглутид,раствор для подкожного введения,6 мг/мл,
Лакосамид Фармасинтез,Лакосамид,"таблетки, покрытые пленочной оболочкой","50 мг, 100 мг, 150 мг, 200 мг",
Лакосамид,Лакосамид,"таблетки, покрытые пленочной оболочкой","50 мг, 100 мг, 150 мг, 200 мг",
Лакосамид,Лакосамид,"таблетки, покрытые пленочной оболочкой","50 мг, 100 мг, 150 мг, 200 мг",
Лакосамид,Лакосамид,раствор для инфузий,10 мг/мл,
Новолера® ЭПИ,Лакосамид,раствор для приема внутрь,10 мг/мл,
АЛОГЛИПТИН ГЛИКВИТАБС®,Алоглиптин,"таблетки, покрытые пленочной оболочкой","12.5 мг, 25 мг",
Невирапин,Невирапин,суспензия для приема внутрь,10 мг/мл,
Тенофовир ВМ,Тенофовир,"таблетки, покрытые пленочной оболочкой",300 мг,
Тенофовир,Тенофовир,"таблетки, покрытые пленочной оболочкой","150 мг, 300 мг",
ТЕНОФОВИР,Тенофовир,"таблетки, покрытые пленочной оболочкой","150 мг, 300 мг",
Тенофовир-Эдвансд,Тенофовир,"таблетки, покрытые пленочной оболочкой","150 мг, 300 мг",
ТЕНОФОЛЕК®,Тенофовир,"таблетки, покрытые пленочной оболочкой",300 мг,
ТЕНОФ® 300,Тенофовир,"таблетки, покрытые пленочной оболочкой",300 мг,
Пикторид-СОЛОфарм,Пиклоксидин,капли глазные,0.05%,
Пиклосепт,Пиклоксидин,капли глазные,0.5 мг/мл,
Пиклоксидин,Пиклоксидин,капли глазные,0.05%,
ПИКЛОНОРД®,Пиклоксидин,капли глазные,0.5 мг/мл,
Бактавит,Пиклоксидин,капли глазные,0.5 мг/мл,
ОКУЛАРИС® АНТИСЕПТ,Пиклоксидин,капли глазные,0.5 мг/мл,
Ворингин,Вориконазол,лиофилизат для приготовления концентрата для приготовления раствора для инфузий,200 мг,
Вориконазол ПСК,Вориконазол,лиофилизат для приготовления концентрата для приготовления раствора для инфузий,200 мг,
ВОРИЛИОФ,Вориконазол,лиофилизат для приготовления концентрата для приготовления раствора для инфузий,200 мг,
Вориконазол Дж,Вориконазол,лиофилизат для приготовления концентрата для приготовления раствора для инфузий,200 мг,
Вориконазол-Рус,Вориконазол,лиофилизат для приготовления концентрата для приготовления раствора для инфузий,200 мг,
Вориконазол-АМЕДАРТ,Вориконазол,лиофилизат для приготовления концентрата для приготовления раствора для инфузий,200 мг,
Вориконазол,Вориконазол,лиофилизат для приготовления концентрата для приготовления раствора для инфузий,200 мг,
Вориконазол ТРИВИУМ®,Вориконазол,лиофилизат для приготовления концентрата для приготовления раствора для инфузий,200 мг,
Вориконазол,Вориконазол,лиофилизат для приготовления концентрата для приготовления раствора для инфузий,200 мг,
Сальвозол,Вориконазол,лиофилизат для приготовления концентрата для приготовления раствора для инфузий,200 мг,
Вориконазол Сандоз,Вориконазол,"таблетки, покрытые пленочной оболочкой","50 мг, 200 мг",
ВОРИКОЗ,Вориконазол,"таблетки, покрытые пленочной оболочкой","50 мг, 200 мг",
Виканд,Вориконазол,"таблетки, покрытые пленочной оболочкой","50 мг, 200 мг",
Вориконазол Канон,Вориконазол,"таблетки, покрытые пленочной оболочкой","50 мг, 200 мг",
ВОРИКОНАЗОЛ,Вориконазол,"таблетки, покрытые пленочной оболочкой","50 мг, 200 мг",
Бифлурин,Вориконазол,"таблетки, покрытые пленочной оболочкой","50 мг, 200 мг",Пациенты с редкой врожденной непереносимостью фруктозы.
Вориконазол Кроно,Вориконазол,порошок для приготовления суспензии для приема внутрь,40 мг/мл,
Каботегравир,Каботегравир,"таблетки, покрытые пленочной оболочкой",30 мг,
Амбризентан-29Ф,Амбризентан,"таблетки, покрытые пленочной оболочкой","5 мг, 10 мг",
Амбризентан Канон,Амбризентан,"таблетки, покрытые пленочной оболочкой","5 мг, 10 мг",
Амбризентан ПСК,Амбризентан,"таблетки, покрытые пленочной оболочкой","5 мг, 10 мг",
Дифендум,Диклофенак,капсулы,"12.5 мг, 25 мг",Пациенты с редкой врожденной непереносимостью фруктозы.
ДиклАртис®,Диклофенак,пластырь трансдермальный,15 мг/сут,
ДИКЛОФЕНАК,Диклофенак,пластырь трансдермальный,15 мг/сут,
Диклоген,Диклофенак,раствор для внутримышечного введения,25 мг/мл,
Диклофенак,Диклофенак,раствор для внутримышечного введения,25 мг/мл,
Диклофенак Реневал,Диклофенак,раствор для внутримышечного введения,25 мг/мл,
Диклофенак,Диклофенак,раствор для внутримышечного введения,25 мг/мл,
Ортофер,Диклофенак,раствор для внутримышечного введения,25 мг/мл,
ВЕЛТАВЕЛ,Диклофенак,раствор для внутримышечного введения,25 мг/мл,
ДИКЛОФЕНАК,Диклофенак,раствор для внутримышечного введения,25 мг/мл,
Диклофенак,Диклофенак,раствор для внутримышечного введения,25 мг/мл,
Наклофен,Диклофенак,раствор для внутримышечного введения,75 мг/3 мл,
Диклофенак,Диклофенак,раствор для внутримышечного введения,25 мг/мл,
Диклофенак,Диклофенак,раствор для внутримышечного введения,25 мг/мл,
Диклофенак,Диклофенак,раствор для внутримышечного введения,75 мг/3 мл,
Диклофенак,Диклофенак,раствор для внутримышечного введения,25 мг/мл,
Диклофенак,Диклофенак,раствор для внутримышечного введения,75 мг/3 мл,
Диклофенак,Диклофенак,раствор для внутримышечного введения,25 мг/мл,
Диклофенак-АКОС,Диклофенак,раствор для внутримышечного введения,25 мг/мл,
Диклофенак,Диклофенак,раствор для внутримышечного введения,25 мг/мл,
Диклофенак Велфарм,Диклофенак,раствор для внутримышечного введения,25 мг/мл,
Диклофенак,Диклофенак,раствор для внутримышечного введения,25 мг/мл,
Диклофарм,Диклофенак,раствор для внутримышечного введения,25 мг/мл,
Диклофенак,Диклофенак,раствор для внутримышечного введения,25 мг/мл,
ПАЗОПАНИБ-ПРОМОМЕД,Пазопаниб,"таблетки, покрытые пленочной оболочкой","200 мг, 400 мг",
Пазопаниб-Фарм-Синтез,Пазопаниб,"таблетки, покрытые пленочной оболочкой","200 мг, 400 мг","Пациенты с непереносимостью лактозы, дефицитом лактазы, глюкозо-галактозной мальабсорбцией"
Амезопан,Пазопаниб,"таблетки, покрытые пленочной оболочкой","200 мг, 400 мг",
Гадобускан®,Гадобутрол,раствор для внутривенного введения,1 ммоль/мл,
Гадобутрол,Гадобутрол,раствор для внутривенного введения,1 ммоль/мл,
Гадобутрол,Гадобутрол,раствор для внутривенного введения,1 ммоль/мл,
Гадобутрол-ТЛ,Гадобутрол,раствор для внутривенного введения,1 ммоль/мл,
Гадобутрол,Гадобутрол,раствор для внутривенного введения,1 ммоль/мл,
ТАМЕРОН,Аминодигидрофталазиндион натрия,лиофилизат для приготовления раствора для внутримышечного введения,100 мг,
Тамерит,Аминодигидрофталазиндион натрия,лиофилизат для приготовления раствора для внутримышечного введения,100 мг,
Вилдаглиптин,Вилдаглиптин,таблетки,50 мг,
Вилдаглиптин Фармасинтез,Вилдаглиптин,таблетки,50 мг,
ВИЛДАГЛИПТИН ГЛИКВИТАБС®,Вилдаглиптин,таблетки,50 мг,
Вилдаглиптин Реневал,Вилдаглиптин,таблетки,50 мг,
Вилдаглиптин-СЗ,Вилдаглиптин,таблетки,50 мг,
ВИЛДАГЛИПТИН,Вилдаглиптин,таблетки,50 мг,
Вилдаглиптин Канон,Вилдаглиптин,таблетки,50 мг,
Вилдаглиптин,Вилдаглиптин,таблетки,50 мг,
Вилдаглиптин,Вилдаглиптин,таблетки,50 мг,
Глидави,Вилдаглиптин,таблетки,50 мг,
Вилдаглиптин ПСК,Вилдаглиптин,таблетки,50 мг,
Илдиглип,Вилдаглиптин,таблетки,50 мг,
ВИЛДАРИЛ,Вилдаглиптин,таблетки,50 мг,
Вилдус,Вилдаглиптин,таблетки,50 мг,
Вилдаглиптин-ВЕРТЕКС,Вилдаглиптин,таблетки,50 мг,
Вилдаглиптин,Вилдаглиптин,таблетки,50 мг,
Вилдаглиптин,Вилдаглиптин,таблетки,50 мг,
Глипвило®,Вилдаглиптин,таблетки,50 мг,
Галоперидол,Галоперидол,раствор для внутривенного и внутримышечного введения,5 мг/мл,
Галоперидол-Ферейн®,Галоперидол,раствор для внутривенного и внутримышечного введения,5 мг/мл,
Галоперидол Велфарм,Галоперидол,раствор для внутривенного и внутримышечного введения,5 мг/мл,
Галоперидол,Галоперидол,раствор для внутримышечного введения,5 мг/мл,
Галоперидол,Галоперидол,раствор для внутримышечного введения,5 мг/мл,
Итоприд,Итоприд,"таблетки, покрытые пленочной оболочкой",50 мг,
Итопра,Итоприд,"таблетки, покрытые пленочной оболочкой",50 мг,
Итоприд-СЗ,Итоприд,"таблетки, покрытые пленочной оболочкой",50 мг,
Итоприд Реневал,Итоприд,"таблетки, покрытые пленочной оболочкой",50 мг,Пациенты с непереносимостью фруктозы
Итоприд,Итоприд,"таблетки, покрытые пленочной оболочкой",50 мг,
Итоприд Канон,Итоприд,"таблетки, покрытые пленочной оболочкой",50 мг,
Итоприд-ВЕРТЕКС,Итоприд,"таблетки, покрытые пленочной оболочкой",50 мг,
ИТОПРИД,Итоприд,"таблетки, покрытые пленочной оболочкой",50 мг,
Итомед,Итоприд,"таблетки, покрытые пленочной оболочкой",50 мг,
Итоприд,Итоприд,"таблетки, покрытые пленочной оболочкой",50 мг,Пациенты с непереносимостью фруктозы
Актиприд Солюшн Таблетс,Итоприд,таблетки диспергируемые,50 мг,Пациенты с фенилкетонурией
Гелангин флекс,Гексэтидин,аэрозоль для местного применения,0.2%,
ГЕКСЭТИДИН,Гексэтидин,аэрозоль для местного применения,0.2%,
Гексэтидин,Гексэтидин,аэрозоль для местного применения,0.2%,
Максиколд Лор,Гексэтидин,спрей для местного применения,0.2%,
ФАРИНОРМ® Гексэтидин,Гексэтидин,спрей для местного применения,0.2%,
Стопангин®-Тева,Гексэтидин,спрей для местного применения,0.2%,
Гексэтидин-Акрихин,Гексэтидин,спрей для местного применения,0.2%,
Гелангин нова,Гексэтидин,раствор для местного применения,0.1%,
ГЕКСЭТИДИН,Гексэтидин,раствор для местного применения,0.1%,
ГЕКСЭТИДИН,Гексэтидин,раствор для местного применения,0.1%,
Стоматидин®,Гексэтидин,раствор для местного применения,0.1%,
Гемцитабин,Гемцитабин,концентрат для приготовления раствора для инфузий,40 мг/мл,
Гемцитабин-АМЕДАРТ,Гемцитабин,концентрат для приготовления раствора для инфузий,10 мг/мл,
Гемцитабин-Эбеве,Гемцитабин,концентрат для приготовления раствора для инфузий,10 мг/мл,
Гемцитабин-Тева,Гемцитабин,лиофилизат для приготовления концентрата для приготовления раствора для инфузий,"200 мг, 1000 мг",
Гемцитабин-Келун-Казфарм,Гемцитабин,лиофилизат для приготовления концентрата для приготовления раствора для инфузий,"200 мг, 1000 мг",
Гемцивин,Гемцитабин,лиофилизат для приготовления концентрата для приготовления раствора для инфузий,"200 мг, 1000 мг, 1400 мг, 1500 мг",
ГЕМЦИТАБИН-ПРОМОМЕД,Гемцитабин,лиофилизат для приготовления концентрата для приготовления раствора для инфузий,"200 мг, 1000 мг, 1400 мг, 1500 мг",
Гемцитабин-АМЕДАРТ,Гемцитабин,лиофилизат для приготовления концентрата для приготовления раствора для инфузий,"200 мг, 1000 мг, 1400 мг, 1500 мг",
Онгецин,Гемцитабин,лиофилизат для приготовления концентрата для приготовления раствора для инфузий,"200 мг, 1000 мг",
Гемцитар,Гемцитабин,лиофилизат для приготовления концентрата для приготовления раствора для инфузий,"200 мг, 1000 мг",
Гемцитабин-РОНЦ,Гемцитабин,лиофилизат для приготовления концентрата для приготовления раствора для инфузий,"200 мг, 1000 мг",
Гемцитабин,Гемцитабин,лиофилизат для приготовления раствора для инфузий,"200 мг, 1000 мг",
Гемцитабин медак,Гемцитабин,лиофилизат для приготовления раствора для инфузий,"200 мг, 1000 мг, 1500 мг",
Гемцитабин-Рус,Гемцитабин,лиофилизат для приготовления раствора для инфузий,"200 мг, 1000 мг",
Гемцитабин,Гемцитабин,лиофилизат для приготовления раствора для инфузий,"200 мг, 1000 мг",
Гемтаз,Гемцитабин,лиофилизат для приготовления раствора для инфузий,"200 мг, 1000 мг",
Гемцитовер,Гемцитабин,лиофилизат для приготовления раствора для инфузий,"200 мг, 1000 мг",
Гемита,Гемцитабин,лиофилизат для приготовления раствора для инфузий,"200 мг, 1000 мг, 1400 мг",
Гемтакс онко,Гемцитабин,лиофилизат для приготовления раствора для инфузий,"200 мг, 1000 мг",
Самеликс,Адеметионин,лиофилизат для приготовления раствора для внутривенного и внутримышечного введения,400 мг,
Гептразан,Адеметионин,лиофилизат для приготовления раствора для внутривенного и внутримышечного введения,400 мг,
Гепаретта,Адеметионин,лиофилизат для приготовления раствора для внутривенного и внутримышечного введения,400 мг,
Гепцифол экспресс,Адеметионин,лиофилизат для приготовления раствора для внутривенного и внутримышечного введения,400 мг,
Адеметионин ПСК,Адеметионин,лиофилизат для приготовления раствора для внутривенного и внутримышечного введения,400 мг,
Адеметионин,Адеметионин,лиофилизат для приготовления раствора для внутривенного и внутримышечного введения,400 мг,
Аметрал®,Адеметионин,лиофилизат для приготовления раствора для внутривенного и внутримышечного введения,400 мг,
Адеметионин-Ферейн®,Адеметионин,лиофилизат для приготовления раствора для внутривенного и внутримышечного введения,400 мг,
РЕГЕПАТОН®,Адеметионин,лиофилизат для приготовления раствора для внутривенного и внутримышечного введения,400 мг,
АДЕМЕТИОНИН,Адеметионин,лиофилизат для приготовления раствора для внутривенного и внутримышечного введения,400 мг,
ГЕПРЕДА,Адеметионин,лиофилизат для приготовления раствора для внутривенного и внутримышечного введения,400 мг,
Гептор,Адеметионин,лиофилизат для приготовления раствора для внутривенного и внутримышечного введения,400 мг,
Гертикад,Трастузумаб,лиофилизат для приготовления концентрата для приготовления раствора для инфузий,"150 мг, 440 мг",
Трастузумаб,Трастузумаб,лиофилизат для приготовления концентрата для приготовления раствора для инфузий,"150 мг, 440 мг",
Трастузумаб,Трастузумаб,лиофилизат для приготовления концентрата для приготовления раствора для инфузий,"150 мг, 440 мг",
Гидазепам®,Гидразинокарбонилметилбромфенилдигидробенздиазепин,таблетки,"20 мг, 50 мг",
Веротекан,Топотекан,лиофилизат для приготовления раствора для инфузий,1 мг,
Топотекан-Тева,Топотекан,лиофилизат для приготовления раствора для инфузий,"1 мг, 4 мг",
Веротекан,Топотекан,лиофилизат для приготовления раствора для инфузий,4 мг,
Несклер,Финголимод,капсулы,0.5 мг,
Лифеспан®,Финголимод,капсулы,0.5 мг,
Финголимод Канон,Финголимод,капсулы,0.5 мг,
Склимод®,Финголимод,капсулы,0.5 мг,
Афатиниб,Афатиниб,"таблетки, покрытые пленочной оболочкой","20 мг, 30 мг, 40 мг, 50 мг",
АФАТИНИБ-ПРОМОМЕД,Афатиниб,"таблетки, покрытые пленочной оболочкой","20 мг, 30 мг, 40 мг, 50 мг",
Гидрохлоротиазид,Гидрохлоротиазид,таблетки,25 мг,
Холитилин,Холина альфосцерат,капсулы,400 мг,
Церетон®,Холина альфосцерат,капсулы,400 мг,
Церепро,Холина альфосцерат,капсулы,400 мг,
Холи-Альфа,Холина альфосцерат,раствор для внутримышечного введения и инфузий,250 мг/мл,
ХОЛИБРЕЙН,Холина альфосцерат,раствор для внутримышечного введения и инфузий,1000 мг,
Холитилин,Холина альфосцерат,раствор для внутривенного и внутримышечного введения,250 мг/мл,
ЦЕРЕБРОФОРС®,Холина альфосцерат,раствор для внутривенного и внутримышечного введения,250 мг/мл,
Нооприн,Холина альфосцерат,раствор для внутривенного и внутримышечного введения,250 мг/мл,
Холина альфосцерат,Холина альфосцерат,раствор для внутривенного и внутримышечного введения,250 мг/мл,
Ноохолин Ромфарм,Холина альфосцерат,раствор для внутривенного и внутримышечного введения,250 мг/мл,
Холина альфосцерат,Холина альфосцерат,раствор для внутривенного и внутримышечного введения,250 мг/мл,
Холина альфосцерат,Холина альфосцерат,раствор для внутривенного и внутримышечного введения,250 мг/мл,
Церетон®,Холина альфосцерат,раствор для внутривенного и внутримышечного введения,250 мг/мл,
Холина альфосцерат,Холина альфосцерат,раствор для внутривенного и внутримышечного введения,250 мг/мл,
ЛОГАЦЕР,Холина альфосцерат,раствор для внутривенного и внутримышечного введения,250 мг/мл,
Холина альфосцерат,Холина альфосцерат,раствор для внутривенного и внутримышечного введения,250 мг/мл,
ГЛИАТАБ®-250,Холина альфосцерат,раствор для внутривенного и внутримышечного введения,250 мг/мл,
Холина альфосцерат,Холина альфосцерат,раствор для внутривенного и внутримышечного введения,250 мг/мл,
Холина альфосцерат,Холина альфосцерат,раствор для внутривенного и внутримышечного введения,250 мг/мл,
Холина альфосцерат,Холина альфосцерат,раствор для внутривенного и внутримышечного введения,250 мг/мл,
Глеацер,Холина альфосцерат,раствор для внутривенного и внутримышечного введения,250 мг/мл,
Церепро,Холина альфосцерат,раствор для внутривенного и внутримышечного введения,250 мг/мл,
Церпехол,Холина альфосцерат,раствор для приема внутрь,600 мг/7 мл,
ЦЕРЕБРОФОРС®,Холина альфосцерат,раствор для приема внутрь,600 мг/7 мл,
Иматиниб,Иматиниб,капсулы,"50 мг, 100 мг",
Иматиниб,Иматиниб,капсулы,100 мг,
Филахромин,Иматиниб,капсулы,"50 мг, 100 мг",
Иматиб,Иматиниб,капсулы,"50 мг, 100 мг",
Неопакс,Иматиниб,капсулы,"100 мг, 400 мг",
Иматиниб-Тева,Иматиниб,капсулы,100 мг,
Имвек,Иматиниб,капсулы,"50 мг, 100 мг",
Иматиниб-Сигардис,Иматиниб,капсулы,"100 мг, 200 мг, 400 мг","Пациенты с непереносимостью лактозы, дефицитом лактазы, глюкозо-галактозной мальабсорбцией"
ИМАТИНИБ-ТЛ,Иматиниб,капсулы,"50 мг, 100 мг",
ИМАТИНИБ ГРИНДЕКС,Иматиниб,капсулы,100 мг,
Иматиниб,Иматиниб,"таблетки, покрытые пленочной оболочкой","100 мг, 400 мг",
Иматиниб,Иматиниб,"таблетки, покрытые пленочной оболочкой","100 мг, 400 мг","Пациенты с непереносимостью лактозы, дефицитом лактазы, глюкозо-галактозной мальабсорбцией"
Иматиниб,Иматиниб,"таблетки, покрытые пленочной оболочкой","100 мг, 400 мг",
Цитониб®онко,Иматиниб,"таблетки, покрытые пленочной оболочкой","100 мг, 400 мг",
Метформин-Акрихин,Метформин,"таблетки, покрытые пленочной оболочкой","850 мг, 1000 мг",
МЕТФОРМИН,Метформин,"таблетки, покрытые пленочной оболочкой","500 мг, 850 мг, 1000 мг",
МЕТФОРМИН,Метформин,"таблетки, покрытые пленочной оболочкой","500 мг, 850 мг, 1000 мг",
Метформин-ВЕРТЕКС,Метформин,"таблетки, покрытые пленочной оболочкой",1000 мг,
Метформин Канон,Метформин,"таблетки, покрытые пленочной оболочкой","500 мг, 850 мг, 1000 мг",
Сиофор® 500,Метформин,"таблетки, покрытые пленочной оболочкой",500 мг,
Сиофор®  850,Метформин,"таблетки, покрытые пленочной оболочкой",850 мг,
Сиофор® 1000,Метформин,"таблетки, покрытые пленочной оболочкой",1000 мг,
Метформин-Тева,Метформин,"таблетки, покрытые пленочной оболочкой","500 мг, 850 мг, 1000 мг",
Метформин-ВЕРТЕКС,Метформин,"таблетки, покрытые пленочной оболочкой","500 мг, 850 мг",
Метформин Реневал,Метформин,"таблетки, покрытые пленочной оболочкой","500 мг, 850 мг, 1000 мг",
Метформин,Метформин,"таблетки, покрытые пленочной оболочкой","500 мг, 850 мг, 1000 мг",
Метформин Медисорб,Метформин,"таблетки, покрытые пленочной оболочкой","500 мг, 850 мг, 1000 мг",
Метформин Санофи,Метформин,"таблетки, покрытые пленочной оболочкой","500 мг, 850 мг, 1000 мг",
Метформин,Метформин,"таблетки, покрытые пленочной оболочкой","500 мг, 1000 мг","Пациенты с непереносимостью лактозы, дефицитом лактазы, глюкозо-галактозной мальабсорбцией"
Метформин,Метформин,"таблетки, покрытые пленочной оболочкой","500 мг, 850 мг, 1000 мг","Пациенты с непереносимостью лактозы, дефицитом лактазы, глюкозо-галактозной мальабсорбцией"
Форметин,Метформин,таблетки,"500 мг, 850 мг, 1000 мг",
Метформин,Метформин,таблетки,"500 мг, 850 мг, 1000 мг",
Метформин-СЗ Лонг,Метформин,таблетки с пролонгированным высвобождением,"500 мг, 750 мг, 1000 мг",
МЕТФОРМИН ВЕЛФАРМ ЛОНГ,Метформин,таблетки с пролонгированным высвобождением,"500 мг, 750 мг, 1000 мг",
Сиофор® Лонг,Метформин,таблетки с пролонгированным высвобождением,"500 мг, 750 мг, 1000 мг",
ГЛЮКОГАММА,Метформин,таблетки с пролонгированным высвобождением,"500 мг, 750 мг, 850 мг, 1000 мг",
Форметин® Лонг,Метформин,"таблетки с пролонгированным высвобождением, покрытые пленочной оболочкой","500 мг, 750 мг, 850 мг, 1000 мг","Пациенты с непереносимостью лактозы, дефицитом лактазы, глюкозо-галактозной мальабсорбцией"
Метформин Лонг 750,Метформин,таблетки с пролонгированным высвобождением,750 мг,
Метформин лонг,Метформин,"таблетки с пролонгированным высвобождением, покрытые пленочной оболочкой","850 мг, 1000 мг","Пациенты с непереносимостью лактозы, дефицитом лактазы, глюкозо-галактозной мальабсорбцией"
Метформин Пролонг-Акрихин,Метформин,"таблетки с пролонгированным высвобождением, покрытые пленочной оболочкой",1000 мг,
Метформин Лонг 1000,Метформин,таблетки с пролонгированным высвобождением,1000 мг,
Метформин солофарм,Метформин,таблетки с пролонгированным высвобождением,1000 мг,
Примапур®,Фоллитропин альфа,раствор для подкожного введения,"22 мкг/0.5 мл, 33 мкг/0.75 мл, 66 мкг/1.5 мл",
Бэмфола,Фоллитропин альфа,раствор для подкожного введения,"5.5 мкг/0.125 мл, 11 мкг/0.25 мл, 16.5 мкг/0.375 мл, 22 мкг/0.5 мл, 33 мкг/0.75 мл, 66 мкг/1.5 мл",
Грандапам,Тофизопам,таблетки,50 мг,
Грандолика,Тофизопам,таблетки,50 мг,
Тофизопам,Тофизопам,таблетки,50 мг,
Тофизопам-СЗ,Тофизопам,таблетки,50 мг,
Регулакс® Пикосульфат,Натрия пикосульфат,капли для приема внутрь,7.5 мг/мл,
Натрия пикосульфат,Натрия пикосульфат,капли для приема внутрь,7.5 мг/мл,
Гутафлос,Натрия пикосульфат,капли для приема внутрь,7.5 мг/мл,
Натрия пикосульфат,Натрия пикосульфат,капли для приема внутрь,7.5 мг/мл,
Слабикап,Натрия пикосульфат,капли для приема внутрь,7.5 мг/мл,
СЛАБИДОЛ®КАП,Натрия пикосульфат,капли для приема внутрь,7.5 мг/мл,
Слабилен,Натрия пикосульфат,капли для приема внутрь,7.5 мг/мл,
Пикеале,Натрия пикосульфат,капли для приема внутрь,7.5 мг/мл,
Эваксил® дропс,Натрия пикосульфат,капли для приема внутрь,7.5 мг/мл,
Пикосульфат ФТ,Натрия пикосульфат,капли для приема внутрь,7.5 мг/мл,
Гуттасил®,Натрия пикосульфат,капли для приема внутрь,7.5 мг/мл,
Пикорегулон®,Натрия пикосульфат,капли для приема внутрь,7.5 мг/мл,
Консулакс-НП,Натрия пикосульфат,капли для приема внутрь,7.5 мг/мл,
ГУТТАПРО,Натрия пикосульфат,капли для приема внутрь,7.5 мг/мл,
ГУТТАКАП,Натрия пикосульфат,капли для приема внутрь,7.5 мг/мл,
ЭРКАЛАКС,Натрия пикосульфат,капли для приема внутрь,7.5 мг/мл,
Натрия пикосульфат,Натрия пикосульфат,капли для приема внутрь,7.5 мг/мл,
Пикодинар,Натрия пикосульфат,капли для приема внутрь,7.5 мг/мл,
Эваксил® табс,Натрия пикосульфат,таблетки,5 мг,
Тедуглутид ПСК,Тедуглутид,лиофилизат для приготовления раствора для подкожного введения,5 мг,
Эмисифера®,Тедуглутид,лиофилизат для приготовления раствора для подкожного введения,5 мг,
Тедуглутид,Тедуглутид,лиофилизат для приготовления раствора для подкожного введения,5 мг,
ДАКЛАТАСВИР-ТЛ,Даклатасвир,"таблетки, покрытые пленочной оболочкой","30 мг, 60 мг",
Даклатасвир-АЛВИЛС,Даклатасвир,"таблетки, покрытые пленочной оболочкой","30 мг, 60 мг",
Даклатасвир Фармасинтез,Даклатасвир,"таблетки, покрытые пленочной оболочкой","30 мг, 60 мг",
Децитабин,Децитабин,лиофилизат для приготовления концентрата для приготовления раствора для инфузий,50 мг,
Децитабин-Санмун,Децитабин,лиофилизат для приготовления концентрата для приготовления раствора для инфузий,50 мг,
Децитабин-АМЕДАРТ,Децитабин,лиофилизат для приготовления концентрата для приготовления раствора для инфузий,50 мг,
Децитабин Эльфа®,Децитабин,лиофилизат для приготовления концентрата для приготовления раствора для инфузий,50 мг,
Экоклиндин,Клиндамицин,суппозитории вагинальные,100 мг,
Алфупрост® МР,Алфузозин,таблетки с пролонгированным высвобождением,10 мг,"Пациенты с непереносимостью лактозы, дефицитом лактазы, глюкозо-галактозной мальабсорбцией"
Даратумиа®,Даратумумаб,концентрат для приготовления раствора для инфузий,20 мг/мл,
Декскетопрофен Органика,Декскетопрофен,раствор для внутривенного и внутримышечного введения,25 мг/мл,
Декспейн,Декскетопрофен,раствор для внутривенного и внутримышечного введения,25 мг/мл,
КЕТОДЕКСАЛ,Декскетопрофен,раствор для внутривенного и внутримышечного введения,25 мг/мл,
Декскетопрофен,Декскетопрофен,раствор для внутривенного и внутримышечного введения,25 мг/мл,
Фламадекс,Декскетопрофен,раствор для внутривенного и внутримышечного введения,25 мг/мл,
Декскетопрофен-Белмед,Декскетопрофен,раствор для внутривенного и внутримышечного введения,25 мг/мл,
ДЕКСОНАЛ®,Декскетопрофен,раствор для внутривенного и внутримышечного введения,25 мг/мл,
Декскетопрофен-Эво,Декскетопрофен,раствор для внутривенного и внутримышечного введения,25 мг/мл,
ДЕКСКЕТОПРОФЕН,Декскетопрофен,раствор для внутривенного и внутримышечного введения,25 мг/мл,
МАКСАЛГИН,Декскетопрофен,раствор для внутривенного и внутримышечного введения,25 мг/мл,
Риклинг,Декскетопрофен,раствор для внутривенного и внутримышечного введения,25 мг/мл,
Декскетопрофен Реневал,Декскетопрофен,раствор для внутривенного и внутримышечного введения,50 мг,
Дексиакс,Декскетопрофен,раствор для внутривенного и внутримышечного введения,25 мг/мл,
Велдексал,Декскетопрофен,"таблетки, покрытые пленочной оболочкой",25 мг,
Декскетопрофен,Декскетопрофен,"таблетки, покрытые пленочной оболочкой",25 мг,
Дексиакс,Декскетопрофен,"таблетки, покрытые пленочной оболочкой",25 мг,
Дексолитин,Декскетопрофен,"таблетки, покрытые пленочной оболочкой",25 мг,
Декскетопрофен-СЗ,Декскетопрофен,"таблетки, покрытые пленочной оболочкой",25 мг,
Декскетопрофен Медисорб,Декскетопрофен,"таблетки, покрытые пленочной оболочкой",25 мг,
Риклинг,Декскетопрофен,"таблетки, покрытые пленочной оболочкой",25 мг,"Пациенты с непереносимостью лактозы, дефицитом лактазы, глюкозо-галактозной мальабсорбцией"
Декскетопрофен КЕРН ФАРМА,Декскетопрофен,"таблетки, покрытые пленочной оболочкой",25 мг,
Декскетопрофен-ВЕРТЕКС,Декскетопрофен,"таблетки, покрытые пленочной оболочкой",25 мг,
Декскетопрофен ЛЕКАС,Декскетопрофен,"таблетки, покрытые пленочной оболочкой",25 мг,"Пациенты с непереносимостью лактозы, дефицитом лактазы, глюкозо-галактозной мальабсорбцией"
Дексонал,Декскетопрофен,"таблетки, покрытые пленочной оболочкой",25 мг,
Фламадекс,Декскетопрофен,"таблетки, покрытые пленочной оболочкой",25 мг,
Добралгин Табл,Декскетопрофен,"таблетки, покрытые пленочной оболочкой",25 мг,
Декскетопрофен Реневал,Декскетопрофен,"таблетки, покрытые пленочной оболочкой",25 мг,
Декскетопрофен Велфарм,Декскетопрофен,"таблетки, покрытые пленочной оболочкой",25 мг,
МАКСАЛГИН,Декскетопрофен,"таблетки, покрытые пленочной оболочкой",25 мг,
Декскетопрофен Органика,Декскетопрофен,"таблетки, покрытые пленочной оболочкой",25 мг,
Инфен-25,Декскетопрофен,"таблетки, покрытые пленочной оболочкой",25 мг,
Декскетопрофен ФВ,Декскетопрофен,порошок для приготовления раствора для приема внутрь,25 мг,"Пациенты с непереносимостью лактозы, дефицитом лактазы, глюкозо-галактозной мальабсорбцией"
БРАЮЛЛА,Декскетопрофен,порошок для приготовления раствора для приема внутрь,25 мг,Пациенты с фенилкетонурией
Байдексан,Дексмедетомидин,концентрат для приготовления раствора для инфузий,100 мкг/мл,
Дексто,Дексмедетомидин,концентрат для приготовления раствора для инфузий,100 мкг/мл,
Дексмедетомидин,Дексмедетомидин,концентрат для приготовления раствора для инфузий,100 мкг/мл,
Симпадекс,Дексмедетомидин,концентрат для приготовления раствора для инфузий,100 мкг/мл,
Дексмедетомидин,Дексмедетомидин,концентрат для приготовления раствора для инфузий,100 мкг/мл,
Дексмедетомидин Эвер Фарма,Дексмедетомидин,концентрат для приготовления раствора для инфузий,100 мкг/мл,
Деметодин,Дексмедетомидин,концентрат для приготовления раствора для инфузий,100 мкг/мл,
Дексмедетомидин,Дексмедетомидин,концентрат для приготовления раствора для инфузий,100 мкг/мл,
ВИТРИДИНОЛ®,Висмута трикалия дицитрат,"таблетки, покрытые пленочной оболочкой",120 мг,
ЛЕКНОЛ,Висмута трикалия дицитрат,"таблетки, покрытые пленочной оболочкой",120 мг,
Брайтвис,Висмута трикалия дицитрат,"таблетки, покрытые пленочной оболочкой",120 мг,
ВИСМУТА ТРИКАЛИЯ ДИЦИТРАТ,Висмута трикалия дицитрат,"таблетки, покрытые пленочной оболочкой",120 мг,
Конвулекс,Вальпроевая кислота,раствор для внутривенного введения,100 мг/мл,
МИРОДЕП®,Вальпроевая кислота,раствор для внутривенного введения,100 мг/мл,
Вальпросан®ЭПИ,Вальпроевая кислота,"сироп, [ДЛЯ ДЕТЕЙ]",50 мг/мл,
Конвулекс,Вальпроевая кислота,"сироп, [ДЛЯ ДЕТЕЙ]",50 мг/мл,
Конвулекс,Вальпроевая кислота,капли для приема внутрь,300 мг/мл,
Вальпросан®ЭПИ,Вальпроевая кислота,капли для приема внутрь,300 мг/мл,
ВАЛЬПАРИН ХР,Вальпроевая кислота,таблетки пролонгированного действия покрытые пленочной оболочкой,"300 мг, 500 мг",
Конвулекс®,Вальпроевая кислота,"таблетки с пролонгированным высвобождением, покрытые пленочной оболочкой","300 мг, 500 мг",
МИРОДЕП® лонг,Вальпроевая кислота,"таблетки с пролонгированным высвобождением, покрытые пленочной оболочкой","300 мг, 500 мг",
Энкорат хроно®,Вальпроевая кислота,"таблетки с пролонгированным высвобождением, покрытые пленочной оболочкой","200 мг, 300 мг, 500 мг",
Конвулекс,Вальпроевая кислота,капсулы кишечнорастворимые,"150 мг, 300 мг, 500 мг",Пациенты с редкой врожденной непереносимостью фруктозы.
Парацетамол,Парацетамол,раствор для приема внутрь,25 мг/мл,Пациенты с редкой врожденной непереносимостью фруктозы или глюкозо-галактозной мальабсорбцией.
Парацетамол,Парацетамол,раствор для приема внутрь,24 мг/мл,
Эффералган,Парацетамол,раствор для приема внутрь,30 мг/мл,Пациенты с редкой врожденной непереносимостью фруктозы или глюкозо-галактозной мальабсорбцией.
Парацетамол детский,Парацетамол,суспензия для приема внутрь,120 мг/5 мл,Пациенты с редкой врожденной непереносимостью фруктозы или глюкозо-галактозной мальабсорбцией.
Парацетамол-АКОС,Парацетамол,суспензия для приема внутрь,120 мг/5 мл,"Пациенты с дефицитом сахаразы/изомальтазы, непереносимостью фруктозы, глюкозо-галактозной мальабсорбцией"
Парацетамол детский,Парацетамол,суспензия для приема внутрь,120 мг/5 мл,
Деферазирокс ПСК,Деферазирокс,"таблетки, покрытые пленочной оболочкой","90 мг, 180 мг, 360 мг",
Дефезир®,Деферазирокс,"таблетки, покрытые пленочной оболочкой","90 мг, 180 мг, 360 мг",
Деферазирокс-АМЕДАРТ,Деферазирокс,"таблетки, покрытые пленочной оболочкой","90 мг, 180 мг, 360 мг",
Деферазирокс Канон,Деферазирокс,"таблетки, покрытые пленочной оболочкой","90 мг, 180 мг, 360 мг",
Деферазирокс Дж,Деферазирокс,"таблетки, покрытые пленочной оболочкой","90 мг, 180 мг, 360 мг","Пациенты с непереносимостью лактозы, дефицитом лактазы, глюкозо-галактозной мальабсорбцией"
ДЕФЕРАЗИРОКС ВЕЛФАРМ,Деферазирокс,"таблетки, покрытые пленочной оболочкой","90 мг, 180 мг, 360 мг",
Ферлиганд,Деферазирокс,"таблетки, покрытые пленочной оболочкой","90 мг, 180 мг, 360 мг","Пациенты с непереносимостью лактозы, дефицитом лактазы, глюкозо-галактозной мальабсорбцией"
ДЕФЕРАЗИРОКС,Деферазирокс,капсулы,"90 мг, 180 мг, 360 мг",
Руксолитиниб Фармасинтез,Руксолитиниб,таблетки,"5 мг, 15 мг, 20 мг",
АРЦЕВИА®,Руксолитиниб,таблетки,"5 мг, 15 мг, 20 мг",
Руксолитиниб-Промомед,Руксолитиниб,таблетки,"5 мг, 15 мг, 20 мг",
ЭМПАГЛИФЛОЗИН ГЛИКВИТАБС®,Эмпаглифлозин,"таблетки, покрытые пленочной оболочкой","10 мг, 25 мг",
Флоэмпа,Эмпаглифлозин,"таблетки, покрытые пленочной оболочкой","10 мг, 25 мг",
НЕКСАГЛИФ®,Эмпаглифлозин,"таблетки, покрытые пленочной оболочкой","10 мг, 25 мг",
Эмпаглифлозин,Эмпаглифлозин,"таблетки, покрытые пленочной оболочкой","10 мг, 25 мг",
Эмпаджинс,Эмпаглифлозин,"таблетки, покрытые пленочной оболочкой","10 мг, 25 мг",
Кабазитаксел-Тева,Кабазитаксел,концентрат для приготовления раствора для инфузий,10 мг/мл,
Кабатэкс,Кабазитаксел,концентрат для приготовления раствора для инфузий,40 мг/мл,
Кабазитаксел-Келун-Казфарм,Кабазитаксел,концентрат для приготовления раствора для инфузий,40 мг/мл,
Кабазитаксел ЭВЕР Фарма®,Кабазитаксел,концентрат для приготовления раствора для инфузий,10 мг/мл,
Кабазитаксел-АМЕДАРТ,Кабазитаксел,концентрат для приготовления раствора для инфузий,40 мг/мл,
Кабазитаксел,Кабазитаксел,концентрат для приготовления раствора для инфузий,10 мг/мл,
Кабазитаксел-Ника,Кабазитаксел,концентрат для приготовления раствора для инфузий,40 мг/мл,
КАБАЗИТАКСЕЛ ЭЛЬФА®,Кабазитаксел,концентрат для приготовления раствора для инфузий,40 мг/мл,
Кабазитаксел,Кабазитаксел,концентрат для приготовления раствора для инфузий,40 мг/мл,
Кабазитаксел,Кабазитаксел,концентрат для приготовления раствора для инфузий,40 мг/мл,
КАБАЗИТАКСЕЛ,Кабазитаксел,концентрат для приготовления раствора для инфузий,40 мг/мл,
КАБАЗИТАКСЕЛ-ПРОМОМЕД,Кабазитаксел,концентрат для приготовления раствора для инфузий,40 мг/мл,
Голда МВ,Гликлазид,таблетки с модифицированным высвобождением,"30 мг, 60 мг","Пациенты с непереносимостью лактозы, дефицитом лактазы, глюкозо-галактозной мальабсорбцией"
Гликлазид МВ,Гликлазид,таблетки с модифицированным высвобождением,30 мг,
Гликлазид МВ,Гликлазид,таблетки с модифицированным высвобождением,60 мг,
Диабеталонг,Гликлазид,таблетки с пролонгированным высвобождением,60 мг,"Пациенты с непереносимостью лактозы, дефицитом лактазы, глюкозо-галактозной мальабсорбцией"
Гликлазид Пролонг-АКОС,Гликлазид,таблетки с пролонгированным высвобождением,"30 мг, 60 мг","Пациенты с непереносимостью лактозы, дефицитом лактазы, глюкозо-галактозной мальабсорбцией"
Гликлада,Гликлазид,таблетки с пролонгированным высвобождением,30 мг,"Пациенты с непереносимостью лактозы, дефицитом лактазы, глюкозо-галактозной мальабсорбцией"
Диабеталонг®,Гликлазид,таблетки с пролонгированным высвобождением,30 мг,"Пациенты с непереносимостью лактозы, дефицитом лактазы, глюкозо-галактозной мальабсорбцией"
Гликлада,Гликлазид,таблетки с пролонгированным высвобождением,60 мг,"Пациенты с непереносимостью лактозы, дефицитом лактазы, глюкозо-галактозной мальабсорбцией"
ГЛИКЛАЗИД,Гликлазид,таблетки с пролонгированным высвобождением,"30 мг, 60 мг","Пациенты с непереносимостью лактозы, дефицитом лактазы, глюкозо-галактозной мальабсорбцией"
Гликлазид Канон,Гликлазид,таблетки с пролонгированным высвобождением,"30 мг, 60 мг",
Диабефарм МВ,Гликлазид,таблетки с пролонгированным высвобождением,30 мг,
Диабефарм МВ,Гликлазид,таблетки с пролонгированным высвобождением,60 мг,
Глидиаб,Гликлазид,таблетки,80 мг,
Карведилол Сандоз®,Карведилол,таблетки,"6.25 мг, 12.5 мг, 25 мг, 50 мг",
Акридилол,Карведилол,таблетки,"12.5 мг, 25 мг",
Карведилол,Карведилол,таблетки,"12.5 мг, 25 мг",
Карведилол,Карведилол,таблетки,"6.25 мг, 12.5 мг, 25 мг",
Карведилол-Тева,Карведилол,таблетки,"3.125 мг, 6.25 мг, 12.5 мг, 25 мг",
Карведилол Канон,Карведилол,таблетки,"6.25 мг, 12.5 мг, 25 мг",
Рекардиум,Карведилол,таблетки,"3.125 мг, 6.25 мг, 12.5 мг, 25 мг",
Карведилол-Акрихин,Карведилол,таблетки,"6.25 мг, 12.5 мг, 25 мг",
Таллитон®,Карведилол,таблетки,"6.25 мг, 12.5 мг, 25 мг",
Валсартан,Валсартан,"таблетки, покрытые пленочной оболочкой","40 мг, 80 мг, 160 мг",
Валсартан-ВЕРТЕКС,Валсартан,"таблетки, покрытые пленочной оболочкой","40 мг, 80 мг, 160 мг, 320 мг","Пациенты с непереносимостью лактозы, дефицитом лактазы, глюкозо-галактозной мальабсорбцией"
Валсартан Медисорб,Валсартан,"таблетки, покрытые пленочной оболочкой","40 мг, 80 мг, 160 мг","Пациенты с непереносимостью лактозы, дефицитом лактазы, глюкозо-галактозной мальабсорбцией"
Вальсакор®,Валсартан,"таблетки, покрытые пленочной оболочкой","40 мг, 80 мг, 160 мг","Пациенты с непереносимостью лактозы, дефицитом лактазы, глюкозо-галактозной мальабсорбцией"
Валсартан-Акрихин,Валсартан,"таблетки, покрытые пленочной оболочкой","80 мг, 160 мг","Пациенты с непереносимостью лактозы, дефицитом лактазы, глюкозо-галактозной мальабсорбцией"
Валсартан Канон,Валсартан,"таблетки, покрытые пленочной оболочкой","40 мг, 80 мг, 160 мг, 320 мг",
ВАЛСАРТАН ВЕЛФАРМ,Валсартан,"таблетки, покрытые пленочной оболочкой","40 мг, 80 мг, 160 мг, 320 мг",
Валтеро,Валсартан,"таблетки, покрытые пленочной оболочкой","40 мг, 80 мг, 160 мг, 320 мг",
Валсартан,Валсартан,"таблетки, покрытые пленочной оболочкой","80 мг, 160 мг","Пациенты с непереносимостью лактозы, дефицитом лактазы, глюкозо-галактозной мальабсорбцией"
Валсартан Реневал,Валсартан,"таблетки, покрытые пленочной оболочкой","40 мг, 80 мг, 160 мг",
Валз,Валсартан,"таблетки, покрытые пленочной оболочкой","40 мг, 80 мг, 160 мг","Пациенты с непереносимостью лактозы, дефицитом лактазы, глюкозо-галактозной мальабсорбцией"
Вальсакор,Валсартан,"таблетки, покрытые пленочной оболочкой",320 мг,"Пациенты с непереносимостью лактозы, дефицитом лактазы, глюкозо-галактозной мальабсорбцией"
Рисдиплам,Рисдиплам,порошок для приготовления раствора для приема внутрь,0.75 мг/мл,
Деспиренс®,Рисдиплам,порошок для приготовления раствора для приема внутрь,0.75 мг/мл,
Пофол,Пропофол,эмульсия для внутривенного введения,10 мг/мл,
Провайв,Пропофол,эмульсия для внутривенного введения,10 мг/мл,
Пропофол Каби,Пропофол,эмульсия для внутривенного введения,"10 мг/мл, 20 мг/мл",
Флуконазол Сандоз,Флуконазол,капсулы,"50 мг, 100 мг, 150 мг, 200 мг",
Флюкостат®,Флуконазол,капсулы,"50 мг, 150 мг",
Флуконазол Медисорб,Флуконазол,капсулы,"50 мг, 150 мг",
Флуконазол-ВЕРТЕКС,Флуконазол,капсулы,"50 мг, 150 мг",
Флуконазол-Тева,Флуконазол,капсулы,"50 мг, 100 мг, 150 мг",
Флуконорм,Флуконазол,капсулы,"50 мг, 150 мг",
Флуконазол,Флуконазол,капсулы,"50 мг, 150 мг",
Флуконазол,Флуконазол,капсулы,"50 мг, 150 мг",
Флуконазол,Флуконазол,капсулы,"50 мг, 150 мг",
Флуконазол,Флуконазол,капсулы,"50 мг, 150 мг",
Флуконазол,Флуконазол,капсулы,"50 мг, 150 мг",
Дифлазон,Флуконазол,капсулы,"50 мг, 150 мг",
Флуконазол,Флуконазол,раствор для инфузий,2 мг/мл,
Флукорус,Флуконазол,раствор для инфузий,2 мг/мл,
Флуконазол,Флуконазол,раствор для инфузий,2 мг/мл,
Флуконазол-НИКА,Флуконазол,раствор для инфузий,2 мг/мл,
Тифлуксан,Флуконазол,раствор для инфузий,2 мг/мл,
Флуконазол-Эдвансд,Флуконазол,раствор для инфузий,2 мг/мл,
Конмик,Флуконазол,раствор для инфузий,2 мг/мл,
Флуконазол,Флуконазол,раствор для инфузий,2 мг/мл,
Флуконазол,Флуконазол,раствор для инфузий,2 мг/мл,
Флуконазол,Флуконазол,раствор для инфузий,2 мг/мл,
ФЛУКОНАЗОЛ,Флуконазол,раствор для инфузий,2 мг/мл,
Дифлазон,Флуконазол,раствор для инфузий,2 мг/мл,
Доренем,Дорипенем,порошок для приготовления раствора для инфузий,500 мг,
Дорипенем,Дорипенем,порошок для приготовления раствора для инфузий,500 мг,
Дорифарм,Дорипенем,порошок для приготовления раствора для инфузий,"250 мг, 500 мг",
Дорипенем,Дорипенем,порошок для приготовления раствора для инфузий,"250 мг, 500 мг",
Дорипенем-Бинергия,Дорипенем,порошок для приготовления раствора для инфузий,"250 мг, 500 мг",
Дорипенем Дж,Дорипенем,порошок для приготовления раствора для инфузий,"250 мг, 500 мг",
Дорипенем,Дорипенем,порошок для приготовления раствора для инфузий,"250 мг, 500 мг",
Дорипенем-АЛВИЛС,Дорипенем,порошок для приготовления раствора для инфузий,"250 мг, 500 мг",
Дорипенем,Дорипенем,порошок для приготовления раствора для инфузий,"250 мг, 500 мг",
Дорипенем МД,Дорипенем,порошок для приготовления раствора для инфузий,"250 мг, 500 мг",
Дорипенем Велфарм,Дорипенем,порошок для приготовления раствора для инфузий,"250 мг, 500 мг",
Дорипенем-ЛЕКСВМ®,Дорипенем,порошок для приготовления раствора для инфузий,"250 мг, 500 мг",
Дорипенем Кронофарм,Дорипенем,порошок для приготовления раствора для инфузий,"250 мг, 500 мг",
ДОРИПЕНЕМ,Дорипенем,порошок для приготовления раствора для инфузий,250 мг,
Дорипенем,Дорипенем,порошок для приготовления концентрата для приготовления раствора для инфузий,500 мг,
Мидазолам,Мидазолам,раствор для внутривенного и внутримышечного введения,5 мг/мл,
Фулсед,Мидазолам,раствор для внутривенного и внутримышечного введения,5 мг/мл,
Тропластим®,Аватромбопаг,"таблетки, покрытые пленочной оболочкой",20 мг,
Каберголин,Каберголин,таблетки,0.5 мг,
Берголак,Каберголин,таблетки,0.5 мг,
Агалатес,Каберголин,таблетки,0.5 мг,
Каберголин,Каберголин,таблетки,0.5 мг,
Кларискан,Гадотеровая кислота,раствор для внутривенного введения,0.5 ммоль/мл,
Гадотеровая кислота-ТЛ,Гадотеровая кислота,раствор для внутривенного введения,0.5 ммоль/мл,
Гадотеровая кислота Дж,Гадотеровая кислота,раствор для внутривенного введения,0.5 ммоль/мл,
Ниаспам,Мебеверин,капсулы с пролонгированным высвобождением,200 мг,
Спарекс®,Мебеверин,капсулы с пролонгированным высвобождением,200 мг,
Мебеверин солофарм,Мебеверин,капсулы с пролонгированным высвобождением,200 мг,"Пациенты с дефицитом сахаразы/изомальтазы, непереносимостью фруктозы, глюкозо-галактозной мальабсорбцией"
Меберин МЛ,Мебеверин,капсулы с пролонгированным высвобождением,200 мг,"Пациенты с дефицитом сахаразы/изомальтазы, непереносимостью фруктозы, глюкозо-галактозной мальабсорбцией"
Мебеверин-ВЕРТЕКС,Мебеверин,капсулы с пролонгированным высвобождением,200 мг,"Пациенты с дефицитом сахаразы/изомальтазы, непереносимостью фруктозы, глюкозо-галактозной мальабсорбцией"
Дютан®,Мебеверин,капсулы с пролонгированным высвобождением,200 мг,"Пациенты с дефицитом сахаразы/изомальтазы, непереносимостью фруктозы, глюкозо-галактозной мальабсорбцией"
Мебетан,Мебеверин,капсулы с пролонгированным высвобождением,200 мг,"Пациенты с дефицитом сахаразы/изомальтазы, непереносимостью фруктозы, глюкозо-галактозной мальабсорбцией"
Мебеспалин ретард,Мебеверин,"таблетки с пролонгированным высвобождением, покрытые пленочной оболочкой",200 мг,
Мебеспалин,Мебеверин,"таблетки, покрытые пленочной оболочкой",135 мг,
Мебеверин,Мебеверин,"таблетки, покрытые пленочной оболочкой",135 мг,
Ниаспам,Мебеверин,"таблетки, покрытые пленочной оболочкой",135 мг,
Лактулоза,Лактулоза,сироп,667 мг/мл,
Лактулоза,Лактулоза,сироп,667 мг/мл,
Лактулоза,Лактулоза,сироп,667 мг/мл,
Дюфлоцик,Лактулоза,сироп,667 мг/мл,
Лактулоза,Лактулоза,сироп,667 мг/мл,
Лактулоза Канон,Лактулоза,сироп,667 мг/мл,
Порталак®,Лактулоза,сироп,667 мг/мл,
Лактолекс,Лактулоза,сироп,667 мг/мл,
ДляЖенс® дюфа,Дидрогестерон,"таблетки, покрытые пленочной оболочкой",10 мг,
ДИДРОМЕНС®,Дидрогестерон,"таблетки, покрытые пленочной оболочкой",10 мг,
Рубида,Идарубицин,лиофилизат для приготовления раствора для внутривенного введения,5 мг,
Идарубицин,Идарубицин,лиофилизат для приготовления раствора для внутривенного введения,5 мг,
Миглустат-29Ф,Миглустат,капсулы,100 мг,
Миглустат ПСК,Миглустат,капсулы,100 мг,
Миглустат,Миглустат,капсулы,100 мг,
Авцефт,Цефтазидим+[Авибактам],порошок для приготовления концентрата для приготовления раствора для инфузий,2000 мг+500 мг,
ФЛЮКОВАГ,Сертаконазол,суппозитории вагинальные,300 мг,
Лерканорм,Лерканидипин,"таблетки, покрытые пленочной оболочкой","10 мг, 20 мг",
Лерканидипин-Тева,Лерканидипин,"таблетки, покрытые пленочной оболочкой","10 мг, 20 мг",
Лерканидипин,Лерканидипин,"таблетки, покрытые пленочной оболочкой","10 мг, 20 мг",
Лерканидипин Кроно,Лерканидипин,"таблетки, покрытые пленочной оболочкой","10 мг, 20 мг",
ДЕКАЛЬПАР®,Парикальцитол,капсулы,1 мкг,
Абемациклиб-Промомед,Абемациклиб,"таблетки, покрытые пленочной оболочкой","50 мг, 100 мг, 150 мг, 200 мг",
Стаг,Ставудин,капсулы,"30 мг, 40 мг",
Ставудин,Ставудин,капсулы,"30 мг, 40 мг",
Ставудин,Ставудин,капсулы,"30 мг, 40 мг",
Абакавир,Абакавир,"таблетки, покрытые пленочной оболочкой",300 мг,
Абакавир,Абакавир,"таблетки, покрытые пленочной оболочкой",300 мг,
Абакавир,Абакавир,"таблетки, покрытые пленочной оболочкой",300 мг,
АБАКАВИР,Абакавир,"таблетки, покрытые пленочной оболочкой","150 мг, 300 мг, 600 мг",
Абакавир,Абакавир,"таблетки, покрытые пленочной оболочкой","150 мг, 600 мг",
Олитид,Абакавир,"таблетки, покрытые пленочной оболочкой","150 мг, 300 мг, 600 мг",
Абакавир Канон,Абакавир,"таблетки, покрытые пленочной оболочкой","300 мг, 600 мг","Пациенты с непереносимостью лактозы, дефицитом лактазы, глюкозо-галактозной мальабсорбцией"
Абакавир,Абакавир,раствор для приема внутрь,20 мг/мл,
Олитид®,Абакавир,раствор для приема внутрь,20 мг/мл,"Пациенты с дефицитом сахаразы/изомальтазы, глюкозо-галактозной мальабсорбцией"
Абакавир,Абакавир,раствор для приема внутрь,20 мг/мл,
Абакавир,Абакавир,раствор для приема внутрь,20 мг/мл,
Абакавир,Абакавир,раствор для приема внутрь,20 мг/мл,
Линезолид,Линезолид,раствор для инфузий,2 мг/мл,
Линезолид,Линезолид,раствор для инфузий,2 мг/мл,
ЛИНОДЖЕКТ,Линезолид,раствор для инфузий,2 мг/мл,
Линезолид-АМЕДАРТ,Линезолид,раствор для инфузий,2 мг/мл,
Линезолид-Эдвансд,Линезолид,раствор для инфузий,2 мг/мл,
Линезолид,Линезолид,раствор для инфузий,2 мг/мл,
Линезолид Канон,Линезолид,раствор для инфузий,2 мг/мл,
Линезолид,Линезолид,раствор для инфузий,2 мг/мл,
ЛИНЕЗОЛИД,Линезолид,раствор для инфузий,2 мг/мл,
Зеникс,Линезолид,раствор для инфузий,2 мг/мл,
ЗИВАКСИЛИД,Линезолид,раствор для инфузий,2 мг/мл,
Линезолид,Линезолид,"таблетки, покрытые пленочной оболочкой",300 мг,
Линезолид,Линезолид,"таблетки, покрытые пленочной оболочкой","200 мг, 400 мг, 600 мг","Пациенты с непереносимостью лактозы, дефицитом лактазы, глюкозо-галактозной мальабсорбцией"
Линезолид,Линезолид,"таблетки, покрытые пленочной оболочкой",300 мг,"Пациенты с непереносимостью лактозы, дефицитом лактазы, глюкозо-галактозной мальабсорбцией"
Линезолид-Виал,Линезолид,"таблетки, покрытые пленочной оболочкой",600 мг,
Линезолид,Линезолид,"таблетки, покрытые пленочной оболочкой","200 мг, 300 мг, 400 мг, 600 мг",
ЛАЙНЕЗ-ПАНБИО,Линезолид,"таблетки, покрытые пленочной оболочкой","100 мг, 200 мг, 300 мг, 400 мг, 600 мг",
Амизолид,Линезолид,"таблетки, покрытые пленочной оболочкой","200 мг, 400 мг, 600 мг",
Зеникс,Линезолид,"таблетки, покрытые пленочной оболочкой",600 мг,
Линезолид,Линезолид,"таблетки, покрытые пленочной оболочкой","100 мг, 200 мг, 300 мг, 400 мг, 600 мг",
Линеген,Линезолид,"таблетки, покрытые пленочной оболочкой",600 мг,"Пациенты с непереносимостью лактозы, дефицитом лактазы, глюкозо-галактозной мальабсорбцией"
Бактолин,Линезолид,"таблетки, покрытые пленочной оболочкой",600 мг,"1) Пациенты с непереносимостью лактозы, дефицитом лактазы, глюкозо-галактозной мальабсорбцией;                               2) (кроме комбинированной терапии туберкулеза легких, вызванного штаммами Mycobacterium tuberculosis с множественной лекарственной устойчивостью)"
Линезолид-КРКА,Линезолид,"таблетки, покрытые пленочной оболочкой",600 мг,
Линезолид Канон,Линезолид,"таблетки, покрытые пленочной оболочкой",600 мг,
Линезолид,Линезолид,"таблетки, покрытые пленочной оболочкой",300 мг,
ЛИНЕЗОЛИД,Линезолид,"таблетки, покрытые пленочной оболочкой","200 мг, 300 мг, 600 мг",
Линезолид,Линезолид,"таблетки, покрытые пленочной оболочкой","200 мг, 300 мг, 400 мг",
ЛИНЕЗОЛИД,Линезолид,"таблетки, покрытые пленочной оболочкой","200 мг, 300 мг, 400 мг, 600 мг",
Линезолид-Эдвансд,Линезолид,"таблетки, покрытые пленочной оболочкой","200 мг, 300 мг, 400 мг, 600 мг",
Линезолид,Линезолид,"таблетки, покрытые пленочной оболочкой",600 мг,
Аксосеф®,Цефуроксим,"таблетки, покрытые пленочной оболочкой","250 мг, 500 мг",
Руцеф,Цефуроксим,порошок для приготовления раствора для внутривенного и внутримышечного введения,1.5 г,
Руцеф,Цефуроксим,порошок для приготовления раствора для внутривенного и внутримышечного введения,"250 мг, 750 мг",
Цефурус,Цефуроксим,порошок для приготовления раствора для внутривенного и внутримышечного введения,"0.75 г, 1.5 г",
Велоцесим,Цефуроксим,порошок для приготовления раствора для внутривенного и внутримышечного введения,"250 мг, 750 мг, 1500 мг",
ЦЕФУРОКСИМ,Цефуроксим,порошок для приготовления раствора для внутривенного и внутримышечного введения,"250 мг, 750 мг, 1500 мг",
Цефуроксим,Цефуроксим,порошок для приготовления раствора для внутривенного и внутримышечного введения,"0.75 г, 1.5 г",
Цефуроксим,Цефуроксим,порошок для приготовления раствора для внутривенного и внутримышечного введения,"750 мг, 1500 мг",
Цефуроксим,Цефуроксим,порошок для приготовления раствора для внутривенного и внутримышечного введения,750 мг,
Аксетин®,Цефуроксим,порошок для приготовления раствора для внутривенного и внутримышечного введения,750 мг,
Аксетин®,Цефуроксим,порошок для приготовления раствора для внутривенного и внутримышечного введения,1.5 г,
Аксосеф,Цефуроксим,порошок для приготовления раствора для внутривенного и внутримышечного введения,"250 мг, 750 мг",
Цефроксим Дж,Цефуроксим,порошок для приготовления раствора для внутривенного и внутримышечного введения,"750 мг, 1500 мг",
Цефтаролина фосамил,Цефтаролина фосамил,порошок для приготовления концентрата для приготовления раствора для инфузий,"400 мг, 600 мг",
Оланзапин,Оланзапин,"таблетки, покрытые пленочной оболочкой","2.5 мг, 5 мг, 7.5 мг, 10 мг",
Оланзапин-СЗ,Оланзапин,"таблетки, покрытые пленочной оболочкой","5 мг, 10 мг",
Оланзапин-Виал,Оланзапин,"таблетки, покрытые пленочной оболочкой","5 мг, 10 мг",
Оланзапин-ТЛ,Оланзапин,"таблетки, покрытые пленочной оболочкой","2.5 мг, 5 мг, 7.5 мг, 10 мг",
Оланзапин Канон,Оланзапин,"таблетки, покрытые пленочной оболочкой","5 мг, 10 мг",
Оланзапин Канон,Оланзапин,"таблетки, покрытые пленочной оболочкой",7.5 мг,
Эголанза,Оланзапин,"таблетки, покрытые пленочной оболочкой","5 мг, 10 мг, 15 мг, 20 мг",
Заласта,Оланзапин,таблетки,"5 мг, 10 мг",
Оланзапин Фармасинтез,Оланзапин,таблетки,"5 мг, 10 мг",
Оланзапин-АЛСИ,Оланзапин,таблетки,"5 мг, 10 мг",
Оланзапин,Оланзапин,таблетки,"2.5 мг, 5 мг, 7.5 мг, 10 мг",
Золафрен Квик,Оланзапин,"таблетки, диспергируемые в полости рта","5 мг, 10 мг, 15 мг, 20 мг",
Оланзапин,Оланзапин,"таблетки, диспергируемые в полости рта","5 мг, 10 мг",
Заласта Ку-таб,Оланзапин,"таблетки, диспергируемые в полости рта","5 мг, 10 мг",
Цетиризин,Цетиризин,капли для приема внутрь,10 мг/мл,
Цетиризин,Цетиризин,капли для приема внутрь,10 мг/мл,
Сенсинор,Цетиризин,капли для приема внутрь,10 мг/мл,
Цимитрек,Цетиризин,капли для приема внутрь,10 мг/мл,
Цимитрек® Сенситив,Цетиризин,капли для приема внутрь,10 мг/мл,
Цетиризин Медисорб,Цетиризин,капли для приема внутрь,10 мг/мл,
Цетиризин,Цетиризин,капли для приема внутрь,10 мг/мл,
Зодак,Цетиризин,капли для приема внутрь,10 мг/мл,
ЦЕТИРИЗИН,Цетиризин,капли для приема внутрь,10 мг/мл,
Цетиризин,Цетиризин,капли для приема внутрь,10 мг/мл,
Цетрин,Цетиризин,"таблетки, покрытые пленочной оболочкой",10 мг,
Цетиризин-Акрихин,Цетиризин,"таблетки, покрытые пленочной оболочкой",10 мг,
Зодак,Цетиризин,"таблетки, покрытые пленочной оболочкой",10 мг,
Цетиризин Сандоз®,Цетиризин,"таблетки, покрытые пленочной оболочкой",10 мг,
Цетиризин,Цетиризин,"таблетки, покрытые пленочной оболочкой",10 мг,
Цетиризин,Цетиризин,"таблетки, покрытые пленочной оболочкой",10 мг,
Цетиризин ДС,Цетиризин,"таблетки, покрытые пленочной оболочкой",10 мг,
ЦЕТИРИЗИН-АЛИУМ,Цетиризин,"таблетки, покрытые пленочной оболочкой",10 мг,
Цетиризин-Тева,Цетиризин,"таблетки, покрытые пленочной оболочкой",10 мг,
Цетиризин-Тева,Цетиризин,"таблетки, покрытые пленочной оболочкой",10 мг,
Цетиризин Новэкс,Цетиризин,"таблетки, покрытые пленочной оболочкой",10 мг,
Абирапрост,Абиратерон,таблетки,"250 мг, 500 мг",
Амиранта,Абиратерон,таблетки,250 мг,
Абиратерон Канон,Абиратерон,таблетки,250 мг,
Абиратерон-АМЕДАРТ,Абиратерон,таблетки,250 мг,
АБИРАТЕРОН-ПРОМОМЕД,Абиратерон,таблетки,250 мг,
Абиратерон НВ,Абиратерон,таблетки,250 мг,
ТЕРАБИНТА®,Абиратерон,таблетки,250 мг,Пациенты с редкой врожденной непереносимостью фруктозы.
Ацикловир Дж,Ацикловир,лиофилизат для приготовления раствора для инфузий,"1000 мг, 250 мг, 500 мг",
Ацикловир,Ацикловир,лиофилизат для приготовления раствора для инфузий,"250 мг, 500 мг, 1000 мг",
Герпейд,Ацикловир,лиофилизат для приготовления раствора для инфузий,"250 мг, 500 мг, 1000 мг",
Ацикловир,Ацикловир,лиофилизат для приготовления раствора для инфузий,250 мг,
Ацикловир,Ацикловир,лиофилизат для приготовления раствора для инфузий,250 мг,
Ацикловир,Ацикловир,таблетки,400 мг,
Ацикловир,Ацикловир,таблетки,200 мг,
Ацикловир,Ацикловир,таблетки,200 мг,
Ацикловир-АКОС,Ацикловир,таблетки,200 мг,
Виворакс,Ацикловир,таблетки,200 мг,
Ацикловир Сандоз,Ацикловир,таблетки,200 мг,
Ацикловир,Ацикловир,таблетки,"200 мг, 400 мг",
Ацикловир-Акрихин,Ацикловир,таблетки,"200 мг, 400 мг",
Ацикловир Белупо,Ацикловир,"таблетки, покрытые пленочной оболочкой",400 мг,
Овенкор,Симвастатин,"таблетки, покрытые оболочкой","10 мг, 20 мг",
Симвастатин,Симвастатин,"таблетки, покрытые пленочной оболочкой","10 мг, 20 мг",
Симвастатин Реневал,Симвастатин,"таблетки, покрытые пленочной оболочкой","10 мг, 20 мг",
Симвастатин,Симвастатин,"таблетки, покрытые пленочной оболочкой","10 мг, 20 мг",
Симвастатин-АЛСИ,Симвастатин,"таблетки, покрытые пленочной оболочкой","10 мг, 20 мг",
Симвастатин-Вертекс,Симвастатин,"таблетки, покрытые пленочной оболочкой","10 мг, 20 мг",
Симвастатин,Симвастатин,"таблетки, покрытые пленочной оболочкой",20 мг,
Вазилип®,Симвастатин,"таблетки, покрытые пленочной оболочкой","10 мг, 20 мг, 40 мг",
Симвастатин,Симвастатин,"таблетки, покрытые пленочной оболочкой","10 мг, 40 мг",
Симвастатин,Симвастатин,"таблетки, покрытые пленочной оболочкой","10 мг, 20 мг, 40 мг",
Симвастатин Алкалоид,Симвастатин,"таблетки, покрытые пленочной оболочкой","10 мг, 20 мг, 40 мг",
Лизегора,Гозерелин,имплантат,3.6 мг,
Лизегора,Гозерелин,имплантат,10.8 мг,
Асентра,Сертралин,"таблетки, покрытые пленочной оболочкой","50 мг, 100 мг",
СЕРЕНАТА,Сертралин,"таблетки, покрытые пленочной оболочкой","50 мг, 100 мг",
Стимулотон®,Сертралин,"таблетки, покрытые пленочной оболочкой","50 мг, 100 мг",
Золтралин солофарм,Сертралин,"таблетки, покрытые пленочной оболочкой","50 мг, 100 мг",
Алевал,Сертралин,"таблетки, покрытые пленочной оболочкой","25 мг, 50 мг, 100 мг",
Серлифт,Сертралин,"таблетки, покрытые пленочной оболочкой","50 мг, 100 мг",
Золедрэкс,Золедроновая кислота,лиофилизат для приготовления раствора для инфузий,4 мг,
Золендроник-Рус 4,Золедроновая кислота,лиофилизат для приготовления раствора для инфузий,4 мг,
Резорба,Золедроновая кислота,лиофилизат для приготовления раствора для инфузий,4 мг,
Верокласт,Золедроновая кислота,лиофилизат для приготовления раствора для инфузий,4 мг,
ЗОЛЕНТА РОМФАРМ,Золедроновая кислота,лиофилизат для приготовления концентрата для приготовления раствора для инфузий,4 мг,
Золедарт,Золедроновая кислота,лиофилизат для приготовления концентрата для приготовления раствора для инфузий,4 мг,
ЗОЛЕРИКС®,Золедроновая кислота,концентрат для приготовления раствора для инфузий,0.8 мг/мл,
Золедронат-Тева,Золедроновая кислота,концентрат для приготовления раствора для инфузий,4 мг/5 мл,
Золедроновая кислота,Золедроновая кислота,концентрат для приготовления раствора для инфузий,4 мг/5 мл,
Золера,Золедроновая кислота,концентрат для приготовления раствора для инфузий,4 мг/5 мл,
Золедроновая кислота-Ферейн®,Золедроновая кислота,концентрат для приготовления раствора для инфузий,4 мг/5 мл,
Золедроновая кислота,Золедроновая кислота,концентрат для приготовления раствора для инфузий,4 мг/5 мл,
Золедроновая кислота,Золедроновая кислота,раствор для инфузий,4 мг/100 мл,
Резокластин,Золедроновая кислота,концентрат для приготовления раствора для инфузий,"4 мг/5 мл, 5 мг/6.25 мл",
ЗОЛЕДАРТ,Золедроновая кислота,концентрат для приготовления раствора для инфузий,"0.8 мг/мл, 5 мг/6.25 мл",
Золедроновая кислота,Золедроновая кислота,концентрат для приготовления раствора для инфузий,"4 мг/5 мл, 5 мг/6.25 мл",
Золедроновая кислота,Золедроновая кислота,раствор для инфузий,"4 мг/100 мл, 5 мг/100 мл",
Зонисамид-ЭТ,Зонисамид,капсулы,"25 мг, 50 мг, 100 мг",
Ондансетрон-РОНЦ,Ондансетрон,раствор для внутривенного и внутримышечного введения,2 мг/мл,
Ондансетрон-ЛЭНС,Ондансетрон,раствор для внутривенного и внутримышечного введения,2 мг/мл,
Домеган,Ондансетрон,раствор для внутривенного и внутримышечного введения,2 мг/мл,
Ондансетрон-Эском,Ондансетрон,раствор для внутривенного и внутримышечного введения,2 мг/мл,
Эметрон,Ондансетрон,раствор для внутривенного и внутримышечного введения,2 мг/мл,
Ондансетрон,Ондансетрон,раствор для внутривенного и внутримышечного введения,2 мг/мл,
Ондансетрон,Ондансетрон,раствор для внутривенного и внутримышечного введения,2 мг/мл,
Ондансетрон Прима,Ондансетрон,раствор для внутривенного и внутримышечного введения,2 мг/мл,
Ондансетрон,Ондансетрон,раствор для внутривенного и внутримышечного введения,2 мг/мл,
Ондансетрон,Ондансетрон,раствор для внутривенного и внутримышечного введения,2 мг/мл,
Ондансетрон,Ондансетрон,раствор для внутривенного и внутримышечного введения,2 мг/мл,
Ондансетрон,Ондансетрон,раствор для внутривенного и внутримышечного введения,2 мг/мл,
Ондансетрон,Ондансетрон,раствор для внутривенного и внутримышечного введения,2 мг/мл,
Ондансетрон,Ондансетрон,раствор для внутривенного и внутримышечного введения,2 мг/мл,
Латран,Ондансетрон,раствор для внутривенного и внутримышечного введения,2 мг/мл,
Ондансетрон-Ферейн,Ондансетрон,раствор для внутривенного и внутримышечного введения,2 мг/мл,
Ондансетрон,Ондансетрон,раствор для внутривенного и внутримышечного введения,2 мг/мл,
Осетрон,Ондансетрон,раствор для внутривенного и внутримышечного введения,2 мг/мл,
Ондансетрон-Альтфарм,Ондансетрон,суппозитории ректальные,"4 мг, 8 мг, 16 мг",
Ондансетрон-Тева,Ондансетрон,"таблетки, покрытые пленочной оболочкой","4 мг, 8 мг",
Верапамил,Верапамил,"таблетки с пролонгированным высвобождением, покрытые пленочной оболочкой",240 мг,
Иксабепилон-АМЕДАРТ,Иксабепилон,лиофилизат для приготовления концентрата для приготовления раствора для инфузий,"15 мг, 45 мг",
Ибрутиниб-натив,Ибрутиниб,капсулы,140 мг,
Ибрутиниб-АМЕДАРТ,Ибрутиниб,капсулы,140 мг,
АРБРУВИЯ®,Ибрутиниб,капсулы,140 мг,
Ибрутиниб Фармасинтез,Ибрутиниб,капсулы,140 мг,
Ибрутиниб-Промомед,Ибрутиниб,капсулы,140 мг,
Суматриптан-Тева,Суматриптан,"таблетки, покрытые пленочной оболочкой","50 мг, 100 мг",
СУМАТРИПТАН-АЛИУМ,Суматриптан,"таблетки, покрытые пленочной оболочкой","50 мг, 100 мг",
Суматриптан Канон,Суматриптан,"таблетки, покрытые пленочной оболочкой","50 мг, 100 мг",
СУМАТРИПТАН,Суматриптан,"таблетки, покрытые пленочной оболочкой","50 мг, 100 мг",
Суматриптан,Суматриптан,"таблетки, покрытые пленочной оболочкой","50 мг, 100 мг",
Суматриптан,Суматриптан,"таблетки, покрытые пленочной оболочкой","50 мг, 100 мг",
Суматриптан,Суматриптан,"таблетки, покрытые пленочной оболочкой","50 мг, 100 мг",
Суматриптан,Суматриптан,"таблетки, покрытые пленочной оболочкой","50 мг, 100 мг",
Сумамигрен,Суматриптан,"таблетки, покрытые пленочной оболочкой","50 мг, 100 мг",
Суматриптан - ВЕРТЕКС,Суматриптан,"таблетки, покрытые пленочной оболочкой","50 мг, 100 мг",
Амигренин,Суматриптан,"таблетки, покрытые пленочной оболочкой","50 мг, 100 мг",
Суматриптан-ЛекТ,Суматриптан,"таблетки, покрытые пленочной оболочкой","50 мг, 100 мг",
Суматриптан,Суматриптан,таблетки,"50 мг, 100 мг",
Суматриптан Адифарм,Суматриптан,таблетки,"50 мг, 100 мг",Пациенты с фенилкетонурией
Иматанго®,Помалидомид,капсулы,"1 мг, 2 мг, 3 мг, 4 мг",
ПОМАЛИДОМИД-ПРОМОМЕД,Помалидомид,капсулы,"1 мг, 2 мг, 3 мг, 4 мг",
Миелодест,Помалидомид,капсулы,"1 мг, 2 мг, 3 мг, 4 мг",
Помалидомид,Помалидомид,капсулы,"1 мг, 3 мг, 4 мг",
Помлимайд®,Помалидомид,капсулы,"1 мг, 2 мг, 3 мг, 4 мг",
Малидоликс,Помалидомид,капсулы,"1 мг, 3 мг, 4 мг",
Помалидомид-АМЕДАРТ,Помалидомид,капсулы,"1 мг, 2 мг, 3 мг, 4 мг",
Помалидомид,Помалидомид,капсулы,"1 мг, 3 мг, 4 мг",
Торсон,Зопиклон,"таблетки, покрытые пленочной оболочкой","3.75 мг, 7.5 мг",
Лоперамид,Лоперамид,таблетки,2 мг,
Лоперамид,Лоперамид,таблетки,2 мг,
Лоперамид,Лоперамид,капсулы,2 мг,
Лоперамид,Лоперамид,капсулы,2 мг,
Лоперамид,Лоперамид,капсулы,2 мг,
Диара Экспресс,Лоперамид,"таблетки, диспергируемые в полости рта",2 мг,
Лопедиум,Лоперамид,таблетки,2 мг,"Пациенты с непереносимостью лактозы, дефицитом лактазы, глюкозо-галактозной мальабсорбцией"
ЭРТАПЕНЕМ,Эртапенем,лиофилизат для приготовления раствора для внутривенного и внутримышечного введения,1000 мг,
Эртам-АФ,Эртапенем,лиофилизат для приготовления раствора для внутримышечного введения и инфузий,1 г,
Эртапенем-АЛВИЛС,Эртапенем,порошок для приготовления раствора для инфузий и внутримышечного введения,"0.5 г, 1 г",
Эртанек,Эртапенем,порошок для приготовления раствора для внутривенного и внутримышечного введения,1 г,
Палиперидон,Палиперидон,"таблетки с пролонгированным высвобождением, покрытые оболочкой","3 мг, 6 мг, 9 мг","Пациенты с непереносимостью лактозы, дефицитом лактазы, глюкозо-галактозной мальабсорбцией"
Интерфаст,Саквинавир,"таблетки, покрытые пленочной оболочкой",500 мг,
Савир500,Саквинавир,"таблетки, покрытые пленочной оболочкой",500 мг,
Саквинавир-ТЛ,Саквинавир,"таблетки, покрытые пленочной оболочкой",500 мг,
Акситиниб,Акситиниб,"таблетки, покрытые пленочной оболочкой","1 мг, 3 мг, 5 мг, 7 мг",
АКСИТИНИБ-ХИМРАР,Акситиниб,"таблетки, покрытые пленочной оболочкой","1 мг, 3 мг, 5 мг, 7 мг",
Акситиниб-АМЕДАРТ,Акситиниб,"таблетки, покрытые пленочной оболочкой","1 мг, 3 мг, 5 мг, 7 мг",
АКСИТИНИБ-ПРОМОМЕД,Акситиниб,"таблетки, покрытые пленочной оболочкой","1 мг, 3 мг, 5 мг, 7 мг",
АРСАВИО®,Акситиниб,"таблетки, покрытые пленочной оболочкой","1 мг, 5 мг",
Акситиниб,Акситиниб,"таблетки, покрытые пленочной оболочкой","1 мг, 5 мг",
Риолма,Эплеренон,"таблетки, покрытые пленочной оболочкой","25 мг, 50 мг",
Эплеренон,Эплеренон,"таблетки, покрытые пленочной оболочкой","25 мг, 50 мг",
Эплеренон Реневал,Эплеренон,"таблетки, покрытые пленочной оболочкой","25 мг, 50 мг",
Эплеренон-СЗ,Эплеренон,"таблетки, покрытые пленочной оболочкой","25 мг, 50 мг",
Эплеренон-Тева,Эплеренон,"таблетки, покрытые пленочной оболочкой","25 мг, 50 мг",
Эплеренон-ВЕРТЕКС,Эплеренон,"таблетки, покрытые пленочной оболочкой","25 мг, 50 мг",
Эплеренон,Эплеренон,"таблетки, покрытые пленочной оболочкой","25 мг, 50 мг",
Эплеренон Канон,Эплеренон,"таблетки, покрытые пленочной оболочкой","25 мг, 50 мг",
ЭСПИРО,Эплеренон,"таблетки, покрытые пленочной оболочкой","25 мг, 50 мг",
Инсулин гларгин,Инсулин гларгин,раствор для подкожного введения,100 ЕД/мл,
ГЛАРИТУС,Инсулин гларгин,раствор для подкожного введения,100 МЕ/мл,
Инсулин гларгин,Инсулин гларгин,раствор для подкожного введения,100 ЕД/мл,
РОСИНСУЛИН ГЛАРГИН,Инсулин гларгин,раствор для подкожного введения,100 МЕ/мл,
Лимирис®,Канакинумаб,лиофилизат для приготовления раствора для подкожного введения,150 мг,
Кромоспир,Кромоглициевая кислота,аэрозоль для ингаляций дозированный,5 мг/доза,
Равэртир,Этравирин,таблетки,"25 мг, 100 мг, 200 мг",
Этравирин-Эдвансд,Этравирин,таблетки,"25 мг, 100 мг, 200 мг",
Этравирин-ФС,Этравирин,таблетки,"25 мг, 100 мг, 200 мг",
Этравирин-АМЕДАРТ,Этравирин,таблетки,"25 мг, 100 мг, 200 мг",
Этравирин ПСК,Этравирин,таблетки,"25 мг, 100 мг, 200 мг",
Коромакс,Эптифибатид,раствор для внутривенного введения,"0.75 мг/мл, 2 мг/мл",
АПРОКАРДИКС,Эптифибатид,раствор для внутривенного введения,"0.75 мг/мл, 2 мг/мл",
Эптифибатид,Эптифибатид,раствор для внутривенного введения,"0.75 мг/мл, 2 мг/мл",
РОЛНАВИР®,Ралтегравир,таблетки покрытые пленочной оболочкой,400 мг,
Ралтегравир-Эдвансд,Ралтегравир,таблетки покрытые пленочной оболочкой,400 мг,
Ралтегравир-ФС,Ралтегравир,таблетки покрытые пленочной оболочкой,400 мг,
Ралтегравир ПСК,Ралтегравир,таблетки покрытые пленочной оболочкой,400 мг,
Ралтегравир,Ралтегравир,таблетки покрытые пленочной оболочкой,400 мг,
Ралтегравир-АМЕДАРТ,Ралтегравир,таблетки покрытые пленочной оболочкой,400 мг,
Ралтетресс,Ралтегравир,таблетки покрытые пленочной оболочкой,400 мг,
РАЛТЕГРАВИР ВЕЛФАРМ,Ралтегравир,таблетки покрытые пленочной оболочкой,400 мг,
РАЛТЕГРАВИР,Ралтегравир,таблетки покрытые пленочной оболочкой,400 мг,
Тегвимель,Ралтегравир,таблетки покрытые пленочной оболочкой,400 мг,
Ралтегравир Дж,Ралтегравир,таблетки покрытые пленочной оболочкой,400 мг,
Ралтегра,Ралтегравир,таблетки покрытые пленочной оболочкой,400 мг,
ПАЛБОЦИКЛИБ-ПРОМОМЕД,Палбоциклиб,капсулы,"75 мг, 100 мг, 125 мг",
Палбоциклиб,Палбоциклиб,капсулы,"75 мг, 100 мг, 125 мг",
Палбоциклиб-АМЕДАРТ,Палбоциклиб,капсулы,"75 мг, 100 мг, 125 мг",
Палболиб,Палбоциклиб,капсулы,"75 мг, 100 мг, 125 мг",
АЛЬБОЦИФ,Палбоциклиб,капсулы,"75 мг, 100 мг, 125 мг",
Палбоциклиб Фармасинтез,Палбоциклиб,капсулы,"75 мг, 100 мг, 125 мг",
ПАЛБОЦИКЛИБ-ХИМРАР,Палбоциклиб,капсулы,"75 мг, 100 мг, 125 мг",
ТРАБЕКТЕДИН-ПРОМОМЕД,Трабектедин,лиофилизат для приготовления концентрата для приготовления раствора для инфузий,1 мг,
Трабектедин-Тева,Трабектедин,лиофилизат для приготовления концентрата для приготовления раствора для инфузий,1 мг,
Йопамидол-Юник,Йопамидол,раствор для инъекций,"300 мг йода/мл, 370 мг йода/мл",
ЙОПАМИДОЛ,Йопамидол,раствор для инъекций,"300 мг йода/мл, 370 мг йода/мл",
Йопамидол,Йопамидол,раствор для инъекций,"200 мг йода/мл, 300 мг йода/мл, 370 мг йода/мл",
Йопамидол,Йопамидол,раствор для инъекций,"200 мг йода/мл, 300 мг йода/мл, 370 мг йода/мл",
Йопамискан,Йопамидол,раствор для инъекций,"200 мг йода/мл, 300 мг йода/мл, 370 мг йода/мл",
Сканлюкс 300,Йопамидол,раствор для внутривенного и внутриартериального введения,300 мг/мл,
Сканлюкс 370,Йопамидол,раствор для внутривенного и внутриартериального введения,370 мг йода/мл,
Гефитиниб,Гефитиниб,"таблетки, покрытые пленочной оболочкой",250 мг,
ГЕТИНЕКС®,Гефитиниб,"таблетки, покрытые пленочной оболочкой",250 мг,
ВАЛКИРА®,Гефитиниб,"таблетки, покрытые пленочной оболочкой",250 мг,
Гефитиниб,Гефитиниб,"таблетки, покрытые пленочной оболочкой",250 мг,
Гефитиниб,Гефитиниб,"таблетки, покрытые пленочной оболочкой",250 мг,
Гефитиниб-Рус,Гефитиниб,"таблетки, покрытые пленочной оболочкой",250 мг,
Гефтесса,Гефитиниб,"таблетки, покрытые пленочной оболочкой",250 мг,"Пациенты с дефицитом сахаразы/изомальтазы, непереносимостью фруктозы, глюкозо-галактозной мальабсорбцией"
ЛАНГЕРРА,Гефитиниб,"таблетки, покрытые пленочной оболочкой",250 мг,
ГЕФИТИНИБ-ПРОМОМЕД,Гефитиниб,"таблетки, покрытые пленочной оболочкой",250 мг,
Гефитиниб,Гефитиниб,"таблетки, покрытые пленочной оболочкой",250 мг,
КАБОЗАНТИНИБ-ПРОМОМЕД,Кабозантиниб,"таблетки, покрытые пленочной оболочкой","20 мг, 40 мг, 60 мг",
РЕКОБАЗИ®,Кабозантиниб,"таблетки, покрытые пленочной оболочкой","20 мг, 40 мг, 60 мг",
Винпоцетин-АКОС,Винпоцетин,концентрат для приготовления раствора для инфузий,5 мг/мл,
Винпоцетин,Винпоцетин,концентрат для приготовления раствора для инфузий,5 мг/мл,
Винпоцетин,Винпоцетин,концентрат для приготовления раствора для инфузий,5 мг/мл,
Винпоцетин,Винпоцетин,концентрат для приготовления раствора для инфузий,5 мг/мл,
Винпоцетин Велфарм,Винпоцетин,концентрат для приготовления раствора для инфузий,5 мг/мл,
Винпоцетин,Винпоцетин,концентрат для приготовления раствора для инфузий,5 мг/мл,
Винпоцетин,Винпоцетин,концентрат для приготовления раствора для инфузий,5 мг/мл,
Винпоцетин,Винпоцетин,концентрат для приготовления раствора для инфузий,5 мг/мл,
Бравинтон,Винпоцетин,концентрат для приготовления раствора для инфузий,5 мг/мл,
Винпоцетин Канон,Винпоцетин,таблетки,5 мг,
Винпоцетин,Винпоцетин,таблетки,5 мг,
Винпоцетин-АКОС,Винпоцетин,таблетки,5 мг,
Винпоцетин,Винпоцетин,таблетки,5 мг,
Винпоцетин,Винпоцетин,таблетки,5 мг,
Винпоцетин,Винпоцетин,таблетки,5 мг,
Винпоцетин,Винпоцетин,таблетки,5 мг,
Винпоцетин,Винпоцетин,таблетки,5 мг,
Винпоцетин,Винпоцетин,таблетки,5 мг,Пациенты с редкой врожденной непереносимостью фруктозы или глюкозо-галактозной мальабсорбцией.
Винпоцетин,Винпоцетин,таблетки,5 мг,
Винпоцетин форте Канон,Винпоцетин,таблетки,10 мг,
Винпоцетин форте,Винпоцетин,таблетки,10 мг,
Винпоцетин,Винпоцетин,таблетки,"5 мг, 10 мг",
Акалабрутиниб-Промомед,Акалабрутиниб,капсулы,100 мг,
ИРИНОТЕКАН-ДЖ,Иринотекан,концентрат для приготовления раствора для инфузий,20 мг/мл,
ИРИНОТЕКАН-ПРОМОМЕД,Иринотекан,концентрат для приготовления раствора для инфузий,20 мг/мл,
ИРИНОТЕКАН,Иринотекан,концентрат для приготовления раствора для инфузий,20 мг/мл,
Иринова,Иринотекан,концентрат для приготовления раствора для инфузий,20 мг/мл,
Иринотекан-АМЕДАРТ,Иринотекан,концентрат для приготовления раствора для инфузий,20 мг/мл,
Иринотекан,Иринотекан,концентрат для приготовления раствора для инфузий,20 мг/мл,
ИРИКАМПО®,Иринотекан,концентрат для приготовления раствора для инфузий,20 мг/мл,
Иринотекан,Иринотекан,концентрат для приготовления раствора для инфузий,20 мг/мл,
Иринотекан,Иринотекан,концентрат для приготовления раствора для инфузий,20 мг/мл,
Иринотекан-Тева,Иринотекан,концентрат для приготовления раствора для инфузий,20 мг/мл,
Иритен,Иринотекан,концентрат для приготовления раствора для инфузий,20 мг/мл,
Иринотел,Иринотекан,концентрат для приготовления раствора для инфузий,20 мг/мл,
Иритеро,Иринотекан,концентрат для приготовления раствора для инфузий,20 мг/мл,
Каспофунгин,Каспофунгин,лиофилизат для приготовления концентрата для приготовления раствора для инфузий,"50 мг, 70 мг",
Лектофунгин,Каспофунгин,лиофилизат для приготовления концентрата для приготовления раствора для инфузий,"50 мг, 70 мг",
Каспофунгин-АМЕДАРТ,Каспофунгин,лиофилизат для приготовления концентрата для приготовления раствора для инфузий,"50 мг, 70 мг",
Каспофунгин ПСК,Каспофунгин,лиофилизат для приготовления концентрата для приготовления раствора для инфузий,"50 мг, 70 мг",
Каспофунгин,Каспофунгин,лиофилизат для приготовления концентрата для приготовления раствора для инфузий,50 мг,
КАСПОФУНГИН,Каспофунгин,лиофилизат для приготовления концентрата для приготовления раствора для инфузий,"50 мг, 70 мг",
КАСПОМИНЕР,Каспофунгин,лиофилизат для приготовления концентрата для приготовления раствора для инфузий,"50 мг, 70 мг",
КАСПОФУНГИН-НАНОЛЕК®,Каспофунгин,лиофилизат для приготовления концентрата для приготовления раствора для инфузий,"50 мг, 70 мг",
Каспофунгин-Дж,Каспофунгин,лиофилизат для приготовления раствора для инфузий,"50 мг, 70 мг",
Каптоприл,Каптоприл,таблетки,"12.5 мг, 25 мг, 50 мг",
Каптоприл,Каптоприл,таблетки,25 мг,
Каптоприл,Каптоприл,таблетки,25 мг,
Каптоприл,Каптоприл,таблетки,50 мг,
Каптоприл,Каптоприл,таблетки,"25 мг, 50 мг",
Каптоприл Реневал,Каптоприл,таблетки,"25 мг, 50 мг",
Ангиоприл-25,Каптоприл,таблетки,25 мг,
ВАНДЕТАНИБ-ПРОМОМЕД,Вандетаниб,"таблетки, покрытые пленочной оболочкой","100 мг, 300 мг",
Карглумовая кислота Вэймейд,Карглумовая кислота,таблетки диспергируемые,200 мг,
Карбамилглутамат-Дж,Карглумовая кислота,таблетки диспергируемые,200 мг,
Карглумовая кислота,Карглумовая кислота,таблетки диспергируемые,200 мг,
Олиместра,Олмесартан медоксомил,"таблетки, покрытые пленочной оболочкой","10 мг, 20 мг, 40 мг",
ОлмесартКРОНО,Олмесартан медоксомил,"таблетки, покрытые пленочной оболочкой","10 мг, 20 мг, 40 мг",
Олмесартан медоксомил Лекфарм,Олмесартан медоксомил,"таблетки, покрытые пленочной оболочкой","10 мг, 20 мг, 40 мг",
Олмесартан медоксомил Сандоз®,Олмесартан медоксомил,"таблетки, покрытые пленочной оболочкой","10 мг, 20 мг, 40 мг",
Доксазозин-Тева,Доксазозин,таблетки,"1 мг, 2 мг, 4 мг",
Артезин,Доксазозин,таблетки,1 мг,
Артезин,Доксазозин,таблетки,"2 мг, 4 мг",
Урокард,Доксазозин,таблетки,"2 мг, 4 мг",
Доксазозин,Доксазозин,таблетки,"2 мг, 4 мг",
ДОКСАЗОЗИН,Доксазозин,таблетки,"1 мг, 2 мг, 4 мг",
Доксазозин-ФПО,Доксазозин,таблетки,"1 мг, 2 мг, 4 мг",
Бикана,Бикалутамид,"таблетки, покрытые пленочной оболочкой","50 мг, 150 мг",
Бикалутамид Канон,Бикалутамид,"таблетки, покрытые пленочной оболочкой","50 мг, 150 мг",
Бикакс онко,Бикалутамид,"таблетки, покрытые пленочной оболочкой","50 мг, 150 мг",
Бикалутамид,Бикалутамид,"таблетки, покрытые пленочной оболочкой","50 мг, 150 мг",
Бикалутамид,Бикалутамид,"таблетки, покрытые пленочной оболочкой","50 мг, 150 мг",
Бикалутамид-Тева,Бикалутамид,"таблетки, покрытые пленочной оболочкой","50 мг, 150 мг",
Бикалутамид,Бикалутамид,"таблетки, покрытые пленочной оболочкой",50 мг,
Андроблок,Бикалутамид,"таблетки, покрытые пленочной оболочкой",50 мг,
Леветирацетам,Леветирацетам,раствор для приема внутрь,100 мг/мл,
Леветирацетам,Леветирацетам,раствор для приема внутрь,100 мг/мл,
Леветирацетам,Леветирацетам,раствор для приема внутрь,100 мг/мл,
Эпикепран,Леветирацетам,"таблетки, покрытые пленочной оболочкой","250 мг, 500 мг, 1000 мг",
ЛЕВЕТИРАЦЕТАМ ВЕЛФАРМ,Леветирацетам,"таблетки, покрытые пленочной оболочкой","250 мг, 500 мг, 1000 мг",
Леветирацетам-ВЕРТЕКС,Леветирацетам,"таблетки, покрытые пленочной оболочкой","250 мг, 500 мг",
Леветирацетам Канон,Леветирацетам,"таблетки, покрытые пленочной оболочкой","250 мг, 500 мг, 1000 мг",
Леветинол,Леветирацетам,"таблетки, покрытые пленочной оболочкой","250 мг, 500 мг, 1000 мг",
Леветирацетам-Алиум,Леветирацетам,"таблетки, покрытые пленочной оболочкой","250 мг, 500 мг, 1000 мг",
Леветирацетам,Леветирацетам,"таблетки, покрытые пленочной оболочкой","250 мг, 500 мг, 750 мг, 1000 мг",
Кепайра-веро,Леветирацетам,"таблетки, покрытые пленочной оболочкой","250 мг, 500 мг, 1000 мг","Пациенты с непереносимостью лактозы, дефицитом лактазы, глюкозо-галактозной мальабсорбцией"
Зиртал-10,Эбастин,"таблетки, диспергируемые в полости рта",10 мг,
Эспа-Бастин,Эбастин,"таблетки, покрытые пленочной оболочкой","10 мг, 20 мг",
Аллергостин®,Эбастин,"таблетки, покрытые пленочной оболочкой","10 мг, 20 мг",
КАРФИЛЗОМИБ-ПРОМОМЕД,Карфилзомиб,лиофилизат для приготовления раствора для инфузий,60 мг,
Карфилзомиб Фармасинтез,Карфилзомиб,лиофилизат для приготовления раствора для инфузий,60 мг,
КАРФИЛЗА®,Карфилзомиб,лиофилизат для приготовления раствора для инфузий,60 мг,
Карфилзомиб-Гленмарк,Карфилзомиб,лиофилизат для приготовления раствора для инфузий,60 мг,
Карфилзомиб Дж,Карфилзомиб,лиофилизат для приготовления раствора для инфузий,60 мг,
Гранисетрон,Гранисетрон,концентрат для приготовления раствора для инфузий,1 мг/мл,
Гранисетрон,Гранисетрон,концентрат для приготовления раствора для инфузий,1 мг/мл,
Гранисетрон Каби,Гранисетрон,концентрат для приготовления раствора для инфузий,1 мг/мл,
Авомит,Гранисетрон,концентрат для приготовления раствора для инфузий,1 мг/мл,
Гранисетрон,Гранисетрон,"таблетки, покрытые пленочной оболочкой",1 мг,
ГРАНИСЕТРОН ВЕЛФАРМ,Гранисетрон,"таблетки, покрытые пленочной оболочкой",1 мг,
Гранисетрон-ТЛ,Гранисетрон,"таблетки, покрытые пленочной оболочкой",1 мг,
Пемброриа,Пембролизумаб,концентрат для приготовления раствора для инфузий,25 мг/мл,
Арфлейда,Пембролизумаб,концентрат для приготовления раствора для инфузий,25 мг/мл,
Лоратадин-ЭКОлаб,Лоратадин,сироп,1 мг/мл,"Пациенты с редкой врожденной непереносимостью фруктозы, пациенты, страдающие алкоголизмом, дети, беременные и кормящие матери, пациенты из группы высокого риска, в том числе с заболеваниями печени, эпилепсией, черепно мозговыми травмами, заболеваниями головного мозга."
Кларидол Аллерго,Лоратадин,сироп,1 мг/мл,
Лоратадин,Лоратадин,раствор для приема внутрь,5 мг/5 мл,
Лоратадин,Лоратадин,таблетки,10 мг,
Лоратадин,Лоратадин,таблетки,10 мг,
Лоратадин,Лоратадин,таблетки,10 мг,
Лоратадин-Тева,Лоратадин,таблетки,10 мг,
Лоратадин Реневал,Лоратадин,таблетки,10 мг,
Лоратадин,Лоратадин,таблетки,10 мг,
Лоратадин,Лоратадин,таблетки,10 мг,
Лоратадин-ВЕРТЕКС,Лоратадин,таблетки,10 мг,
Лоратадин-OBL,Лоратадин,таблетки,10 мг,
Лоратадин-АКОС,Лоратадин,таблетки,10 мг,
Ломилан,Лоратадин,таблетки,10 мг,
Лорагексал®,Лоратадин,таблетки,10 мг,
Лоратадин,Лоратадин,таблетки,10 мг,
Лоратадин Штада,Лоратадин,таблетки,10 мг,
Цефотаксим ДС,Цефотаксим,порошок для приготовления раствора для внутривенного и внутримышечного введения,1 г,
Цефотаксим,Цефотаксим,порошок для приготовления раствора для внутривенного и внутримышечного введения,1 г,
Цефабол,Цефотаксим,порошок для приготовления раствора для внутривенного и внутримышечного введения,1000 мг,
Цефотаксим,Цефотаксим,порошок для приготовления раствора для внутривенного и внутримышечного введения,1 г,
Цефотаксим,Цефотаксим,порошок для приготовления раствора для внутривенного и внутримышечного введения,"500 мг, 1000 мг",
Цефотаксим,Цефотаксим,порошок для приготовления раствора для внутривенного и внутримышечного введения,1000 мг,
Цефотаксим,Цефотаксим,порошок для приготовления раствора для внутривенного и внутримышечного введения,"500 мг, 1000 мг",
Цефотаксим,Цефотаксим,порошок для приготовления раствора для внутривенного и внутримышечного введения,1 г,
Цефотаксим,Цефотаксим,порошок для приготовления раствора для внутривенного и внутримышечного введения,"0.5 г, 1 г",
Цефотаксим,Цефотаксим,порошок для приготовления раствора для внутривенного и внутримышечного введения,"0.5 г, 1 г",
Цефотаксим,Цефотаксим,порошок для приготовления раствора для внутривенного и внутримышечного введения,"0.5 г, 1 г, 2 г",
ЦЕФАЛТЕГ,Цефотаксим,порошок для приготовления раствора для внутривенного и внутримышечного введения,"250 мг, 500 мг, 1000 мг, 2000 мг",
Цефотаксим,Цефотаксим,порошок для приготовления раствора для внутривенного и внутримышечного введения,1 г,
Оритаксим,Цефотаксим,порошок для приготовления раствора для внутривенного и внутримышечного введения,1000 мг,
Оритакс,Цефотаксим,порошок для приготовления раствора для внутривенного и внутримышечного введения,"500 мг, 1000 мг",
Цефотаксим-ЛЕКСВМ®,Цефотаксим,порошок для приготовления раствора для внутривенного и внутримышечного введения,1 г,
Цефотаксим-АЛВИЛС,Цефотаксим,порошок для приготовления раствора для внутривенного и внутримышечного введения,1 г,
Стафотаксим,Цефотаксим,порошок для приготовления раствора для инъекций,"0.25 г, 0.5 г, 1 г, 2 г",
Лифоран,Цефотаксим,порошок для приготовления раствора для инъекций,"0.25 г, 0.5 г, 1 г",
Цефотаксим,Цефотаксим,порошок для приготовления раствора для инъекций,"500 мг, 1 г",
Кларитромицин-Дж,Кларитромицин,лиофилизат для приготовления раствора для инфузий,500 мг,
Кларитромицин,Кларитромицин,лиофилизат для приготовления раствора для инфузий,500 мг,
Кларитромицин,Кларитромицин,лиофилизат для приготовления концентрата для приготовления раствора для инфузий,500 мг,
ОРАДРО®,Кларитромицин,лиофилизат для приготовления концентрата для приготовления раствора для инфузий,500 мг,
Кларитромицин-ВЕРТЕКС,Кларитромицин,капсулы,250 мг,"Пациенты с непереносимостью лактозы, дефицитом лактазы, глюкозо-галактозной мальабсорбцией"
Кларитромицин,Кларитромицин,"таблетки, покрытые пленочной оболочкой",250 мг,
Кларитромицин,Кларитромицин,"таблетки, покрытые пленочной оболочкой",500 мг,
Класине®,Кларитромицин,"таблетки, покрытые пленочной оболочкой",500 мг,
Кларитромицин,Кларитромицин,"таблетки, покрытые пленочной оболочкой",500 мг,
Кларитромицин-ВЕРТЕКС,Кларитромицин,"таблетки, покрытые пленочной оболочкой",500 мг,"Пациенты с непереносимостью лактозы, дефицитом лактазы, глюкозо-галактозной мальабсорбцией"
Кларитромицин,Кларитромицин,"таблетки, покрытые пленочной оболочкой",500 мг,
Фромилид,Кларитромицин,"таблетки, покрытые пленочной оболочкой","250 мг, 500 мг",
Кларитросин,Кларитромицин,"таблетки, покрытые пленочной оболочкой","250 мг, 500 мг","Пациенты с непереносимостью лактозы, дефицитом лактазы, глюкозо-галактозной мальабсорбцией"
Кларитромицин-Акрихин,Кларитромицин,"таблетки, покрытые пленочной оболочкой","250 мг, 500 мг",
Кларитромицин,Кларитромицин,"таблетки, покрытые пленочной оболочкой","250 мг, 500 мг",
Кларитромицин,Кларитромицин,"таблетки, покрытые пленочной оболочкой","250 мг, 500 мг",
Кларитромицин,Кларитромицин,"таблетки, покрытые пленочной оболочкой","250 мг, 500 мг",
Кларитромицин Реневал,Кларитромицин,"таблетки, покрытые пленочной оболочкой","250 мг, 500 мг",
Кларитромицин Экозитрин®,Кларитромицин,"таблетки, покрытые пленочной оболочкой","250 мг, 500 мг",
Клабакс®,Кларитромицин,"таблетки, покрытые пленочной оболочкой","250 мг, 500 мг",
Кларитромицин-OBL,Кларитромицин,"таблетки, покрытые пленочной оболочкой","250 мг, 500 мг",
Кларбакт®,Кларитромицин,"таблетки, покрытые пленочной оболочкой","250 мг, 500 мг",
Кларитромицин,Кларитромицин,"таблетки, покрытые пленочной оболочкой","250 мг, 500 мг",
Кларитромицин-Тева,Кларитромицин,"таблетки, покрытые пленочной оболочкой","250 мг, 500 мг","Пациенты с непереносимостью лактозы, дефицитом лактазы, глюкозо-галактозной мальабсорбцией"
Сейдон-сановель,Кларитромицин,гранулы для приготовления суспензии для приема внутрь,"125 мг/5 мл, 250 мг/5 мл",
Фромилид Уно,Кларитромицин,"таблетки с пролонгированным высвобождением, покрытые пленочной оболочкой",500 мг,
Кларитромицин,Кларитромицин,"таблетки с пролонгированным высвобождением, покрытые пленочной оболочкой",500 мг,
Кларитромицин ретард-OBL,Кларитромицин,"таблетки с пролонгированным высвобождением, покрытые пленочной оболочкой",500 мг,
Кларитромицин СР-Вертекс,Кларитромицин,"таблетки с пролонгированным высвобождением, покрытые пленочной оболочкой",500 мг,
Клабакс® ОД,Кларитромицин,"таблетки с пролонгированным высвобождением, покрытые пленочной оболочкой",500 мг,
Эниксум,Эноксапарин натрия,раствор для инъекций,"2000 анти-Ха МЕ/0.2 мл, 3000 анти-Ха МЕ/0.3 мл, 4000 анти-Ха МЕ/0.4 мл, 5000 анти-Ха МЕ/0.5 мл, 6000 анти-Xа МЕ/0.6 мл, 7000 анти-Ха МЕ/0.7 мл, 8000 анти-Ха МЕ/0.8 мл, 9000 анти-Ха МЕ/0.9 мл, 10000 анти-Ха МЕ/1.0 мл",
Ксимиксан®,Эноксапарин натрия,раствор для инъекций,"2000 анти-Ха МЕ/0.2 мл, 4000 анти-Ха МЕ/0.4 мл, 6000 анти-Xа МЕ/0.6 мл, 8000 анти-Ха МЕ/0.8 мл, 10000 анти-Ха МЕ/1.0 мл",
Эноксапарин натрия,Эноксапарин натрия,раствор для инъекций,"2000 анти-Ха МЕ/0.2 мл, 3000 анти-Ха МЕ/0.3 мл, 4000 анти-Ха МЕ/0.4 мл, 5000 анти-Ха МЕ/0.5 мл, 6000 анти-Xа МЕ/0.6 мл, 7000 анти-Ха МЕ/0.7 мл, 8000 анти-Ха МЕ/0.8 мл, 10000 анти-Ха МЕ/1.0 мл",
Эноксапарин натрия,Эноксапарин натрия,раствор для инъекций,10000 анти-Xa МЕ/мл,
Эноксапарин натрия,Эноксапарин натрия,раствор для инъекций,10000 анти-Xa МЕ/мл,
Эноксапарин натрия-АМЕДАРТ,Эноксапарин натрия,раствор для инъекций,"2000 анти-Ха МЕ, 3000 анти-Ха МЕ, 4000 анти-Ха МЕ, 5000 анти-Ха МЕ, 6000 анти-Xа МЕ, 7000 анти-Ха МЕ, 8000 анти-Ха МЕ, 9000 анти-Ха МЕ, 10000 анти-Ха МЕ",
ЭНОКСИПАР,Эноксапарин натрия,раствор для инъекций,"2000 анти-Ха МЕ/0.2 мл, 4000 анти-Ха МЕ/0.4 мл, 6000 анти-Xа МЕ/0.6 мл, 8000 анти-Ха МЕ/0.8 мл, 10000 анти-Ха МЕ/1.0 мл",
ЭНОКСАПАРИН НАТРИЯ ВЕЛФАРМ,Эноксапарин натрия,раствор для инъекций,10000 анти-Xa МЕ/мл,
ЭНОПАРИН®,Эноксапарин натрия,раствор для инъекций,10000 анти-Xa МЕ/мл,
Эноксапарин-Бинергия,Эноксапарин натрия,раствор для инъекций,10000 анти-Ха МЕ/мл,
Гемапаксан,Эноксапарин натрия,раствор для инъекций,10000 анти-Xa МЕ/мл,
Лозап®,Лозартан,"таблетки, покрытые пленочной оболочкой",100 мг,
Презартан,Лозартан,"таблетки, покрытые пленочной оболочкой",100 мг,
Лозартан-Ксантис,Лозартан,"таблетки, покрытые пленочной оболочкой","12.5 мг, 50 мг, 100 мг",
Лозартан-ТАД,Лозартан,"таблетки, покрытые пленочной оболочкой","12.5 мг, 25 мг, 50 мг, 100 мг",
Лозартан,Лозартан,"таблетки, покрытые пленочной оболочкой","12.5 мг, 50 мг, 100 мг",
Лозартан,Лозартан,"таблетки, покрытые пленочной оболочкой","50 мг, 100 мг",
ЛОЗАРТАН ВЕЛФАРМ,Лозартан,"таблетки, покрытые пленочной оболочкой","12.5 мг, 25 мг, 50 мг, 100 мг",
Лозартан-ВЕРТЕКС,Лозартан,"таблетки, покрытые пленочной оболочкой","12.5 мг, 25 мг, 50 мг, 100 мг",
Лориста,Лозартан,"таблетки, покрытые пленочной оболочкой","12.5 мг, 25 мг, 50 мг, 100 мг",
Лозартан Реневал,Лозартан,"таблетки, покрытые пленочной оболочкой","12.5 мг, 25 мг, 50 мг, 100 мг",
Лозартан Канон,Лозартан,"таблетки, покрытые пленочной оболочкой","50 мг, 100 мг",
Лозартан-Тева,Лозартан,"таблетки, покрытые пленочной оболочкой","25 мг, 50 мг, 100 мг",
Лозартан-Рихтер,Лозартан,"таблетки, покрытые пленочной оболочкой","50 мг, 100 мг",
Лосакор,Лозартан,"таблетки, покрытые пленочной оболочкой","12.5 мг, 50 мг, 100 мг",
ЛОЗАРТАН-НАНОЛЕК®,Лозартан,"таблетки, покрытые пленочной оболочкой","50 мг, 100 мг",
Блоктран,Лозартан,"таблетки, покрытые пленочной оболочкой",50 мг,
Блоктран,Лозартан,"таблетки, покрытые пленочной оболочкой",12.5 мг,
Лозап®,Лозартан,"таблетки, покрытые пленочной оболочкой","12.5 мг, 50 мг",
Лозартан-АКОС,Лозартан,"таблетки, покрытые пленочной оболочкой","12.5 мг, 25 мг, 50 мг",
Карзартан,Лозартан,"таблетки, покрытые пленочной оболочкой","25 мг, 50 мг",
Бидоп,Бисопролол,таблетки,"5 мг, 10 мг","Пациенты с непереносимостью лактозы, дефицитом лактазы, глюкозо-галактозной мальабсорбцией"
Бисопролол,Бисопролол,"таблетки, покрытые пленочной оболочкой","5 мг, 10 мг",
Коронал,Бисопролол,"таблетки, покрытые пленочной оболочкой","5 мг, 10 мг",
Бисопролол-Акрихин,Бисопролол,"таблетки, покрытые пленочной оболочкой","5 мг, 10 мг",
Бисопролол,Бисопролол,"таблетки, покрытые пленочной оболочкой","5 мг, 10 мг","Пациенты с непереносимостью лактозы, дефицитом лактазы, глюкозо-галактозной мальабсорбцией"
Бисопролол Канон,Бисопролол,"таблетки, покрытые пленочной оболочкой","5 мг, 10 мг","Пациенты с непереносимостью лактозы, дефицитом лактазы, глюкозо-галактозной мальабсорбцией"
Бисогамма®,Бисопролол,"таблетки, покрытые пленочной оболочкой","5 мг, 10 мг",
БИСОПРОЛОЛ-ПРАНА,Бисопролол,"таблетки, покрытые пленочной оболочкой","5 мг, 10 мг",
Бисопролол,Бисопролол,"таблетки, покрытые пленочной оболочкой","2.5 мг, 5 мг, 10 мг",
Бисопролол,Бисопролол,"таблетки, покрытые пленочной оболочкой","2.5 мг, 5 мг, 10 мг","Пациенты с непереносимостью лактозы, дефицитом лактазы, глюкозо-галактозной мальабсорбцией"
Бисопролол,Бисопролол,"таблетки, покрытые пленочной оболочкой","2.5 мг, 5 мг, 10 мг","Пациенты с непереносимостью лактозы, дефицитом лактазы, глюкозо-галактозной мальабсорбцией"
Бисопролол Алкалоид,Бисопролол,"таблетки, покрытые пленочной оболочкой","2.5 мг, 5 мг, 10 мг",
Бисопролол Реневал,Бисопролол,"таблетки, покрытые пленочной оболочкой","2.5 мг, 5 мг, 10 мг",
БИСОПРОЛОЛ,Бисопролол,"таблетки, покрытые пленочной оболочкой","2.5 мг, 5 мг, 10 мг","Пациенты с непереносимостью лактозы, дефицитом лактазы, глюкозо-галактозной мальабсорбцией"
Бисопролол,Бисопролол,"таблетки, покрытые пленочной оболочкой","2.5 мг, 5 мг, 10 мг",
Нипертен,Бисопролол,"таблетки, покрытые пленочной оболочкой","2.5 мг, 5 мг, 10 мг",
БИСОПРОЛОЛ-АЛИУМ,Бисопролол,"таблетки, покрытые пленочной оболочкой","2.5 мг, 5 мг, 10 мг",
Бисомор,Бисопролол,"таблетки, покрытые пленочной оболочкой","2.5 мг, 5 мг, 10 мг",
Бисопролол,Бисопролол,"таблетки, покрытые пленочной оболочкой",2.5 мг,"Пациенты с непереносимостью лактозы, дефицитом лактазы, глюкозо-галактозной мальабсорбцией"
Бисопролол Канон,Бисопролол,"таблетки, покрытые пленочной оболочкой",2.5 мг,"Пациенты с непереносимостью лактозы, дефицитом лактазы, глюкозо-галактозной мальабсорбцией"
БИДОП®КОР,Бисопролол,таблетки,2.5 мг,"Пациенты с непереносимостью лактозы, дефицитом лактазы, глюкозо-галактозной мальабсорбцией"
Пантопразол,Пантопразол,лиофилизат для приготовления раствора для внутривенного введения,40 мг,
Пантопразол,Пантопразол,лиофилизат для приготовления раствора для внутривенного введения,40 мг,
Пантопразол-Белмед,Пантопразол,лиофилизат для приготовления раствора для внутривенного введения,40 мг,
Санпраз®,Пантопразол,лиофилизат для приготовления раствора для внутривенного введения,40 мг,
Панум,Пантопразол,лиофилизат для приготовления раствора для внутривенного введения,40 мг,
Пантопразол-Вертекс,Пантопразол,"таблетки кишечнорастворимые, покрытые пленочной оболочкой","20 мг, 40 мг",
Нольпаза,Пантопразол,"таблетки кишечнорастворимые, покрытые пленочной оболочкой","20 мг, 40 мг",Пациенты с редкой врожденной непереносимостью фруктозы.
Пантопразол Канон,Пантопразол,"таблетки кишечнорастворимые, покрытые пленочной оболочкой","20 мг, 40 мг",
Санпраз®,Пантопразол,"таблетки кишечнорастворимые, покрытые пленочной оболочкой",40 мг,
Санпраз®,Пантопразол,"таблетки кишечнорастворимые, покрытые пленочной оболочкой",20 мг,
Глатират,Глатирамера ацетат,раствор для подкожного введения,20 мг/мл,
Аксоглатиран ФС,Глатирамера ацетат,раствор для подкожного введения,20 мг/мл,
Глацетат,Глатирамера ацетат,раствор для подкожного введения,"20 мг/мл, 40 мг/мл",
Бравадин,Ивабрадин,"таблетки, покрытые пленочной оболочкой","5 мг, 7.5 мг",
Раеном,Ивабрадин,"таблетки, покрытые пленочной оболочкой","5 мг, 7.5 мг",
Ивабрадин,Ивабрадин,"таблетки, покрытые пленочной оболочкой","5 мг, 7.5 мг",
Вивароксан,Ивабрадин,"таблетки, покрытые пленочной оболочкой","5 мг, 7.5 мг",
Амиодарон,Амиодарон,концентрат для приготовления раствора для внутривенного введения,50 мг/мл,
Амиодарон,Амиодарон,концентрат для приготовления раствора для внутривенного введения,50 мг/мл,
Амиодарон,Амиодарон,концентрат для приготовления раствора для внутривенного введения,50 мг/мл,
Амиодарон,Амиодарон,концентрат для приготовления раствора для внутривенного введения,50 мг/мл,
Амиодарон,Амиодарон,концентрат для приготовления раствора для внутривенного введения,50 мг/мл,
Амиодарон Велфарм,Амиодарон,концентрат для приготовления раствора для внутривенного введения,50 мг/мл,
Кардиодарон,Амиодарон,концентрат для приготовления раствора для внутривенного введения,50 мг/мл,
Амиодарон,Амиодарон,раствор для внутривенного введения,50 мг/мл,
Амиодарон,Амиодарон,таблетки,200 мг,
Амиодарон,Амиодарон,таблетки,200 мг,
Амиодарон,Амиодарон,таблетки,200 мг,
Амиодарон,Амиодарон,таблетки,200 мг,
Амиодарон,Амиодарон,таблетки,200 мг,
КОРЕНЦЕФ®,Полипептиды коры головного мозга скота,лиофилизат для приготовления раствора для внутримышечного введения,10 мг,
Дактиномицин,Дактиномицин,лиофилизат для приготовления раствора для внутривенного введения и перфузий,0.5 мг,
Акномид Д,Дактиномицин,раствор для внутривенного введения и перфузий,0.5 мг/мл,
Эрмиталь®,Панкреатин,капсулы кишечнорастворимые,"10000 ЕД, 25000 ЕД, 36000 ЕД",кроме применения через гастростомическую трубку при наличии соответствующих медицинских показаний
Мезим® нео 25000,Панкреатин,капсулы кишечнорастворимые,25000 ЕД,кроме применения через гастростомическую трубку при наличии соответствующих медицинских показаний
Розувастатин Канон,Розувастатин,"таблетки, покрытые пленочной оболочкой","10 мг, 20 мг, 40 мг",
Розистарк,Розувастатин,"таблетки, покрытые пленочной оболочкой","10 мг, 20 мг, 40 мг",
Розувастатин-ЛекТ,Розувастатин,"таблетки, покрытые пленочной оболочкой","10 мг, 20 мг, 40 мг",
Розувастатин,Розувастатин,"таблетки, покрытые пленочной оболочкой","10 мг, 20 мг, 40 мг",
РОЗУВАСТАТИН АВЕКСИМА,Розувастатин,"таблетки, покрытые пленочной оболочкой","10 мг, 20 мг, 40 мг",
Розувастатин-Виал,Розувастатин,"таблетки, покрытые пленочной оболочкой","10 мг, 20 мг",
Розукард,Розувастатин,"таблетки, покрытые пленочной оболочкой","10 мг, 20 мг, 40 мг",
Розувастатин,Розувастатин,"таблетки, покрытые пленочной оболочкой","10 мг, 20 мг",
Розувастатин,Розувастатин,"таблетки, покрытые пленочной оболочкой","10 мг, 20 мг",
Ро-статин,Розувастатин,капсулы,"5 мг, 10 мг, 20 мг, 40 мг",
Розувастатин,Розувастатин,"таблетки, покрытые пленочной оболочкой","5 мг, 10 мг, 20 мг, 40 мг",
Розарт,Розувастатин,"таблетки, покрытые пленочной оболочкой","5 мг, 10 мг, 20 мг, 40 мг",
Розарт,Розувастатин,"таблетки, покрытые пленочной оболочкой","5 мг, 10 мг, 20 мг, 40 мг",
РОЗУВАСТАТИН,Розувастатин,"таблетки, покрытые пленочной оболочкой","5 мг, 10 мг, 20 мг, 40 мг",
Розувастатин-СЗ,Розувастатин,"таблетки, покрытые пленочной оболочкой","5 мг, 10 мг, 20 мг, 40 мг",
Розувастатин,Розувастатин,"таблетки, покрытые пленочной оболочкой","5 мг, 10 мг, 20 мг, 40 мг",
РОЗУВАСТАТИН,Розувастатин,"таблетки, покрытые пленочной оболочкой","5 мг, 10 мг, 15 мг, 20 мг, 30 мг, 40 мг",
Сувардио,Розувастатин,"таблетки, покрытые пленочной оболочкой","5 мг, 10 мг, 20 мг, 40 мг",
Розувастатин,Розувастатин,"таблетки, покрытые пленочной оболочкой","5 мг, 10 мг, 20 мг",
Липопрайм,Розувастатин,"таблетки, покрытые пленочной оболочкой","5 мг, 10 мг, 20 мг",
РОЗУВАСТАТИН-АЛИУМ,Розувастатин,"таблетки, покрытые пленочной оболочкой","5 мг, 10 мг, 20 мг, 40 мг",
Роксера,Розувастатин,"таблетки, покрытые пленочной оболочкой","5 мг, 10 мг, 15 мг, 20 мг, 30 мг, 40 мг",
Розувастатин,Розувастатин,"таблетки, покрытые пленочной оболочкой","5 мг, 10 мг, 20 мг, 40 мг",
Розувастатин АВВА,Розувастатин,"таблетки, покрытые пленочной оболочкой","5 мг, 10 мг, 20 мг",
Розувастатин Реневал,Розувастатин,"таблетки, покрытые пленочной оболочкой","5 мг, 10 мг, 20 мг",
Розувастатин,Розувастатин,"таблетки, покрытые пленочной оболочкой","5 мг, 10 мг, 20 мг",
РОЗУВАСТАТИН ВЕЛФАРМ,Розувастатин,"таблетки, покрытые пленочной оболочкой","5 мг, 10 мг, 20 мг, 40 мг",
Розулип,Розувастатин,"таблетки, покрытые пленочной оболочкой","5 мг, 10 мг, 20 мг",
Ишенор®,Розувастатин,"таблетки, покрытые пленочной оболочкой","5 мг, 10 мг, 20 мг",
Мертенил,Розувастатин,"таблетки, покрытые пленочной оболочкой","5 мг, 10 мг, 20 мг, 40 мг",
Кардиолип,Розувастатин,"таблетки, покрытые пленочной оболочкой","5 мг, 10 мг, 20 мг",
Розувастатин-ВЕРТЕКС,Розувастатин,"таблетки, покрытые пленочной оболочкой","5 мг, 10 мг, 20 мг, 40 мг",
Латанопрост-ДИА,Латанопрост,капли глазные,0.005%,
Ксалатамакс,Латанопрост,капли глазные,0.005%,
ОФТОПРОСТ,Латанопрост,капли глазные,0.05 мг/мл,
Пролатан,Латанопрост,капли глазные,0.005%,
Латакулин,Латанопрост,капли глазные,50 мкг/мл,
Латанопрост-Тева,Латанопрост,капли глазные,0.005%,
ГЛАУПРОСТ,Латанопрост,капли глазные,0.05 мг/мл,
Глаумакс,Латанопрост,капли глазные,0.005%,
Латаномол,Латанопрост,капли глазные,0.005%,
КСАЛАМАКС ИНКАМФАРМ,Латанопрост,капли глазные,0.005%,
Монолатан,Латанопрост,капли глазные,0.005%,
Ланпрессан®,Латанопрост,капли глазные,0.05 мг/мл,
Латанопрост-СЗ,Латанопрост,капли глазные,50 мкг/мл,
Латан Антиглау ЭКО,Латанопрост,капли глазные,50 мкг/мл,
Латанопрост-Бинергия,Латанопрост,капли глазные,0.005%,
Латанопрост-Оптик,Латанопрост,капли глазные,0.005%,
Кризотиниб-Промомед,Кризотиниб,капсулы,"200 мг, 250 мг",
Риваксаб™,Ривароксабан,"таблетки, покрытые пленочной оболочкой",2.5 мг,
Риваксоред®,Ривароксабан,"таблетки, покрытые пленочной оболочкой",2.5 мг,
Риваксан-НАН,Ривароксабан,"таблетки, покрытые пленочной оболочкой","10 мг, 15 мг, 20 мг",
Ривароксабан-ЭТ,Ривароксабан,"таблетки, покрытые пленочной оболочкой","10 мг, 15 мг, 20 мг",
Ривароксабан,Ривароксабан,"таблетки, покрытые пленочной оболочкой","10 мг, 15 мг, 20 мг",
Ривароксабан-ФП,Ривароксабан,"таблетки, покрытые пленочной оболочкой","10 мг, 15 мг, 20 мг",
Ликвирел,Ривароксабан,"таблетки, покрытые пленочной оболочкой","10 мг, 15 мг, 20 мг",
Варокса МЛ,Ривароксабан,"таблетки, покрытые пленочной оболочкой","10 мг, 15 мг, 20 мг",
Ривароксабан - ВЕРТЕКС,Ривароксабан,"таблетки, покрытые пленочной оболочкой","10 мг, 15 мг, 20 мг",
Ривароксабан Медисорб,Ривароксабан,"таблетки, покрытые пленочной оболочкой","15 мг, 20 мг",
Ривароксабан,Ривароксабан,"таблетки, покрытые пленочной оболочкой","15 мг, 20 мг",
Риваксоред®,Ривароксабан,"таблетки, покрытые пленочной оболочкой","15 мг, 20 мг",
Риваксаб™,Ривароксабан,"таблетки, покрытые пленочной оболочкой","15 мг, 20 мг",
Риварогард®,Ривароксабан,"таблетки, покрытые пленочной оболочкой","15 мг, 20 мг",
Ривароксабан Канон,Ривароксабан,"таблетки, покрытые пленочной оболочкой","15 мг, 20 мг",
РИВАРОКСАБАН,Ривароксабан,"таблетки, покрытые пленочной оболочкой","15 мг, 20 мг",
РИВАРОКСАБАН ЛЕКАС,Ривароксабан,"таблетки, покрытые пленочной оболочкой","15 мг, 20 мг",
Риваксоред®,Ривароксабан,"таблетки, покрытые пленочной оболочкой",10 мг,
Риваксаб™,Ривароксабан,"таблетки, покрытые пленочной оболочкой",10 мг,
Ривароксабан-АЛСИ,Ривароксабан,"таблетки, покрытые пленочной оболочкой","2.5 мг, 10 мг",
Ривароксия,Ривароксабан,"таблетки, покрытые пленочной оболочкой","2.5 мг, 10 мг, 15 мг, 20 мг",
Ривароксабан Сандоз®,Ривароксабан,"таблетки, покрытые пленочной оболочкой","2.5 мг, 10 мг, 15 мг, 20 мг",
Ривароксабан-Рихтер,Ривароксабан,"таблетки, покрытые пленочной оболочкой","2.5 мг, 10 мг, 15 мг, 20 мг",
Ривароксабан,Ривароксабан,"таблетки, покрытые пленочной оболочкой","2.5 мг, 10 мг, 15 мг, 20 мг",
Ривароксабан-СЗ,Ривароксабан,"таблетки, покрытые пленочной оболочкой","2.5 мг, 10 мг, 15 мг, 20 мг",
Ривароксабан,Ривароксабан,"таблетки, покрытые пленочной оболочкой","2.5 мг, 10 мг, 15 мг, 20 мг",
Ривароксабан Фармасинтез,Ривароксабан,"таблетки, покрытые пленочной оболочкой","2.5 мг, 10 мг, 15 мг, 20 мг",
Фоксизио®,Ривароксабан,"таблетки, покрытые пленочной оболочкой","2.5 мг, 10 мг, 15 мг, 20 мг",
Ривароксабан ПСК,Ривароксабан,"таблетки, покрытые пленочной оболочкой","2.5 мг, 10 мг, 15 мг, 20 мг",
Ривароксабан Белупо,Ривароксабан,"таблетки, покрытые пленочной оболочкой","2.5 мг, 10 мг, 15 мг, 20 мг",
Антитромикс,Ривароксабан,"таблетки, покрытые пленочной оболочкой","2.5 мг, 10 мг, 15 мг, 20 мг",
Ривароксабан,Ривароксабан,"таблетки, покрытые пленочной оболочкой","2.5 мг, 10 мг, 15 мг, 20 мг",
РИВАРОКСАБАН ВЕЛФАРМ,Ривароксабан,"таблетки, покрытые пленочной оболочкой","2.5 мг, 10 мг, 15 мг, 20 мг",
Ривароксабан,Ривароксабан,"таблетки, покрытые пленочной оболочкой","2.5 мг, 10 мг, 15 мг, 20 мг",
Ривароксабан-АМЕДАРТ,Ривароксабан,"таблетки, покрытые пленочной оболочкой","2.5 мг, 10 мг, 15 мг, 20 мг",
Ривароксабан,Ривароксабан,"таблетки, покрытые пленочной оболочкой","2.5 мг, 10 мг, 15 мг, 20 мг",
Аровабан®,Ривароксабан,"таблетки, покрытые пленочной оболочкой","2.5 мг, 10 мг, 15 мг, 20 мг",
Ингибса,Ривароксабан,"таблетки, покрытые пленочной оболочкой","2.5 мг, 10 мг, 15 мг, 20 мг",
Ривароксабан,Ривароксабан,"таблетки, покрытые пленочной оболочкой","2.5 мг, 10 мг, 15 мг, 20 мг",
Ривароксабан Реневал,Ривароксабан,"таблетки, покрытые пленочной оболочкой","2.5 мг, 10 мг, 15 мг, 20 мг",
Зинакорен,Ривароксабан,"таблетки, покрытые пленочной оболочкой","2.5 мг, 10 мг, 15 мг, 20 мг",
Ривароксабан-Тева,Ривароксабан,"таблетки, покрытые пленочной оболочкой","2.5 мг, 10 мг, 15 мг, 20 мг",
АРРИКСАРДО,Ривароксабан,"таблетки, покрытые пленочной оболочкой","2.5 мг, 10 мг, 15 мг, 20 мг",
Ксилтесс®,Ривароксабан,"таблетки, покрытые пленочной оболочкой","2.5 мг, 10 мг, 15 мг, 20 мг",
Ривароксабан-Ника,Ривароксабан,"таблетки, покрытые пленочной оболочкой","2.5 мг, 10 мг, 15 мг, 20 мг",
РИВАРОКСАБАН,Ривароксабан,"таблетки, покрытые пленочной оболочкой","2.5 мг, 10 мг, 15 мг, 20 мг",
Круоксабан,Ривароксабан,"таблетки, покрытые пленочной оболочкой","2.5 мг, 10 мг, 15 мг, 20 мг",
РИВАРОКСАБАН,Ривароксабан,"таблетки, покрытые пленочной оболочкой","2.5 мг, 10 мг, 15 мг, 20 мг",
РИВАРОКСАБАН,Ривароксабан,"таблетки, покрытые пленочной оболочкой","2.5 мг, 10 мг, 15 мг, 20 мг",
Кабецин,Капецитабин,"таблетки, покрытые пленочной оболочкой","150 мг, 500 мг",
Капаметин ФС,Капецитабин,"таблетки, покрытые пленочной оболочкой","150 мг, 500 мг",
Капецитабин-ТЛ,Капецитабин,"таблетки, покрытые пленочной оболочкой","150 мг, 500 мг",
Капецитабин,Капецитабин,"таблетки, покрытые пленочной оболочкой","150 мг, 500 мг",
Капецитабин,Капецитабин,"таблетки, покрытые пленочной оболочкой","150 мг, 500 мг",
Капецитабин,Капецитабин,"таблетки, покрытые пленочной оболочкой","150 мг, 500 мг",
Тутабин,Капецитабин,"таблетки, покрытые пленочной оболочкой",500 мг,
Орлистат,Орлистат,капсулы,120 мг,
Орлистат,Орлистат,капсулы,120 мг,
Орлистат,Орлистат,капсулы,120 мг,
ОРЛИСТАТ-АЛИУМ,Орлистат,капсулы,120 мг,
Орсотен,Орлистат,капсулы,120 мг,
Орлистат Канон,Орлистат,капсулы,120 мг,
ОРЛИСТАТ-ЛекТ,Орлистат,капсулы,120 мг,"Пациенты с дефицитом сахаразы/изомальтазы, непереносимостью фруктозы, глюкозо-галактозной мальабсорбцией"
Орлистат-Акрихин,Орлистат,капсулы,120 мг,
Листата,Орлистат,"таблетки, покрытые пленочной оболочкой",120 мг,
Лорноксикам-ТРИВИУМ,Лорноксикам,лиофилизат для приготовления раствора для внутривенного и внутримышечного введения,8 мг,
Лорноксикам,Лорноксикам,лиофилизат для приготовления раствора для внутривенного и внутримышечного введения,8 мг,
Лорноксикам-Бинергия,Лорноксикам,лиофилизат для приготовления раствора для внутривенного и внутримышечного введения,8 мг,
Лорноксикам Канон,Лорноксикам,лиофилизат для приготовления раствора для внутривенного и внутримышечного введения,8 мг,
ЛОРНОКСИКАМ,Лорноксикам,лиофилизат для приготовления раствора для внутривенного и внутримышечного введения,8 мг,
ЛОРНИЯ,Лорноксикам,лиофилизат для приготовления раствора для внутривенного и внутримышечного введения,8 мг,
ЛОРНОЛИОФ,Лорноксикам,лиофилизат для приготовления раствора для внутривенного и внутримышечного введения,8 мг,
Зорника,Лорноксикам,"таблетки, покрытые пленочной оболочкой","4 мг, 8 мг",
Лорноксеф®,Лорноксикам,"таблетки, покрытые пленочной оболочкой","4 мг, 8 мг",
Лорноксикам Канон,Лорноксикам,"таблетки, покрытые пленочной оболочкой","4 мг, 8 мг",
Лорноксикам,Лорноксикам,"таблетки, покрытые пленочной оболочкой","4 мг, 8 мг",
Лорноксикам,Лорноксикам,"таблетки, покрытые пленочной оболочкой","4 мг, 8 мг",
Супрастинекс,Левоцетиризин,капли для приема внутрь,5 мг/мл,
Квисил дропс,Левоцетиризин,капли для приема внутрь,5 мг/мл,
Аллервэй,Левоцетиризин,капли для приема внутрь,5 мг/мл,
Левоцетиризин АВВА,Левоцетиризин,капли для приема внутрь,5 мг/мл,
Левоцетиризин Реневал,Левоцетиризин,капли для приема внутрь,5 мг/мл,
Аллервэй Экспресс,Левоцетиризин,"таблетки, диспергируемые в полости рта",5 мг,Пациенты с фенилкетонурией
"Лазин 5,0",Левоцетиризин,"таблетки, покрытые пленочной оболочкой",5 мг,
ФРИ-АЛ,Левоцетиризин,"таблетки, покрытые пленочной оболочкой",5 мг,
Левоцетиризин Реневал,Левоцетиризин,"таблетки, покрытые пленочной оболочкой",5 мг,
Аллервэй,Левоцетиризин,"таблетки, покрытые пленочной оболочкой",5 мг,
Эльцет,Левоцетиризин,"таблетки, покрытые пленочной оболочкой",5 мг,
Левоцетиризин-Тева,Левоцетиризин,"таблетки, покрытые пленочной оболочкой",5 мг,
Супрастинекс,Левоцетиризин,"таблетки, покрытые пленочной оболочкой",5 мг,
Гленцет,Левоцетиризин,"таблетки, покрытые пленочной оболочкой",5 мг,
Зодак Экспресс,Левоцетиризин,"таблетки, покрытые пленочной оболочкой",5 мг,
Тивовин,Левоцетиризин,"таблетки, покрытые пленочной оболочкой",5 мг,
СТРЕГА® табс,Левоцетиризин,"таблетки, покрытые пленочной оболочкой",5 мг,
Квисил табс,Левоцетиризин,"таблетки, покрытые пленочной оболочкой",5 мг,
Левоцетиризин,Левоцетиризин,"таблетки, покрытые пленочной оболочкой",5 мг,
Алерсэт-Л,Левоцетиризин,"таблетки, покрытые пленочной оболочкой",5 мг,
Цетрин® Л,Левоцетиризин,"таблетки, покрытые пленочной оболочкой",5 мг,
Аллергофри®,Левоцетиризин,таблетки,5 мг,
Генолар®,Омализумаб,лиофилизат для приготовления раствора для подкожного введения,150 мг,
"Радия хлорид, 223Ra",Радия хлорид [223 Ra],раствор для внутривенного введения,1100 кБк/мл,
"Ракурс, 223 Ra",Радия хлорид [223 Ra],раствор для внутривенного введения,1100 кБк/мл,
"Радия хлорид, 223Ra",Радия хлорид [223 Ra],раствор для внутривенного введения,1100 кБк/мл,
Энзаклуд,Энзалутамид,капсулы,40 мг,
Даптомицин ПСК,Даптомицин,лиофилизат для приготовления раствора для внутривенного введения,"350 мг, 500 мг",
Доменицин,Даптомицин,лиофилизат для приготовления раствора для внутривенного введения,"350 мг, 500 мг",
ДАПТОМИЦИН,Даптомицин,лиофилизат для приготовления раствора для внутривенного введения,"350 мг, 500 мг",
ДАПТОМИЦИН,Даптомицин,лиофилизат для приготовления раствора для внутривенного введения,"350 мг, 500 мг",
Даптомицин Дж,Даптомицин,лиофилизат для приготовления раствора для внутривенного введения,"350 мг, 500 мг",
Доменицин,Даптомицин,лиофилизат для приготовления раствора для внутривенного введения,"350 мг, 500 мг",
Сапроптерин ПСК,Сапроптерин,таблетки растворимые,100 мг,
АЛАРИО-ТЛ,Молнупиравир,капсулы,200 мг,
Молнупиравир,Молнупиравир,капсулы,"200 мг, 400 мг",
Молнупиравир-Амедарт,Молнупиравир,капсулы,200 мг,
Молнупиравир ПСК,Молнупиравир,капсулы,200 мг,
Молнупиравир Валента,Молнупиравир,капсулы,200 мг,"Пациенты с непереносимостью лактозы, дефицитом лактазы, глюкозо-галактозной мальабсорбцией"
Фуросемид,Фуросемид,раствор для внутривенного и внутримышечного введения,10 мг/мл,
Фуросемид,Фуросемид,раствор для внутривенного и внутримышечного введения,10 мг/мл,
Фуросемид,Фуросемид,раствор для внутривенного и внутримышечного введения,10 мг/мл,
Фуросемид,Фуросемид,раствор для внутривенного и внутримышечного введения,10 мг/мл,
Фуросемид,Фуросемид,раствор для внутривенного и внутримышечного введения,10 мг/мл,
Фуросемид,Фуросемид,раствор для внутривенного и внутримышечного введения,10 мг/мл,
Фуросемид,Фуросемид,раствор для внутривенного и внутримышечного введения,10 мг/мл,
Фуросемид буфус,Фуросемид,раствор для внутривенного и внутримышечного введения,10 мг/мл,
Фуросемид-СОЛОфарм,Фуросемид,раствор для внутривенного и внутримышечного введения,10 мг/мл,
Фуросемид ДС,Фуросемид,раствор для внутривенного и внутримышечного введения,10 мг/мл,
Фуросемид,Фуросемид,раствор для инъекций,0.01,
Амброксол,Амброксол,раствор для приема внутрь и ингаляций,7.5 мг/мл,
Амброксол,Амброксол,раствор для приема внутрь и ингаляций,7.5 мг/мл,
Амбробене,Амброксол,раствор для приема внутрь и ингаляций,7.5 мг/мл,
Амброксол,Амброксол,раствор для приема внутрь и ингаляций,7.5 мг/мл,
Амброксол-ЭКОлаб,Амброксол,раствор для приема внутрь и ингаляций,7.5 мг/мл,
Амброксол,Амброксол,раствор для приема внутрь и ингаляций,7.5 мг/мл,
Амнебсмарт®,Амброксол,раствор для приема внутрь и ингаляций,7.5 мг/мл,
Амброксол-Фармстандарт,Амброксол,раствор для приема внутрь и ингаляций,7.5 мг/мл,
БРОКСИЛ,Амброксол,раствор для приема внутрь и ингаляций,7.5 мг/мл,
Амбробене,Амброксол,сироп,15 мг/5 мл,Пациенты с редкой врожденной непереносимостью фруктозы.
Амброксол,Амброксол,сироп,15 мг/5 мл,Пациенты с редкой врожденной непереносимостью фруктозы.
Амброксол-ЭКОлаб,Амброксол,сироп,15 мг/5 мл,Пациенты с редкой врожденной непереносимостью фруктозы.
Амброксол-БЭГРИФ,Амброксол,сироп,15 мг/5 мл,Пациенты с редкой врожденной непереносимостью фруктозы.
Амброксол-Хемофарм,Амброксол,сироп,15 мг/5 мл,Пациенты с редкой врожденной непереносимостью фруктозы.
Амброксол,Амброксол,сироп,15 мг/5 мл,"Пациенты с дефицитом сахаразы/изомальтазы, непереносимостью фруктозы, глюкозо-галактозной мальабсорбцией"
Бронхорус,Амброксол,сироп,3 мг/мл,Пациенты с редкой врожденной непереносимостью фруктозы.
Амброксол,Амброксол,раствор для приема внутрь,15 мг/5 мл,Пациенты с редкой врожденной непереносимостью фруктозы.
Халиксол,Амброксол,раствор для приема внутрь,3 мг/мл,Пациенты с редкой врожденной непереносимостью фруктозы.
Ремеброкс,Амброксол,сироп,30 мг/5 мл,Пациенты с редкой врожденной непереносимостью фруктозы.
АМБРОКСОЛ,Амброксол,раствор для приема внутрь,30 мг/5 мл,Пациенты с редкой врожденной непереносимостью фруктозы.
Амброксол,Амброксол,раствор для приема внутрь,30 мг/5 мл,Пациенты с редкой врожденной непереносимостью фруктозы.
Флавамед форте,Амброксол,раствор для приема внутрь,30 мг/5 мл,Пациенты с редкой врожденной непереносимостью фруктозы.
Амбробене ФОРТЕ,Амброксол,раствор для приема внутрь,30 мг/5 мл,Пациенты с редкой врожденной непереносимостью фруктозы.
АМБРОКСОЛ АВЕКСИМА,Амброксол,таблетки диспергируемые,"30 мг, 60 мг",Пациенты с фенилкетонурией
Амброксол,Амброксол,сироп,"15 мг/5 мл, 30 мг/5 мл",Пациенты с редкой врожденной непереносимостью фруктозы.
АМБРОКСОЛ,Амброксол,раствор для приема внутрь,"15 мг/5 мл, 30 мг/5 мл",Пациенты с редкой врожденной непереносимостью фруктозы.
Амброксол,Амброксол,раствор для приема внутрь,"15 мг/5 мл, 30 мг/5 мл",Пациенты с редкой врожденной непереносимостью фруктозы.
Амброксол,Амброксол,раствор для приема внутрь,"15 мг/5 мл, 30 мг/5 мл",Пациенты с редкой врожденной непереносимостью фруктозы.
Амброксол,Амброксол,раствор для приема внутрь,"15 мг/5 мл, 30 мг/5 мл",Пациенты с редкой врожденной непереносимостью фруктозы.
Тораксол Солюшн Таблетс,Амброксол,таблетки диспергируемые,"30 мг, 60 мг",Пациенты с фенилкетонурией
Амброгуд,Амброксол,"раствор для приема внутрь, с ароматом клубники; раствор для приема внутрь [с ароматом малины]","15 мг/5 мл, 30 мг/5 мл",Пациенты с редкой врожденной непереносимостью фруктозы.
Амброксол ДС,Амброксол,"раствор для приема внутрь, с ароматом клубники; раствор для приема внутрь [с ароматом малины]","15 мг/5 мл, 30 мг/5 мл",Пациенты с редкой врожденной непереносимостью фруктозы.
Амброксол,Амброксол,таблетки,30 мг,
Амбробене,Амброксол,таблетки,30 мг,
Суприма табс®,Амброксол,таблетки,30 мг,
Флавамед,Амброксол,таблетки,30 мг,
Амбросан®,Амброксол,таблетки,30 мг,
АМБРОКСОЛ,Амброксол,таблетки,30 мг,
АМБРОКСОЛ ВЕЛФАРМ,Амброксол,таблетки,30 мг,
ЛАНГОСОЛ,Амброксол,таблетки,30 мг,
Метабронх,Амброксол,таблетки,30 мг,
Халиксол,Амброксол,таблетки,30 мг,
Амброгексал®,Амброксол,таблетки,30 мг,
Амброксол Реневал,Амброксол,таблетки,30 мг,
Амброксол-Фармстандарт,Амброксол,таблетки,30 мг,
Тербинафин-Тева,Тербинафин,таблетки,250 мг,
Экзитер,Тербинафин,таблетки,250 мг,
Тербинафин Канон,Тербинафин,таблетки,"125 мг, 250 мг",
Тербинафин-OBL,Тербинафин,таблетки,250 мг,"Пациенты с непереносимостью лактозы, дефицитом лактазы, глюкозо-галактозной мальабсорбцией"
Термикон®,Тербинафин,таблетки,250 мг,"Пациенты с непереносимостью лактозы, дефицитом лактазы, глюкозо-галактозной мальабсорбцией"
Тербинафин-Акрихин,Тербинафин,таблетки,250 мг,
Тербинафин-ВЕРТЕКС,Тербинафин,таблетки,250 мг,"Пациенты с непереносимостью лактозы, дефицитом лактазы, глюкозо-галактозной мальабсорбцией"
Тербинафин Медисорб,Тербинафин,таблетки,"125 мг, 250 мг","Пациенты с непереносимостью лактозы, дефицитом лактазы, глюкозо-галактозной мальабсорбцией"
Тербинафин,Тербинафин,таблетки,250 мг,
Тербинафин-Тева,Тербинафин,таблетки,250 мг,
Тербинафин,Тербинафин,таблетки,250 мг,
Тербинафин,Тербинафин,таблетки,250 мг,"Пациенты с непереносимостью лактозы, дефицитом лактазы, глюкозо-галактозной мальабсорбцией"
Тербинафин,Тербинафин,таблетки,250 мг,
Тебикур,Тербинафин,таблетки,250 мг,
Тербинафин,Тербинафин,таблетки,"125 мг, 250 мг",
Экзифин,Тербинафин,таблетки,250 мг,
Тербинафин-МФФ,Тербинафин,таблетки,250 мг,"Пациенты с непереносимостью лактозы, дефицитом лактазы, глюкозо-галактозной мальабсорбцией"
Ламотриджин Канон,Ламотриджин,таблетки,"25 мг, 50 мг, 100 мг",
Ламотриджин ФТ,Ламотриджин,таблетки,"25 мг, 50 мг, 100 мг",
Ламотриджин Фармасинтез,Ламотриджин,таблетки,"25 мг, 50 мг, 100 мг",
Ламотриджин,Ламотриджин,таблетки,"25 мг, 50 мг, 100 мг, 200 мг",
Ламолеп®,Ламотриджин,таблетки,"25 мг, 50 мг, 100 мг",
Ламитор®,Ламотриджин,таблетки,"25 мг, 50 мг, 100 мг",
Сейзар,Ламотриджин,таблетки,"25 мг, 50 мг, 100 мг, 200 мг",
Филотид,Этопозид,концентрат для приготовления раствора для инфузий,20 мг/мл,
Этопозид-Рус,Этопозид,концентрат для приготовления раствора для инфузий,20 мг/мл,
Этопозид,Этопозид,концентрат для приготовления раствора для инфузий,20 мг/мл,
Фитозид,Этопозид,концентрат для приготовления раствора для инфузий,20 мг/мл,
Этопозид-ЛЭНС,Этопозид,концентрат для приготовления раствора для инфузий,20 мг/мл,
Луразидон Кроно,Луразидон,"таблетки, покрытые пленочной оболочкой","20 мг, 40 мг, 80 мг",
Сакур,Лацидипин,"таблетки, покрытые оболочкой","2 мг, 4 мг",
Варденафил Канон,Варденафил,"таблетки, покрытые пленочной оболочкой","5 мг, 10 мг, 20 мг",
Профитус®,Леводропропизин,раствор для приема внутрь,6 мг/мл,Пациенты с непереносимостью фруктозы
ЛЕНВАТИНИБ-ПРОМОМЕД,Ленватиниб,капсулы,"4 мг, 10 мг",
Ленватиниб Фармасинтез,Ленватиниб,капсулы,"4 мг, 10 мг",
ЛЕНВАТАРА®,Ленватиниб,капсулы,"4 мг, 10 мг",
Ленватиниб-Фарм-Синтез,Ленватиниб,капсулы,"4 мг, 10 мг",
Ленватиниб-АМЕДАРТ,Ленватиниб,капсулы,"4 мг, 10 мг",
ЛЕНВАТИНИБ-ХИМРАР,Ленватиниб,капсулы,"4 мг, 10 мг",
Флюдитек,Карбоцистеин,сироп,20 мг/мл,
Флюдитек,Карбоцистеин,сироп,50 мг/мл,
Бронхобос®,Карбоцистеин,сироп,"125 мг/5 мл, 250 мг/5 мл",
Флуифорт,Карбоцистеин,гранулы для приготовления суспензии для приема внутрь,2.7 г/5 г,Пациенты с фенилкетонурией
Флюдитек,Карбоцистеин,раствор для приема внутрь,750 мг/10 мл,Пациенты с редкой врожденной непереносимостью фруктозы.
Карбоцистеин-Тева,Карбоцистеин,сироп,"20 мг/мл, 50 мг/мл",
Карбоцистеин,Карбоцистеин,сироп,"20 мг/мл, 50 мг/мл",
Цитобронхо,Карбоцистеин,сироп,"20 мг/мл, 50 мг/мл",
Флуифорт,Карбоцистеин,сироп,90 мг/мл,
Питавастор,Питавастатин,"таблетки, покрытые пленочной оболочкой","1 мг, 2 мг, 4 мг",
ПИТАВАСТАТИН ВЕЛФАРМ,Питавастатин,"таблетки, покрытые пленочной оболочкой","1 мг, 2 мг, 4 мг",
Леатриса®,Тиболон,таблетки,2.5 мг,
Велледиен,Тиболон,таблетки,2.5 мг,
Новостат,Аторвастатин,капсулы,"10 мг, 20 мг, 40 мг, 80 мг",
Аторис,Аторвастатин,"таблетки, покрытые пленочной оболочкой",40 мг,
Аторис,Аторвастатин,"таблетки, покрытые пленочной оболочкой","10 мг, 20 мг",
Аторис,Аторвастатин,"таблетки, покрытые пленочной оболочкой","30 мг, 60 мг, 80 мг",
Аторвастатин Реневал,Аторвастатин,"таблетки, покрытые пленочной оболочкой","10 мг, 20 мг, 40 мг",
Аторвастатин,Аторвастатин,"таблетки, покрытые пленочной оболочкой","10 мг, 20 мг, 40 мг",
Аторвастатин,Аторвастатин,"таблетки, покрытые пленочной оболочкой","10 мг, 20 мг",
Аторвастатин-АЛСИ,Аторвастатин,"таблетки, покрытые пленочной оболочкой","10 мг, 20 мг",
Аторвастатин-АЛСИ,Аторвастатин,"таблетки, покрытые пленочной оболочкой",40 мг,
АТОРВАСТАТИН АВЕКСИМА,Аторвастатин,"таблетки, покрытые пленочной оболочкой","10 мг, 20 мг, 40 мг",
Аторвастатин,Аторвастатин,"таблетки, покрытые пленочной оболочкой","10 мг, 20 мг, 40 мг",
Аторвастатин-ВЕРТЕКС,Аторвастатин,"таблетки, покрытые пленочной оболочкой","10 мг, 20 мг, 40 мг, 80 мг",
Аторвастатин Альфактив,Аторвастатин,"таблетки, покрытые пленочной оболочкой","10 мг, 20 мг, 40 мг, 80 мг",
Аторвастатин Канон,Аторвастатин,"таблетки, покрытые пленочной оболочкой","10 мг, 20 мг, 40 мг",
Торвакард,Аторвастатин,"таблетки, покрытые пленочной оболочкой","10 мг, 20 мг, 40 мг",
Аторвастатин-АКОС,Аторвастатин,"таблетки, покрытые пленочной оболочкой","10 мг, 20 мг",
Аторвастатин Медисорб,Аторвастатин,"таблетки, покрытые пленочной оболочкой","10 мг, 20 мг, 40 мг",
Аторвастатин-ЛЕКСВМ,Аторвастатин,"таблетки, покрытые пленочной оболочкой","10 мг, 20 мг",
Вазатор,Аторвастатин,"таблетки, покрытые пленочной оболочкой","10 мг, 20 мг",
АТОРВАСТАТИН-АЛИУМ,Аторвастатин,"таблетки, покрытые пленочной оболочкой","10 мг, 20 мг, 40 мг, 80 мг",
Аторвастатин-СЗ,Аторвастатин,"таблетки, покрытые пленочной оболочкой","10 мг, 20 мг, 40 мг, 80 мг",
Аторвастатин-ТАД,Аторвастатин,"таблетки, покрытые пленочной оболочкой","10 мг, 20 мг, 30 мг, 40 мг, 60 мг, 80 мг",
Аторвастатин-Тева,Аторвастатин,"таблетки, покрытые пленочной оболочкой","10 мг, 20 мг, 40 мг, 80 мг",
Тулип,Аторвастатин,"таблетки, покрытые пленочной оболочкой","10 мг, 20 мг",
Тулип,Аторвастатин,"таблетки, покрытые пленочной оболочкой",40 мг,
Прегабалин,Прегабалин,капсулы,"25 мг, 75 мг, 100 мг, 150 мг, 300 мг,",
Прегабалин,Прегабалин,капсулы,"25 мг, 50 мг, 75 мг, 150 мг, 300 мг",
Бетаксолол,Бетаксолол,"таблетки, покрытые пленочной оболочкой",20 мг,
Ультоп,Омепразол,капсулы кишечнорастворимые,"10 мг, 40 мг",
Ультоп,Омепразол,капсулы кишечнорастворимые,20 мг,
Омепразол-Акрихин,Омепразол,капсулы кишечнорастворимые,20 мг,"Пациенты с непереносимостью лактозы, дефицитом лактазы, глюкозо-галактозной мальабсорбцией"
Омизак,Омепразол,капсулы кишечнорастворимые,20 мг,"Пациенты с непереносимостью лактозы, дефицитом лактазы, глюкозо-галактозной мальабсорбцией"
ОМДЖЕНИКС®,Омепразол,капсулы кишечнорастворимые,20 мг,"Пациенты с непереносимостью лактозы, дефицитом лактазы, глюкозо-галактозной мальабсорбцией"
Омепразол,Омепразол,капсулы кишечнорастворимые,20 мг,"Пациенты с непереносимостью лактозы, дефицитом лактазы, глюкозо-галактозной мальабсорбцией"
Омепразол Д-р Редди'c,Омепразол,капсулы кишечнорастворимые,"10 мг, 40 мг",
Омез®,Омепразол,капсулы кишечнорастворимые,"10 мг, 20 мг, 40 мг",
Ортанол®,Омепразол,капсулы кишечнорастворимые,"10 мг, 20 мг, 40 мг",
Омепразол,Омепразол,капсулы кишечнорастворимые,20 мг,"Пациенты с непереносимостью лактозы, дефицитом лактазы, глюкозо-галактозной мальабсорбцией"
Омепразол-Тева,Омепразол,капсулы кишечнорастворимые,"10 мг, 20 мг, 40 мг","Пациенты с непереносимостью лактозы, дефицитом лактазы, глюкозо-галактозной мальабсорбцией"
Гастрозол,Омепразол,капсулы кишечнорастворимые,10 мг,"Пациенты с непереносимостью лактозы, дефицитом лактазы, глюкозо-галактозной мальабсорбцией"
Гастрозол®,Омепразол,капсулы,20 мг,"Пациенты с непереносимостью лактозы, дефицитом лактазы, глюкозо-галактозной мальабсорбцией"
Омепразол Д-р Редди'с,Омепразол,капсулы,20 мг,"Пациенты с непереносимостью лактозы, дефицитом лактазы, глюкозо-галактозной мальабсорбцией"
Рамилатис,Ранибизумаб,раствор для внутриглазного введения,10 мг/мл,
Офломил Лак,Аморолфин,лак для ногтей лекарственный,0.05,
Онихелп,Аморолфин,лак для ногтей лекарственный,0.05,
Фунгосепт,Аморолфин,лак для ногтей лекарственный,0.05,
Ацеллбия,Ритуксимаб,концентрат для приготовления раствора для инфузий,10 мг/мл,
Реддитукс,Ритуксимаб,концентрат для приготовления раствора для инфузий,10 мг/мл,
Гадопентетовая кислота,Гадопентетовая кислота,раствор для внутривенного введения,0.5 ммоль/мл,
Гадопетоскан®,Гадопентетовая кислота,раствор для внутривенного введения,0.5 ммоль/мл,
Гадопентетовая кислота,Гадопентетовая кислота,раствор для внутривенного введения,0.5 ммоль/мл,
Гадопентетовая кислота-ТЛ,Гадопентетовая кислота,раствор для внутривенного введения,0.5 ммоль/мл,
Микофеноловая кислота,Микофеноловая кислота,"таблетки кишечнорастворимые, покрытые пленочной оболочкой","180 мг, 360 мг",
МИКОФЕНОЛОВАЯ КИСЛОТА-ПРОМОМЕД,Микофеноловая кислота,"таблетки кишечнорастворимые, покрытые пленочной оболочкой","180 мг, 360 мг",
Микофеноловая кислота,Микофеноловая кислота,"таблетки кишечнорастворимые, покрытые оболочкой","180 мг, 360 мг",
Нифурател-СЗ,Нифурател,"таблетки, покрытые пленочной оболочкой",200 мг,
Децефим,Цефепим,порошок для приготовления раствора для внутривенного и внутримышечного введения,"0.5 г, 1 г, 2 г",
Цефепим-АЛВИЛС,Цефепим,порошок для приготовления раствора для внутривенного и внутримышечного введения,1 г,
Эфипим,Цефепим,порошок для приготовления раствора для внутривенного и внутримышечного введения,1 г,
ПИМОЦЕВ-АГ,Цефепим,порошок для приготовления раствора для внутривенного и внутримышечного введения,"500 мг, 1000 мг, 2000 мг",
Цефепим,Цефепим,порошок для приготовления раствора для внутривенного и внутримышечного введения,"0.5 г, 1 г, 2 г",
Цефепим,Цефепим,порошок для приготовления раствора для внутривенного и внутримышечного введения,"0.5 г, 1 г, 2 г",
Цефепим,Цефепим,порошок для приготовления раствора для внутривенного и внутримышечного введения,"0.5 г, 1 г, 2 г",
Винцепим,Цефепим,порошок для приготовления раствора для внутривенного и внутримышечного введения,"0.5 г, 1 г",
Цепим,Цефепим,порошок для приготовления раствора для внутривенного и внутримышечного введения,"0.5 г, 1 г",
Цефепим-АКОС,Цефепим,порошок для приготовления раствора для внутривенного и внутримышечного введения,"0.5 г, 1 г",
Цефепим,Цефепим,порошок для приготовления раствора для внутривенного и внутримышечного введения,"0.5 г, 1 г, 2 г",
Цефепим,Цефепим,порошок для приготовления раствора для внутривенного и внутримышечного введения,"1 г, 2 г",
Цефепим,Цефепим,порошок для приготовления раствора для внутривенного и внутримышечного введения,1 г,
Цефепим,Цефепим,порошок для приготовления раствора для внутривенного и внутримышечного введения,1 г,
Цефепим-Джодас,Цефепим,порошок для приготовления раствора для внутривенного и внутримышечного введения,1000 мг,
Кефсепим,Цефепим,порошок для приготовления раствора для внутривенного и внутримышечного введения,"0.5 г, 1 г",
Цефомакс,Цефепим,порошок для приготовления раствора для внутривенного и внутримышечного введения,"0.5 г, 1 г, 2 г",
Феррум Лек®,Железа [III] гидроксид полимальтозат,таблетки жевательные,100 мг,Пациенты с фенилкетонурией
Феррум Лек®,Железа [III] гидроксид полимальтозат,сироп,50 мг/5 мл,
Ферромальт,Железа [III] гидроксид полимальтозат,капли для приема внутрь,50 мг/мл,
ЖЕЛЕЗА [III] ГИДРОКСИД ПОЛИМАЛЬТОЗАТ,Железа [III] гидроксид полимальтозат,капли для приема внутрь,50 мг/мл,
Бупивакаин Гриндекс,Бупивакаин,раствор для инъекций,5 мг/мл,
БлоккоС®,Бупивакаин,раствор для инъекций,5 мг/мл,
Бупивакаин-Бинергия,Бупивакаин,раствор для инъекций,5 мг/мл,
Бупивакаин,Бупивакаин,раствор для инъекций,5 мг/мл,
Бупивакаин,Бупивакаин,раствор для инъекций,5 мг/мл,
Бупивакаин,Бупивакаин,раствор для инъекций,5 мг/мл,
Бупивакаин,Бупивакаин,раствор для инъекций,5 мг/мл,
БУПИВАКАИН ВЕЛФАРМ,Бупивакаин,раствор для инъекций,5 мг/мл,
Максикаин®,Бупивакаин,раствор для инъекций,5 мг/мл,
Бупивакаин,Бупивакаин,раствор для инъекций,5 мг/мл,
Бупивакаин Гриндекс Спинал,Бупивакаин,раствор для интратекального введения,5 мг/мл,
Бупивакаин-Лекфарм Спинал Хэви,Бупивакаин,раствор для интратекального введения,5 мг/мл,
БУПИВАКАИН СПИНАЛ ХЭВИ ВЕЛФАРМ,Бупивакаин,раствор для интратекального введения,5 мг/мл,
БлоккоС ХЭВИ,Бупивакаин,раствор для интратекального введения,5 мг/мл,
Максикаин® Спинал Хэви,Бупивакаин,раствор для инъекций,5 мг/мл,
Бупивакаин Спинал Хэви,Бупивакаин,раствор для инъекций,5 мг/мл,
Метилпреднизолон-натив,Метилпреднизолон,таблетки,"4 мг, 16 мг",
Метилпреднизолон-Фармасинтез,Метилпреднизолон,таблетки,"4 мг, 16 мг, 32 мг",
Метипред,Метилпреднизолон,таблетки,"4 мг, 16 мг",
ЦИТОРЕАН®,Этилметилгидроксипиридина сукцинат,"таблетки, покрытые пленочной оболочкой",125 мг,"кроме применения для лечения синдрома дефицита внимания с гиперактивностью (СДВГ) у детей с 6 до 18 лет, в том числе гиперактивности, нарушения внимания, импульсивности"
Медомекси,Этилметилгидроксипиридина сукцинат,"таблетки, покрытые пленочной оболочкой",125 мг,
Эврин,Этилметилгидроксипиридина сукцинат,"таблетки, покрытые пленочной оболочкой","125 мг, 250 мг","кроме применения для лечения синдрома дефицита внимания с гиперактивностью (СДВГ) у детей с 6 до 18 лет, в том числе гиперактивности, нарушения внимания, импульсивности"
Этилметилгидроксипиридина сукцинат,Этилметилгидроксипиридина сукцинат,"таблетки, покрытые пленочной оболочкой","125 мг, 250 мг",
Медомекси,Этилметилгидроксипиридина сукцинат,раствор для внутривенного и внутримышечного введения,50 мг/мл,
Метостабил,Этилметилгидроксипиридина сукцинат,раствор для внутривенного и внутримышечного введения,50 мг/мл,
ЦИТОРЕАН®,Этилметилгидроксипиридина сукцинат,раствор для внутривенного и внутримышечного введения,50 мг/мл,
Мексидолин-Ферейн®,Этилметилгидроксипиридина сукцинат,раствор для внутривенного и внутримышечного введения,50 мг/мл,
Нейрокс,Этилметилгидроксипиридина сукцинат,раствор для внутривенного и внутримышечного введения,50 мг/мл,
Церекард,Этилметилгидроксипиридина сукцинат,раствор для внутривенного и внутримышечного введения,50 мг/мл,
Этилметилгидроксипиридина сукцинат,Этилметилгидроксипиридина сукцинат,раствор для внутривенного и внутримышечного введения,50 мг/мл,
АСТРОКС,Этилметилгидроксипиридина сукцинат,раствор для внутривенного и внутримышечного введения,50 мг/мл,
МетуцинВел,Этилметилгидроксипиридина сукцинат,раствор для внутривенного и внутримышечного введения,50 мг/мл,
Умомекс,Этилметилгидроксипиридина сукцинат,раствор для внутривенного и внутримышечного введения,50 мг/мл,
Проинин,Этилметилгидроксипиридина сукцинат,раствор для внутривенного и внутримышечного введения,50 мг/мл,
Нейрокард,Этилметилгидроксипиридина сукцинат,раствор для внутривенного и внутримышечного введения,50 мг/мл,
Мексилек-Лекфарм,Этилметилгидроксипиридина сукцинат,раствор для внутривенного и внутримышечного введения,50 мг/мл,
Эврин,Этилметилгидроксипиридина сукцинат,раствор для внутривенного и внутримышечного введения,50 мг/мл,
Этилметилгидроксипиридина сукцинат Реневал,Этилметилгидроксипиридина сукцинат,раствор для внутривенного и внутримышечного введения,50 мг/мл,
Этилметилгидроксипиридина сукцинат,Этилметилгидроксипиридина сукцинат,раствор для внутривенного и внутримышечного введения,50 мг/мл,
Мексэллара,Этилметилгидроксипиридина сукцинат,раствор для внутривенного и внутримышечного введения,50 мг/мл,
Мексицинат Органика,Этилметилгидроксипиридина сукцинат,раствор для внутривенного и внутримышечного введения,50 мг/мл,
Мексидант,Этилметилгидроксипиридина сукцинат,раствор для внутривенного и внутримышечного введения,50 мг/мл,
Мексифин,Этилметилгидроксипиридина сукцинат,раствор для внутривенного и внутримышечного введения,50 мг/мл,
Этилметилгидроксипиридина сукцинат,Этилметилгидроксипиридина сукцинат,раствор для внутривенного и внутримышечного введения,50 мг/мл,
Мексиприм,Этилметилгидроксипиридина сукцинат,раствор для внутривенного и внутримышечного введения,50 мг/мл,
Мексикор,Этилметилгидроксипиридина сукцинат,раствор для внутривенного и внутримышечного введения,50 мг/мл,
Армадин 50,Этилметилгидроксипиридина сукцинат,раствор для внутривенного и внутримышечного введения,50 мг/мл,
МЕКСИПРОВЕЛ,Этилметилгидроксипиридина сукцинат,раствор для внутривенного и внутримышечного введения,50 мг/мл,
НАНОМЕКСИЛ,Этилметилгидроксипиридина сукцинат,раствор для внутривенного и внутримышечного введения,50 мг/мл,
Нейромексол,Этилметилгидроксипиридина сукцинат,раствор для внутривенного и внутримышечного введения,50 мг/мл,
Меропенем Спенсер,Меропенем,порошок для приготовления раствора для внутривенного введения,"500 мг, 1000 мг",
Меропенем,Меропенем,порошок для приготовления раствора для внутривенного введения,"500 мг, 1000 мг",
Меропенем,Меропенем,порошок для приготовления раствора для внутривенного введения,"0.5 г, 1 г",
Меропенем,Меропенем,порошок для приготовления раствора для внутривенного введения,"0.5 г, 1 г",
Меропенем,Меропенем,порошок для приготовления раствора для внутривенного введения,"500 мг, 1000 мг",
Меропенем,Меропенем,порошок для приготовления раствора для внутривенного введения,"500 мг, 1000 мг",
Меропенем,Меропенем,порошок для приготовления раствора для внутривенного введения,"250 мг, 500 мг, 1000 мг",
МЕРОНЕКСА-АГ,Меропенем,порошок для приготовления раствора для внутривенного введения,"250 мг, 500 мг, 1000 мг",
МЕРОПЕНЕМ-ДЖИЭФСИ®,Меропенем,порошок для приготовления раствора для внутривенного введения,"500 мг, 1000 мг",
Меропенем,Меропенем,порошок для приготовления раствора для внутривенного введения,"500 мг, 1000 мг",
Меропенем-АЛВИЛС,Меропенем,порошок для приготовления раствора для внутривенного введения,"0.5 г, 1 г",
Меропенем-ДЕКО,Меропенем,порошок для приготовления раствора для внутривенного введения,0.5 г,
Меропенем-ДЕКО,Меропенем,порошок для приготовления раствора для внутривенного введения,1 г,
Меропенем-ЛЕКСВМ®,Меропенем,порошок для приготовления раствора для внутривенного введения,1 г,
МЕРОПЕНЕМ ВЕЛФАРМ,Меропенем,порошок для приготовления раствора для внутривенного введения,"500 мг, 1000 мг",
Мерексид,Меропенем,порошок для приготовления раствора для внутривенного введения,"0.5 г, 1 г",
Мепенем,Меропенем,порошок для приготовления раствора для внутривенного введения,1 г,
ФармАмеропен,Меропенем,порошок для приготовления раствора для внутривенного введения,"0.5 г, 1 г",
Меропенем-Элеас,Меропенем,порошок для приготовления раствора для внутривенного введения,1000 мг,
МЕРОПЕНЕМ,Меропенем,порошок для приготовления раствора для внутривенного введения,500 мг,
Меропенем МД,Меропенем,порошок для приготовления раствора для внутривенного введения,1 г,
Мепенем,Меропенем,порошок для приготовления раствора для внутривенного введения,500 мг,
Меропенем-ТФ,Меропенем,порошок для приготовления раствора для внутривенного введения,"500 мг, 1000 мг",
Меропенем,Меропенем,порошок для приготовления раствора для внутривенного введения,"500 мг, 1000 мг",
Меропенем Инкомед,Меропенем,порошок для приготовления раствора для внутривенного введения,"0.5 г, 1 г",
ЗИДЕВИН®,Метадоксин,таблетки,500 мг,
Нектелиза®,Тенектеплаза,лиофилизат для приготовления раствора для инфузий,50 мг,
Метотрексат,Метотрексат,раствор для инъекций,10 мг/мл,
МЕТОТРЕКСАТ-ПРОМОМЕД,Метотрексат,раствор для инъекций,10 мг/мл,
Метотрексат,Метотрексат,раствор для инъекций,"5 мг/мл, 10 мг/мл",
Метотрексат-РОНЦ,Метотрексат,раствор для инъекций,10 мг/мл,
Метотрексат-Эбеве,Метотрексат,раствор для инъекций,10 мг/мл,
Веро-Метотрексат,Метотрексат,лиофилизат для приготовления раствора для инъекций,"500 мг, 1000 мг",
Метотрексат-Эбеве,Метотрексат,таблетки,"2.5 мг, 5 мг, 10 мг",
Толперизон-OBL,Толперизон,"таблетки, покрытые пленочной оболочкой","50 мг, 150 мг",
Толперизон-Акрихин,Толперизон,"таблетки, покрытые пленочной оболочкой","50 мг, 150 мг",
ТОЛПЕРИЗОН ВЕЛФАРМ,Толперизон,"таблетки, покрытые пленочной оболочкой","50 мг, 150 мг",
Толперизон Реневал,Толперизон,"таблетки, покрытые пленочной оболочкой","50 мг, 150 мг",
Толперизон Канон,Толперизон,"таблетки, покрытые пленочной оболочкой","50 мг, 150 мг",
ТОЛЗИТОЛ® ТАБС,Толперизон,"таблетки, покрытые пленочной оболочкой","50 мг, 150 мг",
КАЛМИРЕКС® табс,Толперизон,"таблетки, покрытые пленочной оболочкой","50 мг, 150 мг",
Толперизон Органика,Толперизон,"таблетки, покрытые пленочной оболочкой","50 мг, 150 мг",
Толперизон-СЗ,Толперизон,"таблетки, покрытые пленочной оболочкой","50 мг, 150 мг",
Толперизон,Толперизон,"таблетки, покрытые пленочной оболочкой","50 мг, 150 мг",
Лидамитол табс,Толперизон,"таблетки, покрытые пленочной оболочкой",150 мг,
Толизор,Толперизон,капсулы,"50 мг, 150 мг",
ТОЛПЕРИЗОН+ЛИДОКАИН,Толперизон+[Лидокаин],раствор для внутримышечного введения,100 мг/мл+2.5 мг/мл,
ТОЛПЕРИЗОН+ЛИДОКАИН,Толперизон+[Лидокаин],раствор для внутримышечного введения,100 мг/мл+2.5 мг/мл,
МЕДОКАЛМИЗОН,Толперизон+[Лидокаин],раствор для внутримышечного введения,100 мг/мл+2.5 мг/мл,
Толперизон+Лидокаин Реневал,Толперизон+[Лидокаин],раствор для внутримышечного введения,100 мг/мл+2.5 мг/мл,
КАЛМИРЕКС®,Толперизон+[Лидокаин],раствор для внутримышечного введения,100 мг/мл+2.5 мг/мл,
Миотолид,Толперизон+[Лидокаин],раствор для внутримышечного введения,100 мг/мл+2.5 мг/мл,
Толзитол,Толперизон+[Лидокаин],раствор для внутримышечного введения,100 мг/мл+2.5 мг/мл,
ТОЛПЕРИЗОН+ЛИДОКАИН-СЗ,Толперизон+[Лидокаин],раствор для внутримышечного введения,100 мг/мл+2.5 мг/мл,
МИОРИЗОН®,Толперизон+[Лидокаин],раствор для внутримышечного введения,100 мг/мл+2.5 мг/мл,
Толперизон + Лидокаин,Толперизон+[Лидокаин],раствор для внутримышечного введения,100 мг/мл+2.5 мг/мл,
Толперизон + Лидокаин,Толперизон+[Лидокаин],раствор для внутримышечного введения,100 мг/мл+2.5 мг/мл,
Толперизон+Лидокаин-Бинергия,Толперизон+[Лидокаин],раствор для внутримышечного введения,100 мг/мл+2.5 мг/мл,
Толперизон + Лидокаин,Толперизон+[Лидокаин],раствор для внутримышечного введения,100 мг/мл+2.5 мг/мл,
Тропикамид,Тропикамид,капли глазные,"0.5%, 1%",
Тропикамид,Тропикамид,капли глазные,"0.5%, 1%",
Тропикамид-СОЛОфарм,Тропикамид,капли глазные,"0.5%, 1%",
Микафунгин,Микафунгин,лиофилизат для приготовления раствора для инфузий,"50 мг, 100 мг",
Микафунгин,Микафунгин,лиофилизат для приготовления раствора для инфузий,"50 мг, 100 мг",
Микафуцид,Микафунгин,лиофилизат для приготовления раствора для инфузий,"50 мг, 100 мг",
Микафунгин-Бинергия,Микафунгин,лиофилизат для приготовления раствора для инфузий,"50 мг, 100 мг",
Микафунгин Дж,Микафунгин,лиофилизат для приготовления раствора для инфузий,"50 мг, 100 мг",
Микафунгин,Микафунгин,лиофилизат для приготовления раствора для инфузий,"50 мг, 100 мг",
МИКАФУНГИН,Микафунгин,лиофилизат для приготовления раствора для инфузий,"50 мг, 100 мг",
Микафунгин,Микафунгин,лиофилизат для приготовления раствора для инфузий,"50 мг, 100 мг",
Микафунгин,Микафунгин,лиофилизат для приготовления раствора для инфузий,"50 мг, 100 мг",
Микафунгин Канон,Микафунгин,лиофилизат для приготовления раствора для инфузий,"50 мг, 100 мг",
Микафунгин,Микафунгин,лиофилизат для приготовления раствора для инфузий,"50 мг, 100 мг",
МИКАФУНГИН,Микафунгин,лиофилизат для приготовления концентрата для приготовления раствора для инфузий,"50 мг, 100 мг",
Микафунгин-АМЕДАРТ,Микафунгин,лиофилизат для приготовления концентрата для приготовления раствора для инфузий,"50 мг, 100 мг",
Микафунгин,Микафунгин,лиофилизат для приготовления концентрата для приготовления раствора для инфузий,"50 мг, 100 мг",
Телмисартан,Телмисартан,таблетки,"40 мг, 80 мг","Пациенты с непереносимостью лактозы, дефицитом лактазы, глюкозо-галактозной мальабсорбцией"
Телмисартан-Тева,Телмисартан,таблетки,"40 мг, 80 мг",
Телсартан,Телмисартан,таблетки,"40 мг, 80 мг",
Телзап®,Телмисартан,таблетки,"40 мг, 80 мг",
Телмифорс,Телмисартан,таблетки,"40 мг, 80 мг",
Телмисартан Кронофарм,Телмисартан,таблетки,"40 мг, 80 мг",
Телмисартан-ТАД,Телмисартан,таблетки,"40 мг, 80 мг","Пациенты с непереносимостью лактозы, дефицитом лактазы, глюкозо-галактозной мальабсорбцией"
Телмиста,Телмисартан,таблетки,"40 мг, 80 мг","Пациенты с непереносимостью лактозы, дефицитом лактазы, глюкозо-галактозной мальабсорбцией"
Идринол,Мельдоний,капсулы,250 мг,
Мельдоний,Мельдоний,капсулы,250 мг,
Кардионат®,Мельдоний,капсулы,250 мг,
Мельдоний,Мельдоний,капсулы,"250 мг, 500 мг",
Мельдоний Реневал,Мельдоний,капсулы,"250 мг, 500 мг",
Мельдоний,Мельдоний,капсулы,"250 мг, 500 мг",
Мельдоний,Мельдоний,"раствор для внутривенного, внутримышечного и парабульбарного введения",100 мг/мл,
Мельдоний,Мельдоний,раствор для инъекций,100 мг/мл,
Мельдоний буфус®,Мельдоний,раствор для инъекций,100 мг/мл,
Мельдоний-СОЛОфарм,Мельдоний,раствор для инъекций,100 мг/мл,
Мельдоний-ДЕКО,Мельдоний,раствор для инъекций,100 мг/мл,
Мельдонат-Лекфарм,Мельдоний,раствор для инъекций,100 мг/мл,
МЕЛЬДОНИЙ ВЕЛФАРМ,Мельдоний,раствор для инъекций,100 мг/мл,
Мельдоний-ЭСКОМ,Мельдоний,раствор для инъекций,100 мг/мл,
Мельдоний Органика,Мельдоний,раствор для инъекций,100 мг/мл,
Вазомаг,Мельдоний,раствор для инъекций,100 мг/мл,
Мельфор,Мельдоний,раствор для инъекций,100 мг/мл,
Мельдоний,Мельдоний,раствор для инъекций,100 мг/мл,
Мельдоний,Мельдоний,раствор для инъекций,100 мг/мл,
Мельдоний,Мельдоний,раствор для инъекций,100 мг/мл,
Мельдоний,Мельдоний,раствор для инъекций,100 мг/мл,
Мельдоний,Мельдоний,раствор для инъекций,100 мг/мл,
Ангиокардил,Мельдоний,раствор для инъекций,100 мг/мл,
Мельдоний-Бинергия,Мельдоний,раствор для инъекций,100 мг/мл,
Бусульфан-натив,Бусульфан,"таблетки, покрытые пленочной оболочкой",2 мг,
ЦИНАКАЛЬЦЕТ,Цинакальцет,"таблетки, покрытые пленочной оболочкой","30 мг, 60 мг, 90 мг",
Цинакальцет ПСК,Цинакальцет,"таблетки, покрытые пленочной оболочкой","30 мг, 60 мг, 90 мг",
Цинакальцет,Цинакальцет,"таблетки, покрытые пленочной оболочкой","30 мг, 60 мг, 90 мг",
Цинакальцет-Эдвансд,Цинакальцет,"таблетки, покрытые пленочной оболочкой","30 мг, 60 мг, 90 мг",
Цинакальцет,Цинакальцет,"таблетки, покрытые пленочной оболочкой","30 мг, 60 мг, 90 мг",
Цинакальцет,Цинакальцет,"таблетки, покрытые пленочной оболочкой","30 мг, 60 мг, 90 мг",
Цинакальцет,Цинакальцет,"таблетки, покрытые пленочной оболочкой","30 мг, 60 мг, 90 мг",
Цинакальцет,Цинакальцет,"таблетки, покрытые пленочной оболочкой","30 мг, 60 мг, 90 мг",
Цинакальцет,Цинакальцет,"таблетки, покрытые пленочной оболочкой","30 мг, 60 мг, 90 мг",
Кальцемара®,Цинакальцет,"таблетки, покрытые пленочной оболочкой","30 мг, 60 мг, 90 мг",
Цинакальцет Канон,Цинакальцет,"таблетки, покрытые пленочной оболочкой",30 мг,
Цинакред®,Цинакальцет,"таблетки, покрытые пленочной оболочкой","30 мг, 60 мг",
Цинакальцет,Цинакальцет,"таблетки, покрытые пленочной оболочкой","30 мг, 60 мг, 90 мг",
МИРАПРИМЕД,Цинакальцет,"таблетки, покрытые пленочной оболочкой","30 мг, 60 мг, 90 мг",
Десмопрессин,Десмопрессин,таблетки,"0.1 мг, 0.2 мг",
Ноурем,Десмопрессин,таблетки,"0.1 мг, 0.2 мг",
Десмопрессин,Десмопрессин,таблетки,"0.1 мг, 0.2 мг",
Прамипексол,Прамипексол,таблетки,"0.25 мг, 0.5 мг, 1 мг, 1.5 мг",
Прамипексол Канон,Прамипексол,таблетки,"0.25 мг,1 мг",
Прамипексол,Прамипексол,таблетки,"0.25 мг,1 мг","Пациенты с непереносимостью лактозы, дефицитом лактазы, глюкозо-галактозной мальабсорбцией"
Опримея,Прамипексол,таблетки,"0.088 мг, 0.18 мг, 0.7 мг",
Мифепристон,Мифепристон,таблетки,200 мг,
Мифедвест®,Мифепристон,таблетки,200 мг,
Мелоксикам ДС,Мелоксикам,раствор для внутримышечного введения,10 мг/мл,
Мовасин,Мелоксикам,раствор для внутримышечного введения,10 мг/мл,
МЕЛОКСИКАМ,Мелоксикам,раствор для внутримышечного введения,10 мг/мл,
Мелофлекс Ромфарм,Мелоксикам,раствор для внутримышечного введения,10 мг/мл,
Мелоксикам-Акрихин,Мелоксикам,раствор для внутримышечного введения,10 мг/мл,
МЕЛОКСИКАМ,Мелоксикам,раствор для внутримышечного введения,10 мг/мл,
Мелбек,Мелоксикам,раствор для внутримышечного введения,15 мг/1.5 мл,
АМЕЛОТЕКС®,Мелоксикам,раствор для внутримышечного введения,10 мг/мл,
Артрозан,Мелоксикам,раствор для внутримышечного введения,6 мг/мл,
Мелоксикам-СЗ,Мелоксикам,раствор для внутримышечного введения,10 мг/мл,
Мелоксикам,Мелоксикам,раствор для внутримышечного введения,10 мг/мл,
Мелоксикам,Мелоксикам,раствор для внутримышечного введения,10 мг/мл,
Мелоксикам,Мелоксикам,раствор для внутримышечного введения,10 мг/мл,
Мелоксикам,Мелоксикам,раствор для внутримышечного введения,10 мг/мл,
Мелоксикам Полисан®,Мелоксикам,раствор для внутримышечного введения,10 мг/мл,
Мелоксикам,Мелоксикам,раствор для внутримышечного введения,10 мг/мл,
Мелоксикам,Мелоксикам,раствор для внутримышечного введения,10 мг/мл,
Мелоксикам,Мелоксикам,раствор для внутримышечного введения,10 мг/мл,
Мелоксикам,Мелоксикам,раствор для внутримышечного введения,10 мг/мл,
МЕЛОКСИКАМ,Мелоксикам,раствор для внутримышечного введения,10 мг/мл,
Мелоксикам Велфарм,Мелоксикам,раствор для внутримышечного введения,10 мг/мл,
Энтелокс,Мелоксикам,раствор для внутримышечного введения,6 мг/мл,
Мелоксикам-АКОС,Мелоксикам,раствор для внутримышечного введения,10 мг/мл,
Мовагейн Экспресс,Мелоксикам,"таблетки, диспергируемые в полости рта","7.5 мг, 15 мг",Пациенты с фенилкетонурией
Мелоксикам-Ксантис,Мелоксикам,таблетки,"7.5 мг, 15 мг",
Мелоксикам Авексима,Мелоксикам,таблетки,"7.5 мг, 15 мг",
Мелоксикам ДС,Мелоксикам,таблетки,"7.5 мг, 15 мг",
Мелоксикам-Тева,Мелоксикам,таблетки,"7.5 мг, 15 мг",
Мелоксикам-OBL,Мелоксикам,таблетки,"7.5 мг, 15 мг",
Мелоксикам-ВЕРТЕКС,Мелоксикам,таблетки,"7.5 мг, 15 мг",
Мелоксикам Реневал,Мелоксикам,таблетки,"7.5 мг, 15 мг",
МЕЛОКСИКАМ-ПРАНА,Мелоксикам,таблетки,"7.5 мг, 15 мг",
Мелоксикам,Мелоксикам,таблетки,"7.5 мг, 15 мг",
Мелоксикам-Акрихин,Мелоксикам,таблетки,"7.5 мг, 15 мг",
Мелоксикам Канон,Мелоксикам,таблетки,"7.5 мг, 15 мг",
Генитрон,Мелоксикам,таблетки,"7.5 мг, 15 мг",
Ревмарт,Мелоксикам,таблетки,"7.5 мг, 15 мг",
Мелбек,Мелоксикам,таблетки,7.5 мг,
Мелбек® форте,Мелоксикам,таблетки,15 мг,
Эксен-Сановель,Мелоксикам,таблетки,"7.5 мг, 15 мг",
Мелоксикам,Мелоксикам,таблетки,"7.5 мг, 15 мг",
Мелоксикам,Мелоксикам,таблетки,"7.5 мг, 15 мг",
Мелоксикам,Мелоксикам,таблетки,"7.5 мг, 15 мг",
Мовасин,Мелоксикам,таблетки,"7.5 мг, 15 мг",
АМЕЛОТЕКС,Мелоксикам,таблетки,"7.5 мг, 15 мг",
Артрозан,Мелоксикам,таблетки,"7.5 мг, 15 мг",
Мелоксикам-OBL,Мелоксикам,таблетки,"7.5 мг, 15 мг",
Мелоксикам,Мелоксикам,таблетки,"7.5 мг, 15 мг",
Мелоксикам Медисорб,Мелоксикам,таблетки,"7.5 мг, 15 мг",
Плерифор,Плериксафор,раствор для подкожного введения,20 мг/мл,
Плериксафор Дж,Плериксафор,раствор для подкожного введения,20 мг/мл,
Плериксафор-Рус,Плериксафор,раствор для подкожного введения,20 мг/мл,
Фозиноприл-OBL,Фозиноприл,таблетки,"10 мг, 20 мг",
Фозинап,Фозиноприл,таблетки,"10 мг, 20 мг",
Фозиноприл,Фозиноприл,таблетки,"10 мг, 20 мг",
Фозиноприл,Фозиноприл,таблетки,"10 мг, 20 мг",
Фозикард,Фозиноприл,таблетки,"5 мг, 10 мг, 20 мг",
Фозиноприл,Фозиноприл,таблетки,"10 мг, 20 мг",
Домстал,Домперидон,таблетки,10 мг,
Мотинорм,Домперидон,таблетки,10 мг,
Мотониум,Домперидон,"таблетки, покрытые пленочной оболочкой",10 мг,
Нормотил,Домперидон,"таблетки, покрытые пленочной оболочкой",10 мг,
ДРАСПАЗОЛ®,Домперидон,"таблетки, покрытые пленочной оболочкой",10 мг,
Домперидон,Домперидон,"таблетки, покрытые пленочной оболочкой",10 мг,
Домперидон,Домперидон,"таблетки, покрытые пленочной оболочкой",10 мг,
Домперидон-Тева,Домперидон,"таблетки, покрытые пленочной оболочкой",10 мг,
Мотогастрик,Домперидон,"таблетки, покрытые пленочной оболочкой",10 мг,
Домперидон-Ксантис,Домперидон,"таблетки, покрытые пленочной оболочкой",10 мг,
Перистальт,Домперидон,"таблетки, покрытые пленочной оболочкой",10 мг,
Мотижект®,Домперидон,"таблетки, покрытые пленочной оболочкой",10 мг,
Пассажикс,Домперидон,"таблетки, покрытые пленочной оболочкой",10 мг,
Прионтил,Домперидон,"таблетки, покрытые пленочной оболочкой",10 мг,
Мотилак,Домперидон,"таблетки, покрытые пленочной оболочкой",10 мг,
Мотинорм,Домперидон,сироп,5 мг/5 мл,"Пациенты с дефицитом сахаразы/изомальтазы, глюкозо-галактозной мальабсорбцией"
Домперидон,Домперидон,суспензия для приема внутрь,1 мг/мл,
Мотилорус,Домперидон,таблетки диспергируемые,10 мг,"Пациенты с непереносимостью лактозы, дефицитом лактазы, глюкозо-галактозной мальабсорбцией"
Домперидон Реневал,Домперидон,"таблетки, диспергируемые в полости рта",10 мг,"Пациенты с непереносимостью лактозы, дефицитом лактазы, глюкозо-галактозной мальабсорбцией"
Реадели®,Галсульфаза,концентрат для приготовления раствора для инфузий,1 мг/мл,
Ивинак-СОЛОфарм,Бромфенак,капли глазные,0.09%,
Бромфенак Космо,Бромфенак,капли глазные,0.09%,
Бромфенак-СЗ,Бромфенак,капли глазные,0.09%,
Броксинак,Бромфенак,капли глазные,0.09%,
ОКОФЕНАК,Бромфенак,капли глазные,0.09%,
Винорелбин-Тева,Винорелбин,концентрат для приготовления раствора для инфузий,10 мг/мл,
Винорелбин Келун-Казфарм,Винорелбин,концентрат для приготовления раствора для инфузий,10 мг/мл,
Фирелбин,Винорелбин,концентрат для приготовления раствора для инфузий,10 мг/мл,
Винорелбин-АМЕДАРТ,Винорелбин,концентрат для приготовления раствора для инфузий,10 мг/мл,
Маверекс,Винорелбин,концентрат для приготовления раствора для инфузий,10 мг/мл,
Винорелбин,Винорелбин,концентрат для приготовления раствора для инфузий,10 мг/мл,
Винкатера,Винорелбин,концентрат для приготовления раствора для инфузий,10 мг/мл,
ВИНОРЕЛБИН,Винорелбин,концентрат для приготовления раствора для инфузий,10 мг/мл,
Цитувин,Винорелбин,концентрат для приготовления раствора для инфузий,10 мг/мл,
Фирелбин,Винорелбин,капсулы,"20 мг, 30 мг",
Риноксил® окси,Оксиметазолин,капли назальные,"0.01%, 0.025%, 0.05%",
Риксинт рино,Оксиметазолин,капли назальные,"0.01%, 0.025%, 0.05%",
ОКСИМЕТАЗОЛИН,Оксиметазолин,капли назальные,"0.01%, 0.025%, 0.05%",
ОКСИМЕТАЗОЛИН,Оксиметазолин,капли назальные,"0.01%, 0.025%, 0.05%",
СОЛНАЗОЛ,Оксиметазолин,капли назальные,"0.01%, 0.025%, 0.05%",
СОПИОКСИМ® КАП,Оксиметазолин,капли назальные,"0.01%, 0.025%, 0.05%",
Риностоп® Экстра,Оксиметазолин,капли назальные,"0.01%, 0.025%, 0.05%",
Оксиметазолин,Оксиметазолин,капли назальные,"0.01%, 0.025%, 0.05%",
Ринделит окси,Оксиметазолин,капли назальные,"0.01%, 0.025%, 0.05%",
Оксиметазолин,Оксиметазолин,капли назальные,"0.01%, 0.025%, 0.05%",
Оксиметазолин АВВА,Оксиметазолин,капли назальные,"0.1 мг/мл, 0.25 мг/мл, 0.5 мг/мл,",
Оксифрин,Оксиметазолин,капли назальные,0.01%,
СНУППИК,Оксиметазолин,капли назальные,0.01%,
Оксифрин герта,Оксиметазолин,спрей назальный дозированный,"11.25 мкг/доза, 22.5 мкг/доза",
СНУПОКСИ,Оксиметазолин,спрей назальный дозированный,"11.25 мкг/доза, 22.5 мкг/доза",
Оксифрин,Оксиметазолин,спрей назальный дозированный,"11.25 мкг/доза, 22.5 мкг/доза",
Оксифлурин НС,Оксиметазолин,спрей назальный,"0.025%, 0.05%",
Оксилайн Рино,Оксиметазолин,спрей назальный,"0.025%, 0.05%",
ОКСИМЕТАЗОЛИН,Оксиметазолин,спрей назальный,"0.25 мг/мл, 0.5 мг/мл",
ОКСИМЕТАЗОЛИН,Оксиметазолин,спрей назальный,"0.025%, 0.05%",
Консафри Окси,Оксиметазолин,спрей назальный,"0.025%, 0.05%",
Оксиметазолин,Оксиметазолин,спрей назальный,"0.025%, 0.05%",
СОПИОКСИМ®С,Оксиметазолин,спрей назальный,"0.025%, 0.05%",
РАНКОФ® Рино,Оксиметазолин,спрей назальный,"0.025%, 0.05%",
ФЛЮСТОПРИНО,Оксиметазолин,спрей назальный,"0.025%, 0.05%",
Оксиметазолин,Оксиметазолин,спрей назальный,"0.025%, 0.05%",
Риностоп® Экстра,Оксиметазолин,спрей назальный,0.05%,
Риностоп® Экстра,Оксиметазолин,спрей назальный,0.025%,
Оксиметазолин,Оксиметазолин,спрей назальный,0.05%,
Оксиметазолин АВВА,Оксиметазолин,спрей назальный,0.5 мг/мл,
Риноксил® плюс,Оксиметазолин,спрей назальный,0.05%,
Риноксил ментол,Оксиметазолин,спрей назальный,0.05%,
Назол®,Оксиметазолин,спрей назальный дозированный,0.025 мг/доза,
ОКСИМЕТАЗОЛИН НОРДУМ®,Оксиметазолин,спрей назальный дозированный,22.5 мкг/доза,
Оксиметаген®,Оксиметазолин,спрей назальный дозированный,22.5 мкг/доза,
Ринделит окси,Оксиметазолин,спрей назальный дозированный,22.5 мкг/доза,
Оксиметаген®,Оксиметазолин,капли назальные,0.05%,
Дезринит,Мометазон,спрей назальный дозированный,50 мкг/доза,
Нозефрин,Мометазон,спрей назальный дозированный,50 мкг/доза,
АЛЛЕРГОМЕКС,Мометазон,спрей назальный дозированный,50 мкг/доза,
МОМЕТАЗОН,Мометазон,спрей назальный дозированный,50 мкг/доза,
Риалтрис Моно,Мометазон,спрей назальный дозированный,50 мкг/доза,
Дитамал,Мометазон,спрей назальный дозированный,50 мкг/доза,
Момезал Аллерго,Мометазон,спрей назальный дозированный,50 мкг/доза,
Дезринит АЛЛЕРЖИ,Мометазон,спрей назальный дозированный,50 мкг/доза,
НОЗЕФРИН АЛЕРДЖИ,Мометазон,спрей назальный дозированный,50 мкг/доза,
Ринетазон,Мометазон,спрей назальный дозированный,50 мкг/доза,
Ропивакаин,Ропивакаин,раствор для инъекций,2 мг/мл,
Ропивакаин Каби,Ропивакаин,раствор для инъекций,"2 мг/мл, 5 мг/мл, 7.5 мг/мл, 10 мг/мл",
РОПИВАКАИН АВЕКСИМА,Ропивакаин,раствор для инъекций,"2 мг/мл, 5 мг/мл, 7.5 мг/мл, 10 мг/мл",
Ропивакаин,Ропивакаин,раствор для инъекций,"2 мг/мл, 5 мг/мл, 7.5 мг/мл, 10 мг/мл",
Ропивакаин,Ропивакаин,раствор для инъекций,"2 мг/мл, 5 мг/мл, 7.5 мг/мл, 10 мг/мл",
Ропивакаин,Ропивакаин,раствор для инъекций,"2 мг/мл, 5 мг/мл, 7.5 мг/мл, 10 мг/мл",
РОПИВАКАИН,Ропивакаин,раствор для инъекций,"2 мг/мл, 5 мг/мл, 7.5 мг/мл, 10 мг/мл",
Небиволол,Небиволол,таблетки,5 мг,
Небиволол,Небиволол,таблетки,5 мг,
НЕБИВОЛОЛ ВЕЛФАРМ,Небиволол,таблетки,"2.5 мг, 5 мг, 10 мг",
Альбатензин,Небиволол,таблетки,5 мг,
Небиволол Реневал,Небиволол,таблетки,"2.5 мг, 5 мг, 10 мг",
ОД-Неб,Небиволол,таблетки,5 мг,
Небиволол,Небиволол,таблетки,5 мг,
Небиволол Канон,Небиволол,таблетки,5 мг,
Небиволол Канон,Небиволол,таблетки,"2.5 мг, 10 мг",
Небиволол-АЛСИ,Небиволол,таблетки,5 мг,
Небиватор®,Небиволол,таблетки,5 мг,
Небиволол-СЗ,Небиволол,таблетки,5 мг,
КАРДИХАРТ,Небиволол,таблетки,5 мг,
Небиволол-Тева,Небиволол,таблетки,5 мг,
Бинелол®,Небиволол,таблетки,5 мг,
НЕПАФЕНАК-ОПТИК,Непафенак,капли глазные,1 мг/мл,
Апфекто,Непафенак,капли глазные,1 мг/мл,
Лейкостим,Филграстим,раствор для внутривенного и подкожного введения,"150 мкг/мл, 300 мкг/мл",
Лейкостим,Филграстим,раствор для внутривенного и подкожного введения,600 мкг/мл (60 млн. МЕ/мл),
Лейкостим,Филграстим,раствор для внутривенного и подкожного введения,300 мкг/мл (30 млн.МЕ/мл),
Зарсио,Филграстим,раствор для внутривенного и подкожного введения,"30 млн.ЕД/0.5 мл, 48 млн.ЕД/0.5 мл",
Теваграстим,Филграстим,раствор для внутривенного и подкожного введения,60 млн. МЕ/мл,
Граноген,Филграстим,раствор для внутривенного и подкожного введения,300 мкг/мл (30 млн.МЕ/мл),
ИПИКРАТ,Ипидакрин,раствор для внутримышечного и подкожного введения,"5 мг/мл, 15 мг/мл",
ИПИГРИКС®,Ипидакрин,раствор для внутримышечного и подкожного введения,"5 мг/мл, 15 мг/мл",
Ипидакрин,Ипидакрин,раствор для внутримышечного и подкожного введения,"5 мг/мл, 15 мг/мл",
Аксамон,Ипидакрин,раствор для внутримышечного и подкожного введения,"5 мг/мл, 15 мг/мл",
Ипидакрин-СЗ,Ипидакрин,раствор для внутримышечного и подкожного введения,"5 мг/мл, 15 мг/мл",
ИПИДАКРИН ВЕЛФАРМ,Ипидакрин,раствор для внутримышечного и подкожного введения,"5 мг/мл, 15 мг/мл",
ИПИДАКРИН,Ипидакрин,раствор для внутримышечного и подкожного введения,"5 мг/мл, 15 мг/мл",
Ипигрикс,Ипидакрин,таблетки,20 мг,
Ипидакрин Канон,Ипидакрин,таблетки,20 мг,
Ипидакрин,Ипидакрин,таблетки,20 мг,
Ипидакрин-СЗ,Ипидакрин,таблетки,20 мг,
ИПИКРАТ,Ипидакрин,таблетки,20 мг,
ИПИДАКРИН,Ипидакрин,таблетки,20 мг,
Ипидакрин,Ипидакрин,таблетки,20 мг,
Аксамон,Ипидакрин,таблетки,20 мг,
Габапентин,Габапентин,капсулы,"100 мг, 300 мг, 400 мг",
Габагамма,Габапентин,капсулы,"100 мг, 300 мг, 400 мг",
Габапентин,Габапентин,капсулы,"100 мг, 300 мг, 400 мг",
Катэна,Габапентин,капсулы,"100 мг, 300 мг, 400 мг",
Флутриксан,Сорафениб,"таблетки, покрытые пленочной оболочкой",200 мг,
Сорафениб,Сорафениб,"таблетки, покрытые пленочной оболочкой",200 мг,
Рафсонс®,Сорафениб,"таблетки, покрытые пленочной оболочкой",200 мг,
Сорафениб,Сорафениб,"таблетки, покрытые пленочной оболочкой",200 мг,
Эффароникс®,Сорафениб,"таблетки, покрытые пленочной оболочкой",200 мг,"Пациенты с непереносимостью лактозы, дефицитом лактазы, глюкозо-галактозной мальабсорбцией"
СОРАФЕНИБ,Сорафениб,"таблетки, покрытые пленочной оболочкой",200 мг,
Сорафениб,Сорафениб,"таблетки, покрытые пленочной оболочкой",200 мг,
СОРАФЕНИБ-ПРОМОМЕД,Сорафениб,"таблетки, покрытые пленочной оболочкой",200 мг,
Сорафениб-АМЕДАРТ,Сорафениб,"таблетки диспергируемые, покрытые пленочной оболочкой",200 мг,
Пемозар,Эзомепразол,лиофилизат для приготовления раствора для внутривенного введения,40 мг,
Эзомепразол ПСК,Эзомепразол,лиофилизат для приготовления раствора для внутривенного введения,40 мг,
Эзомепразол,Эзомепразол,лиофилизат для приготовления раствора для внутривенного введения,40 мг,
Эсом,Эзомепразол,лиофилизат для приготовления раствора для внутривенного введения,40 мг,
Эзомепразол,Эзомепразол,лиофилизат для приготовления раствора для внутривенного введения,40 мг,
Эзомепразол,Эзомепразол,лиофилизат для приготовления раствора для внутривенного введения,40 мг,
Эзомепразол,Эзомепразол,лиофилизат для приготовления раствора для внутривенного введения,"20 мг, 40 мг",
ЭЗОМЕПРАЗОЛ-БЕЛМЕД,Эзомепразол,лиофилизат для приготовления раствора для внутривенного введения,40 мг,
Пемозар,Эзомепразол,"таблетки кишечнорастворимые, покрытые пленочной оболочкой","20 мг, 40 мг",
Эмезол,Эзомепразол,"таблетки кишечнорастворимые, покрытые пленочной оболочкой","20 мг, 40 мг",
Эзомепразол Канон,Эзомепразол,"таблетки кишечнорастворимые, покрытые пленочной оболочкой","20 мг, 40 мг",
Эзомепразол-Виал,Эзомепразол,"таблетки, покрытые кишечнорастворимой оболочкой","20 мг, 40 мг","Пациенты с непереносимостью лактозы, дефицитом лактазы, глюкозо-галактозной мальабсорбцией"
Эманера,Эзомепразол,капсулы кишечнорастворимые,"20 мг, 40 мг",
Эзомепразол Канон,Эзомепразол,капсулы кишечнорастворимые,"10 мг, 20 мг, 40 мг",
Эзомепразол,Эзомепразол,капсулы кишечнорастворимые,"20 мг, 40 мг",
Некспра®,Эзомепразол,капсулы кишечнорастворимые,"20 мг, 40 мг",
Веро-Нетилмицин,Нетилмицин,раствор для внутривенного и внутримышечного введения,"100 мг/мл, 25 мг/мл",
Нетилмицин Протекх,Нетилмицин,раствор для внутривенного и внутримышечного введения,"100 мг/мл, 25 мг/мл",
Поэксо,Пэгфилграстим,раствор для подкожного введения,10 мг/мл,
Перициазин,Перициазин,капсулы,"10 мг, 20 мг, 5 мг",
Себозол,Кетоконазол,шампунь,20 мг/мл,
Миканисал,Кетоконазол,шампунь,20 мг/г,
КЕТОКОНАЗОЛ,Кетоконазол,шампунь,0.02,
Кетоконазол ВЕРТЕКС,Кетоконазол,шампунь,0.02,
Перхотал,Кетоконазол,шампунь,"1%, 2%",
Микозорал®,Кетоконазол,шампунь,0.02,
БилазапТАБ®,Биластин,таблетки,20 мг,
Цисатракурия безилат,Цисатракурия безилат,раствор для внутривенного введения,2 мг/мл,
Цисатракурия безилат,Цисатракурия безилат,раствор для внутривенного введения,2 мг/мл,
Цисатракурия безилат,Цисатракурия безилат,раствор для внутривенного введения,2 мг/мл,
Нимопин,Нимодипин,раствор для инфузий,0.2 мг/мл,
Нимодипин,Нимодипин,раствор для инфузий,0.2 мг/мл,
Вазонимид,Нимодипин,раствор для инфузий,0.2 мг/мл,
Нимодипин-Эво,Нимодипин,раствор для инфузий,0.2 мг/мл,
Нимодипин-натив,Нимодипин,раствор для инфузий,0.2 мг/мл,
РинФаст® Микс 30,Инсулин аспарт двухфазный,суспензия для подкожного введения,100 ЕД/мл,
Диаглинид,Репаглинид,таблетки,"1 мг, 2 мг","Пациенты с непереносимостью лактозы, дефицитом лактазы, глюкозо-галактозной мальабсорбцией"
РинФаст,Инсулин аспарт,раствор для внутривенного и подкожного введения,100 МЕ/мл,
РОСИНСУЛИН АСПАРТ Р,Инсулин аспарт,раствор для внутривенного и подкожного введения,100 МЕ/мл,
РинФаст® Ник,Инсулин аспарт,раствор для подкожного и внутривенного введения,100 ЕД/мл,
АриоСэвен,Эптаког альфа (активированный),лиофилизат для приготовления раствора для внутривенного введения,1.2 мг (60КЕД),
АриоСэвен,Эптаког альфа (активированный),лиофилизат для приготовления раствора для внутривенного введения,"2.4 мг (120 КЕД), 4.8 мг (240 КЕД)",
Коагил-VII,Эптаког альфа (активированный),лиофилизат для приготовления раствора для внутривенного введения,"1.2 мг, 2.4 мг, 4.8 мг",
Релиназол,Позаконазол,суспензия для приема внутрь,40 мг/мл,Пациенты с дефицитом сахаразы/изомальтазы и глюкозо-галактозной мальабсорбцией
Позаконазол,Позаконазол,суспензия для приема внутрь,40 мг/мл,
Позаконазол Кроно,Позаконазол,суспензия для приема внутрь,40 мг/мл,
Пирацетам-Ферейн,Пирацетам,раствор для внутривенного и внутримышечного введения,200 мг/мл,
Пирацетам,Пирацетам,раствор для внутривенного и внутримышечного введения,200 мг/мл,
Пирацетам,Пирацетам,раствор для внутривенного и внутримышечного введения,200 мг/мл,
Пирацетам,Пирацетам,раствор для внутривенного введения,200 мг/мл,
Пирацетам,Пирацетам,раствор для внутривенного введения,200 мг/мл,
Пирацетам,Пирацетам,раствор для внутривенного введения,200 мг/мл,
Пирацетам,Пирацетам,раствор для внутривенного введения,200 мг/мл,
ПИРАЦЕТАМ ВЕЛФАРМ,Пирацетам,раствор для внутривенного введения,200 мг/мл,
Пирацетам,Пирацетам,раствор для внутривенного введения,200 мг/мл,
Пирацетам,Пирацетам,раствор для внутривенного введения,200 мг/мл,
Пирацетам буфус,Пирацетам,раствор для внутривенного введения,200 мг/мл,
Пирацетам-ЭСКОМ,Пирацетам,раствор для внутривенного введения,200 мг/мл,
ПИРАЦЕТАМ,Пирацетам,раствор для внутривенного введения,200 мг/мл,
Пирацетам,Пирацетам,раствор для внутривенного введения,200 мг/мл,
Пирацетам,Пирацетам,раствор для внутривенного введения,200 мг/мл,
Пирацетам,Пирацетам,раствор для внутривенного введения,200 мг/мл,
Пирацетам,Пирацетам,раствор для внутривенного введения,200 мг/мл,
Пирацетам,Пирацетам,раствор для внутривенного введения,200 мг/мл,
Пирацетам,Пирацетам,раствор для внутривенного введения,200 мг/мл,
Пирацетам ДС,Пирацетам,раствор для внутривенного введения,200 мг/мл,
Пирацетам,Пирацетам,раствор для внутривенного введения,200 мг/мл,
Максотропил,Пирацетам,таблетки шипучие,600 мг,"Пациенты с фенилкетонурией, непереносимостью фруктозы"
Пирацетам,Пирацетам,"таблетки, покрытые пленочной оболочкой","200 мг, 400 мг",
Амлодипин Алкалоид,Амлодипин,таблетки,"5 мг, 10 мг","Пациенты с непереносимостью лактозы, дефицитом лактазы, глюкозо-галактозной мальабсорбцией"
Амлодикор,Амлодипин,таблетки,"5 мг, 10 мг",
Амлодипин,Амлодипин,таблетки,"5 мг, 10 мг","Пациенты с непереносимостью лактозы, дефицитом лактазы, глюкозо-галактозной мальабсорбцией"
Амлодипин-АКОС,Амлодипин,таблетки,"2.5 мг, 5 мг, 10 мг","Пациенты с непереносимостью лактозы, дефицитом лактазы, глюкозо-галактозной мальабсорбцией"
Амлодипин-АЛСИ,Амлодипин,таблетки,"5 мг, 10 мг","Пациенты с непереносимостью лактозы, дефицитом лактазы, глюкозо-галактозной мальабсорбцией"
Амлодипин,Амлодипин,таблетки,5 мг,"Пациенты с непереносимостью лактозы, дефицитом лактазы, глюкозо-галактозной мальабсорбцией"
Кардилопин®,Амлодипин,таблетки,"2.5 мг, 5 мг, 10 мг",
Калчек®,Амлодипин,таблетки,"5 мг, 10 мг",
Амлодипин-Боримед,Амлодипин,таблетки,"5 мг, 10 мг",
Амлодипин,Амлодипин,таблетки,"5 мг, 10 мг",
Амлодипин,Амлодипин,таблетки,"5 мг, 10 мг",
Амлодипин-Тева,Амлодипин,таблетки,"5 мг, 10 мг",
Амлодипин-КРКА,Амлодипин,таблетки,"5 мг, 10 мг",
АМЛОВАС®,Амлодипин,таблетки,5 мг,
Ритонавир,Ритонавир,"таблетки, покрытые пленочной оболочкой",100 мг,
Ритонавир-ФС,Ритонавир,"таблетки, покрытые пленочной оболочкой",100 мг,
Ритонавир,Ритонавир,"таблетки, покрытые пленочной оболочкой",100 мг,
ВАРТОВАН®,Ритонавир,"таблетки, покрытые пленочной оболочкой",100 мг,
Ритонавир ПСК,Ритонавир,"таблетки, покрытые пленочной оболочкой",100 мг,
Ритонавир,Ритонавир,капсулы,100 мг,"Пациенты с непереносимостью лактозы, дефицитом лактазы, глюкозо-галактозной мальабсорбцией"
Ритонавир-Эдвансд,Ритонавир,капсулы,100 мг,"Пациенты с непереносимостью лактозы, дефицитом лактазы, глюкозо-галактозной мальабсорбцией"
Ритонавир-100,Ритонавир,капсулы,100 мг,
Дротаверин ДС,Дротаверин,раствор для внутривенного и внутримышечного введения,20 мг/мл,
ДРОТАВЕРИН-ЭЛЛАРА®,Дротаверин,раствор для внутривенного и внутримышечного введения,20 мг/мл,
Дротаверин Реневал,Дротаверин,раствор для внутривенного и внутримышечного введения,20 мг/мл,
Дротаверин,Дротаверин,раствор для внутривенного и внутримышечного введения,20 мг/мл,
Дротаверин,Дротаверин,раствор для внутривенного и внутримышечного введения,20 мг/мл,
НО-ПАРЕТ,Дротаверин,раствор для внутривенного и внутримышечного введения,20 мг/мл,
ДРОТАВЕРИН,Дротаверин,раствор для внутривенного и внутримышечного введения,20 мг/мл,
Дротаверин,Дротаверин,раствор для внутривенного и внутримышечного введения,20 мг/мл,
Дротаверин,Дротаверин,раствор для внутривенного и внутримышечного введения,20 мг/мл,
Дротаверин-СОЛОфарм,Дротаверин,раствор для внутривенного и внутримышечного введения,20 мг/мл,
Дротаверин Велфарм,Дротаверин,раствор для внутривенного и внутримышечного введения,20 мг/мл,
НОШ-БРА®,Дротаверин,раствор для внутривенного и внутримышечного введения,20 мг/мл,
Дротаверин Реневал,Дротаверин,раствор для внутривенного и внутримышечного введения,40 мг,
Дротаверин,Дротаверин,раствор для инъекций,20 мг/мл,
Дротаверин,Дротаверин,раствор для инъекций,20 мг/мл,
Дротаверин,Дротаверин,раствор для инъекций,20 мг/мл,
Дротаверин,Дротаверин,раствор для инъекций,20 мг/мл,
Дротаверин,Дротаверин,раствор для инъекций,20 мг/мл,
Дротаверин,Дротаверин,раствор для инъекций,20 мг/мл,
Дротаверин,Дротаверин,раствор для инъекций,20 мг/мл,
Дротаверин,Дротаверин,таблетки,40 мг,
Спазмол,Дротаверин,таблетки,40 мг,
Дротаверин,Дротаверин,таблетки,40 мг,
Дротаверин,Дротаверин,таблетки,40 мг,
Дротаверин-Тева,Дротаверин,таблетки,40 мг,
Дротаверин,Дротаверин,таблетки,40 мг,
Нош-Бра,Дротаверин,таблетки,40 мг,
Дротаверин,Дротаверин,таблетки,"40 мг, 80 мг",
Брудол для детей,Ибупрофен,суппозитории ректальные,"125 мг, 60 мг",
Ибупрофен Фармасинтез,Ибупрофен,суппозитории ректальные,60 мг,
Ибупрофен для детей,Ибупрофен,суппозитории ректальные,60 мг,
Ибупрофен,Ибупрофен,суппозитории ректальные,60 мг,
Ибупрофен ФТ,Ибупрофен,суспензия для приема внутрь,"100 мг/5 мл, 200 мг/5 мл",
Ибупрофен Кидс,Ибупрофен,суспензия для приема внутрь,100 мг/5 мл,
Ибупрофен ВП,Ибупрофен,суспензия для приема внутрь,100 мг/5 мл,
ИБУПРОФЕН,Ибупрофен,суспензия для приема внутрь,100 мг/5 мл,
Максиколд® для детей,Ибупрофен,суспензия для приема внутрь,100 мг/5 мл,
Ибупрофен,Ибупрофен,суспензия для приема внутрь,100 мг/5 мл,Пациенты с редкой врожденной непереносимостью фруктозы.
Ибупрофен-ВЕРТЕКС,Ибупрофен,капсулы,200 мг,
Ибупрофен,Ибупрофен,капсулы,200 мг,
НЕКСТ УНО ЭКСПРЕСС,Ибупрофен,капсулы,200 мг,
Ибупрофен Канон,Ибупрофен,капсулы,"200 мг, 400 мг",
Экстрафен Кронофарм,Ибупрофен,капсулы,"200 мг, 400 мг",
Ибупрофен ЭкстраКап®,Ибупрофен,капсулы,"200 мг, 400 мг",
Деблок,Ибупрофен,"таблетки, покрытые пленочной оболочкой",200 мг,"Пациенты с непереносимостью лактозы, дефицитом лактазы, глюкозо-галактозной мальабсорбцией"
Адвил МАКСИМУМ,Ибупрофен,капсулы,400 мг,
НЕКСТ УНО ЭКСПРЕСС ФОРТЕ,Ибупрофен,капсулы,400 мг,
Нурофаст®,Ибупрофен,капсулы,400 мг,
Ибупрофен,Ибупрофен,"таблетки, покрытые оболочкой",200 мг,
Адвил,Ибупрофен,"таблетки, покрытые пленочной оболочкой",400 мг,
Ибупрофен МАХ,Ибупрофен,"таблетки, покрытые пленочной оболочкой",400 мг,
МИГ® 400,Ибупрофен,"таблетки, покрытые пленочной оболочкой",400 мг,
ИБУПРОФЕН,Ибупрофен,"таблетки, покрытые пленочной оболочкой","200 мг, 400 мг",
Ибупрофен,Ибупрофен,"таблетки, покрытые пленочной оболочкой","200 мг, 400 мг",
Ибупрофен Реневал,Ибупрофен,"таблетки, покрытые пленочной оболочкой","200 мг, 400 мг",
Ибупирин,Ибупрофен,"таблетки, покрытые пленочной оболочкой","200 мг, 400 мг","Пациенты с непереносимостью лактозы, дефицитом лактазы, глюкозо-галактозной мальабсорбцией"
Ибупрофен Фармасинтез,Ибупрофен,"таблетки, покрытые пленочной оболочкой","200 мг, 400 мг",
Семавик®,Семаглутид,раствор для подкожного введения,0.25/0.5/1 мг/доза,
Инсудайв,Семаглутид,раствор для подкожного введения,0.25/0.5/1 мг/доза,
Семвелика,Семаглутид,раствор для подкожного введения,0.25/0.5/1 мг/доза,
Дэглюнорм,Семаглутид,раствор для подкожного введения,0.25/0.5/1 мг/доза,
СЕГЛУРИЯ,Семаглутид,раствор для подкожного введения,0.25/0.5/1 мг/доза,
АМЕГЛУТАР®,Семаглутид,раствор для подкожного введения,0.25/0.5/1 мг/доза,
Селмиджи,Семаглутид,раствор для подкожного введения,0.25/0.5/1 мг/доза,
Семуглин,Семаглутид,раствор для подкожного введения,0.25/0.5/1 мг/доза,
Квинсента,Семаглутид,раствор для подкожного введения,0.25/0.5/1 мг/доза,
Семальтара®,Семаглутид,таблетки,"3 мг, 7 мг, 14 мг",
Солосептин сенс,Бензилдиметил-миристоиламино-пропиламмоний,"капли глазные, ушные и назальные",0.01%,
МИТРАСЕПТИН®-ОфтальмоЛОР,Бензилдиметил-миристоиламино-пропиламмоний,"капли глазные, ушные и назальные",0.01%,
Барицитиниб Фармасинтез,Барицитиниб,"таблетки, покрытые пленочной оболочкой","2 мг, 4 мг",
Барицитиниб,Барицитиниб,"таблетки, покрытые пленочной оболочкой","2 мг, 4 мг",
Тамсулозин Канон,Тамсулозин,капсулы кишечнорастворимые с пролонгированным высвобождением,0.4 мг,"Пациенты с дефицитом сахаразы/изомальтазы, непереносимостью фруктозы, глюкозо-галактозной мальабсорбцией"
Профлосин,Тамсулозин,капсулы кишечнорастворимые с пролонгированным высвобождением,0.4 мг,
Тамсулозин,Тамсулозин,капсулы кишечнорастворимые с пролонгированным высвобождением,0.4 мг,
Тамсулозин,Тамсулозин,капсулы кишечнорастворимые с пролонгированным высвобождением,0.4 мг,
Омсулозин,Тамсулозин,капсулы кишечнорастворимые с пролонгированным высвобождением,400 мкг,
Тамсулозин,Тамсулозин,капсулы кишечнорастворимые с пролонгированным высвобождением,0.4 мг,
Тамсулозин,Тамсулозин,капсулы с пролонгированным высвобождением,0.4 мг,"Пациенты с дефицитом сахаразы/изомальтазы, непереносимостью фруктозы, глюкозо-галактозной мальабсорбцией"
Тамсулозин-ВЕРТЕКС,Тамсулозин,капсулы с пролонгированным высвобождением,0.4 мг,"Пациенты с дефицитом сахаразы/изомальтазы, непереносимостью фруктозы, глюкозо-галактозной мальабсорбцией"
ТАМСУЛОЗИН,Тамсулозин,капсулы с пролонгированным высвобождением,0.4 мг,"Пациенты с дефицитом сахаразы/изомальтазы, непереносимостью фруктозы, глюкозо-галактозной мальабсорбцией"
ТАМСУЛОЗИН ВЕЛФАРМ,Тамсулозин,капсулы с пролонгированным высвобождением,0.4 мг,"Пациенты с дефицитом сахаразы/изомальтазы, непереносимостью фруктозы, глюкозо-галактозной мальабсорбцией"
Таниз-К,Тамсулозин,капсулы с пролонгированным высвобождением,0.4 мг,
Тамсулон,Тамсулозин,капсулы пролонгированного действия,0.4 мг,
Гиперпрост,Тамсулозин,капсулы пролонгированного действия,400 мкг,"Пациенты с дефицитом сахаразы/изомальтазы, непереносимостью фруктозы, глюкозо-галактозной мальабсорбцией"
Тамсулозин-OBL,Тамсулозин,капсулы с модифицированным высвобождением,0.4 мг,"Пациенты с дефицитом сахаразы/изомальтазы, непереносимостью фруктозы, глюкозо-галактозной мальабсорбцией"
Глансин,Тамсулозин,капсулы с модифицированным высвобождением,"0.2 мг, 0.4 мг","Пациенты с дефицитом сахаразы/изомальтазы, непереносимостью фруктозы, глюкозо-галактозной мальабсорбцией"
Предстанормикс Тамлазин,Тамсулозин,капсулы с модифицированным высвобождением,0.4 мг,"Пациенты с дефицитом сахаразы/изомальтазы, непереносимостью фруктозы, глюкозо-галактозной мальабсорбцией"
Фокусин,Тамсулозин,капсулы с модифицированным высвобождением,0.4 мг,
Сонизин®,Тамсулозин,капсулы с модифицированным высвобождением,0.4 мг,
Тамсулозин Канон,Тамсулозин,"таблетки с пролонгированным высвобождением, покрытые пленочной оболочкой",0.4 мг,"Пациенты с непереносимостью лактозы, дефицитом лактазы, глюкозо-галактозной мальабсорбцией"
Тамсулозин-СЗ,Тамсулозин,"таблетки с пролонгированным высвобождением, покрытые пленочной оболочкой",0.4 мг,"Пациенты с непереносимостью лактозы, дефицитом лактазы, глюкозо-галактозной мальабсорбцией"
Тамсулозин ретард,Тамсулозин,"таблетки с пролонгированным высвобождением, покрытые пленочной оболочкой",0.4 мг,
Сонирид Дуо,Тамсулозин+Финастерид [набор],"таблеток и капсул набор/в наборе: тамсулозин (капсулы с модифицированным высвобождением, 0.4 мг), финастерид (таблетки, покрытые пленочной оболочкой, 5 мг)",~,
ЮНИГЕКСОЛ,Йогексол,раствор для инъекций,"240 мг йода/мл, 300 мг йода/мл, 350 мг йода/мл",
Рингаскан,Йогексол,раствор для инъекций,"240 мг йода/мл, 300 мг йода/мл, 350 мг йода/мл",
ЙОГЕКСОЛ ВЕЛФАРМ,Йогексол,раствор для инъекций,"240 мг йода/мл, 300 мг йода/мл, 350 мг йода/мл",
Йогексол-АКОС,Йогексол,раствор для инъекций,"240 мг йода/мл, 300 мг йода/мл, 350 мг йода/мл",
Йогексол,Йогексол,раствор для инъекций,"240 мг йода/мл, 300 мг йода/мл, 350 мг йода/мл",
Йогексол-Бинергия,Йогексол,раствор для инъекций,"300 мг йода/мл, 350 мг йода/мл",
ЙОГЕКСОЛ,Йогексол,"раствор для инъекций, приема внутрь и ректального введения","240 мг йода/мл, 300 мг йода/мл, 350 мг йода/мл",
Йогексол-Бинергия,Йогексол,"раствор для инъекций, приема внутрь и ректального введения",240 мг йода/мл,
МИРАДОСКАН,Гадодиамид,раствор для внутривенного введения,0.5 ммоль/мл,
ГАДОДИАМИД,Гадодиамид,раствор для внутривенного введения,0.5 ммоль/мл,
Гадодиамид,Гадодиамид,раствор для внутривенного введения,0.5 ммоль/мл,
Гадодиамид,Гадодиамид,раствор для внутривенного введения,0.5 ммоль/мл,
САГЛИВЕЛ,Саксаглиптин,"таблетки, покрытые пленочной оболочкой","2.5 мг, 5 мг",
Саксаглиптин,Саксаглиптин,"таблетки, покрытые пленочной оболочкой","2.5 мг, 5 мг",
Палоносетрон,Палоносетрон,раствор для внутривенного введения,0.25 мг/5 мл,
Визаллергол,Олопатадин,капли глазные,2 мг/мл,
Олапасан,Олопатадин,капли глазные,0.2%,
Олопатадин-СЗ,Олопатадин,капли глазные,1 мг/мл,
Олопатадин,Олопатадин,капли глазные,0.1%,
Стабломакс,Олопатадин,капли глазные,1 мг/мл,
Стабломакс ОД,Олопатадин,капли глазные,2 мг/мл,
Олопатин® МЛ,Олопатадин,капли глазные,2 мг/мл,
Олопаталлерг,Олопатадин,капли глазные,0.1%,
Олопатин®,Олопатадин,капли глазные,1 мг/мл,
ОКОПАДИН,Олопатадин,капли глазные,2 мг/мл,
Максицентан,Мацитентан,"таблетки, покрытые пленочной оболочкой",10 мг,
Мацитентан,Мацитентан,"таблетки, покрытые пленочной оболочкой",10 мг,
Мацитентан-ФС,Мацитентан,"таблетки, покрытые пленочной оболочкой",10 мг,"Пациенты с дефицитом сахаразы/изомальтазы, непереносимостью фруктозы"
Мацитентан ПСК,Мацитентан,"таблетки, покрытые пленочной оболочкой",10 мг,
Мацитентан,Мацитентан,"таблетки, покрытые пленочной оболочкой",10 мг,
МАЦИТЕНТАН,Мацитентан,"таблетки, покрытые пленочной оболочкой",10 мг,
МАЦИТЕНТАН ВЕЛФАРМ,Мацитентан,"таблетки, покрытые пленочной оболочкой",10 мг,
Мацимант®,Мацитентан,"таблетки, покрытые пленочной оболочкой",10 мг,
Мацитентан,Мацитентан,"таблетки, покрытые пленочной оболочкой",10 мг,
Мацитентан-29Ф,Мацитентан,"таблетки, покрытые пленочной оболочкой",10 мг,
Йоверскан,Йоверсол,раствор для внутривенного и внутриартериального введения,"240 мг йода/мл, 300 мг йода/мл, 320 мг йода/мл, 350 мг йода/мл",
ЙОВЕРСОЛ,Йоверсол,раствор для внутривенного и внутриартериального введения,"240 мг йода/мл, 300 мг йода/мл, 320 мг йода/мл, 350 мг йода/мл",
Ганиреликс-Рихтер,Ганиреликс,раствор для подкожного введения,0.25 мг/0.5 мл,
Орунит,Итраконазол,капсулы,100 мг,
Итраконазол,Итраконазол,капсулы,100 мг,
Итраконазол,Итраконазол,капсулы,100 мг,
Итраконазол,Итраконазол,капсулы,100 мг,
Итраконазол-АКОС,Итраконазол,капсулы,100 мг,
Итраконазол,Итраконазол,капсулы,100 мг,
Итраконазол,Итраконазол,капсулы,100 мг,
Итраконазол,Итраконазол,капсулы,100 мг,
Итраконазол-ЛекТ,Итраконазол,капсулы,100 мг,
Ирунин,Итраконазол,капсулы,100 мг,
Итразол,Итраконазол,капсулы,100 мг,
Румикоз®,Итраконазол,капсулы,100 мг,
Кандитрал,Итраконазол,капсулы,100 мг,
Текназол,Итраконазол,капсулы,100 мг,
Орунгамин®,Итраконазол,капсулы,100 мг,
Апремиласт-29Ф,Апремиласт,"таблетки, покрытые пленочной оболочкой","10 мг, 30 мг",
Апремиласт,Апремиласт,"таблетки, покрытые пленочной оболочкой; набор таблеток, покрытых пленочной оболочкой",30 мг; 10 мг и 20 мг и 30 мг,
Апремиласт ПСК,Апремиласт,"таблетки, покрытые пленочной оболочкой; набор таблеток, покрытых пленочной оболочкой",30 мг; 10 мг и 20 мг и 30 мг,
Носолин®-бальзам,Ксилометазолин,капли назальные,0.1%,
Ксилен,Ксилометазолин,капли назальные,"0.05%, 0.1%",
Кватран ксило,Ксилометазолин,капли назальные,"0.05%, 0.1%",
СОПИКСИЛ,Ксилометазолин,капли назальные,"0.05%, 0.1%",
Ксилометазолин,Ксилометазолин,капли назальные,"0.05%, 0.1%",
Ксилокт®-СОЛОфарм,Ксилометазолин,капли назальные,"0.05%, 0.1%",
КСИЛОМЕТАЗОЛИН,Ксилометазолин,капли назальные,"0.05%, 0.1%",
КСИЛОМЕТАЗОЛИН,Ксилометазолин,капли назальные,"0.05%, 0.1%",
Ксилометазолин,Ксилометазолин,капли назальные,"0.05%, 0.1%",
КСИЛОМЕТАЗОЛИН,Ксилометазолин,капли назальные,"0.05%, 0.1%",
Риностоп®,Ксилометазолин,капли назальные,"0.05%, 0.1%",
Галазолин®,Ксилометазолин,капли назальные,"0.05%, 0.1%",
Суприма-НОЗ,Ксилометазолин,капли назальные,"0.05%, 0.1%",
Ринорус®,Ксилометазолин,капли назальные,"0.05%, 0.1%",
КСИЛОМЕТАЗОЛИН,Ксилометазолин,капли назальные,"0.05%, 0.1%",
Ксилометазолин,Ксилометазолин,капли назальные,"0.05%, 0.1%",
Ксилометазолин,Ксилометазолин,капли назальные,"0.05%, 0.1%",
Звездочка ноз,Ксилометазолин,капли назальные,"0.05%, 0.1%",
РиноСТОП® БФС,Ксилометазолин,капли назальные,"0.05%, 0.1%",
Ринонорм,Ксилометазолин,"спрей назальный дозированный, [ДЛЯ ДЕТЕЙ]",35 мкг/доза,
Ксилен,Ксилометазолин,спрей назальный,"0.05%, 0.1%",
Риномарис®,Ксилометазолин,спрей назальный,"0.5 мг/мл, 1 мг/мл",
КСИЛОМЕТАЗОЛИН,Ксилометазолин,спрей назальный,"0.05%, 0.1%",
Суприма-НОЗ,Ксилометазолин,спрей назальный,"0.05%, 0.1%",
Ринорус®,Ксилометазолин,спрей назальный,"0.05%, 0.1%",
МОРЕЛОР® КСИЛО,Ксилометазолин,спрей назальный,"0.05%, 0.1%",
РИНОКОНС,Ксилометазолин,спрей назальный,"0.05%, 0.1%",
Ксилометазолин,Ксилометазолин,спрей назальный,"0.05%, 0.1%",
Инфлюрин® Ксило,Ксилометазолин,спрей назальный,"0.05%, 0.1%",
Ксилометазолин,Ксилометазолин,спрей назальный,"0.05%, 0.1%",
КСИЛОМЕТАЗОЛИН,Ксилометазолин,спрей назальный,"0.05%, 0.1%",
КСИЛОМЕТАЗОЛИН,Ксилометазолин,спрей назальный,"0.05%, 0.1%",
Риностоп®,Ксилометазолин,спрей назальный,"0.05%, 0.1%",
Ксимелин Эко,Ксилометазолин,спрей назальный дозированный,"35 мкг/доза, 140 мкг/доза",
Кватран ксило,Ксилометазолин,спрей назальный дозированный,"45 мкг/доза, 90 мкг/доза",
Снуп®,Ксилометазолин,спрей назальный дозированный,"45 мкг/доза, 90 мкг/доза",
Ксилокт®-СОЛОфарм,Ксилометазолин,спрей назальный дозированный,"35 мкг/доза, 140 мкг/доза",
Тизин® Эксперт,Ксилометазолин,спрей назальный дозированный,"0.05%, 0.1%",
Тизин® Классик,Ксилометазолин,спрей назальный дозированный,"0.05%, 0.1%",
СОПИКСИЛ,Ксилометазолин,спрей назальный дозированный,"35 мкг/доза, 140 мкг/доза",
Ринонорм,Ксилометазолин,спрей назальный дозированный,140 мкг/доза,
КСИЛО НОРДУМ®,Ксилометазолин,спрей назальный дозированный,140 мкг/доза,
Ксилометазолин,Ксилометазолин,спрей назальный дозированный,140 мкг/доза,
Длянос,Ксилометазолин,спрей назальный,0.1%,
Звездочка Ноз,Ксилометазолин,спрей назальный,0.1%,
Ксилометазолин ДС,Ксилометазолин,спрей назальный,0.1%,
АКВАЗИВИН® ЛОР,Ксилометазолин,спрей назальный,0.1%,
КСИЛО НОРДУМ® с ментолом и эвкалиптом,Ксилометазолин,спрей назальный дозированный,140 мкг/доза,
Ксимелин Эко с ментолом,Ксилометазолин,спрей назальный дозированный,140 мкг/доза,
Доктор Тайсс Ринотайсс,Ксилометазолин,спрей назальный,~,
КСИЛО С МЕНТОЛОМ И ЭВКАЛИПТОМ,Ксилометазолин,спрей назальный,1 мг/мл,
Ксилен актив®,Ксилометазолин,спрей назальный,0.1%,
Ксилометазолин,Ксилометазолин,спрей назальный,0.1%,
Левофлоксацин,Левофлоксацин,капли глазные,0.5%,
Л-ОПТИК РОМФАРМ,Левофлоксацин,капли глазные,5 мг/мл,
Левофлоксацин,Левофлоксацин,капли глазные,0.5%,
Левофлоксацин,Левофлоксацин,капли глазные,0.5%,
Сигницеф,Левофлоксацин,капли глазные,0.5%,
Карбетоцин,Карбетоцин,раствор для внутривенного и внутримышечного введения,100 мкг/мл,
КАРБЕТОЦИН,Карбетоцин,раствор для внутривенного и внутримышечного введения,100 мкг/мл,
Карбетоцин ПСК,Карбетоцин,раствор для внутривенного и внутримышечного введения,100 мкг/мл,
Стилиден,Пароксетин,капли для приема внутрь,10 мг/мл,"Пациенты с дефицитом сахаразы/изомальтазы, непереносимостью фруктозы, глюкозо-галактозной мальабсорбцией"
Пароксетин,Пароксетин,"таблетки, покрытые пленочной оболочкой",20 мг,
Пароксетин солофарм,Пароксетин,"таблетки, покрытые пленочной оболочкой",20 мг,
Пароксетин,Пароксетин,"таблетки, покрытые пленочной оболочкой","20 мг, 30 мг",
Пароксетин,Пароксетин,"таблетки, покрытые пленочной оболочкой","20 мг, 30 мг",
Пароксетин,Пароксетин,"таблетки, покрытые пленочной оболочкой",20 мг,
Рексетин,Пароксетин,"таблетки, покрытые пленочной оболочкой","20 мг, 30 мг",
Парацетамол,Парацетамол,таблетки,500 мг,"Пациенты с непереносимостью лактозы, дефицитом лактазы, глюкозо-галактозной мальабсорбцией"
Парацетамол Реневал,Парацетамол,таблетки,500 мг,
Парацетамол-Фармстандарт,Парацетамол,таблетки,500 мг,
ПАРАЦЕТАМОЛ ФортеКидс,Парацетамол,суспензия для приема внутрь для детей,250 мг/5 мл,"Пациенты с непереносимостью фруктозы, дефицитом сахаразы/изомальтазы и глюкозо-галактозной мальабсорбцией"
Гопантеновая кислота,Гопантеновая кислота,таблетки,"250 мг, 500 мг",
ГОПАТЕНОРД,Гопантеновая кислота,таблетки,"250 мг, 500 мг",
Пантокальцин®,Гопантеновая кислота,таблетки,"250 мг, 500 мг",
Гопантам®,Гопантеновая кислота,таблетки,"250 мг, 500 мг",
Гопантеновая кислота,Гопантеновая кислота,таблетки,"250 мг, 500 мг",
Нейроцеталь Кидс,Гопантеновая кислота,раствор для приема внутрь,100 мг/мл,
Гопантеновая кислота,Гопантеновая кислота,раствор для приема внутрь,100 мг/мл,
Рабепразол-Вертекс,Рабепразол,капсулы кишечнорастворимые,"10 мг, 20 мг","Пациенты с дефицитом сахаразы/изомальтазы, непереносимостью фруктозы, глюкозо-галактозной мальабсорбцией"
Рабепразол-СЗ,Рабепразол,капсулы кишечнорастворимые,"10 мг, 20 мг","Пациенты с дефицитом сахаразы/изомальтазы, непереносимостью фруктозы, глюкозо-галактозной мальабсорбцией"
РАБЕПРАЗОЛ ВЕЛФАРМ,Рабепразол,капсулы кишечнорастворимые,"10 мг, 20 мг","Пациенты с дефицитом сахаразы/изомальтазы, непереносимостью фруктозы, глюкозо-галактозной мальабсорбцией"
Ульблок®,Рабепразол,капсулы кишечнорастворимые,"10 мг, 20 мг","Пациенты с дефицитом сахаразы/изомальтазы, непереносимостью фруктозы, глюкозо-галактозной мальабсорбцией"
Рабиет®,Рабепразол,капсулы кишечнорастворимые,"10 мг, 20 мг","Пациенты с дефицитом сахаразы/изомальтазы, непереносимостью фруктозы, глюкозо-галактозной мальабсорбцией"
Рамнипразол,Рабепразол,"таблетки кишечнорастворимые, покрытые оболочкой","10 мг, 20 мг","Пациенты с непереносимостью лактозы, дефицитом лактазы, глюкозо-галактозной мальабсорбцией"
Рабепразол-Тева,Рабепразол,"таблетки кишечнорастворимые, покрытые оболочкой","10 мг, 20 мг",
Ульцернил,Рабепразол,"таблетки кишечнорастворимые, покрытые пленочной оболочкой","10 мг, 20 мг",
РАБЕПРАЗОЛ ВЕЛФАРМ,Рабепразол,"таблетки кишечнорастворимые, покрытые пленочной оболочкой","10 мг, 20 мг",
Зульбекс®,Рабепразол,"таблетки кишечнорастворимые, покрытые пленочной оболочкой","10 мг, 20 мг",
Рабелок,Рабепразол,"таблетки, покрытые кишечнорастворимой оболочкой","10 мг, 20 мг",
Хайрабезол,Рабепразол,таблетки покрытые кишечнорастворимой пленочной оболочкой,"10 мг, 20 мг",
Рабепразол,Рабепразол,таблетки покрытые кишечнорастворимой пленочной оболочкой,"10 мг, 20 мг",
Берета,Рабепразол,таблетки покрытые кишечнорастворимой пленочной оболочкой,"10 мг, 20 мг",
Разо,Рабепразол,таблетки покрытые кишечнорастворимой пленочной оболочкой,"10 мг, 20 мг",
Пертувиа,Пертузумаб,концентрат для приготовления раствора для инфузий,420 мг,
ПРИМАФУНГИН®,Натамицин,суппозитории вагинальные,100 мг,
Экофуцин,Натамицин,суппозитории вагинальные,100 мг,
Натамицин,Натамицин,суппозитории вагинальные,100 мг,
Амантадин,Амантадин,раствор для инфузий,0.4 мг/мл,
Деклот 75,Клопидогрел,"таблетки, покрытые пленочной оболочкой",75 мг,
Клопидогрел-ФП,Клопидогрел,"таблетки, покрытые пленочной оболочкой",75 мг,
КЛОПИДОГРЕЛ,Клопидогрел,"таблетки, покрытые пленочной оболочкой",75 мг,
Флюдер,Клопидогрел,капсулы,75 мг,
Клопидогрел-Акрихин,Клопидогрел,"таблетки, покрытые пленочной оболочкой",75 мг,
Клопидогрел Канон,Клопидогрел,"таблетки, покрытые пленочной оболочкой",75 мг,
Клопидогрел-НАНОЛЕК,Клопидогрел,"таблетки, покрытые пленочной оболочкой",75 мг,
Клопидогрел солофарм,Клопидогрел,"таблетки, покрытые пленочной оболочкой",75 мг,
Клопидогрел-СЗ,Клопидогрел,"таблетки, покрытые пленочной оболочкой",75 мг,
Клопидогрел-ТАД,Клопидогрел,"таблетки, покрытые пленочной оболочкой",75 мг,
Клопидогрел Реневал,Клопидогрел,"таблетки, покрытые пленочной оболочкой",75 мг,
Клопидогрел,Клопидогрел,"таблетки, покрытые пленочной оболочкой",75 мг,
Клопидогрел,Клопидогрел,"таблетки, покрытые пленочной оболочкой",75 мг,
Клопидогрел,Клопидогрел,"таблетки, покрытые пленочной оболочкой",75 мг,
Клопидогрел-АКОС,Клопидогрел,"таблетки, покрытые пленочной оболочкой",75 мг,
Клопидогрел,Клопидогрел,"таблетки, покрытые пленочной оболочкой",75 мг,
Клопидогрел,Клопидогрел,"таблетки, покрытые пленочной оболочкой",75 мг,
Пидогрел,Клопидогрел,"таблетки, покрытые пленочной оболочкой",75 мг,
Тромборель,Клопидогрел,"таблетки, покрытые пленочной оболочкой",75 мг,
Деплатт-75,Клопидогрел,"таблетки, покрытые пленочной оболочкой",75 мг,
Клопидекс,Клопидогрел,"таблетки, покрытые пленочной оболочкой",75 мг,
Зилт,Клопидогрел,"таблетки, покрытые пленочной оболочкой",75 мг,
Плагрил,Клопидогрел,"таблетки, покрытые пленочной оболочкой",75 мг,
Эгитромб,Клопидогрел,"таблетки, покрытые пленочной оболочкой",75 мг,
Лопирел,Клопидогрел,"таблетки, покрытые пленочной оболочкой",75 мг,
Плогрель,Клопидогрел,"таблетки, покрытые пленочной оболочкой",75 мг,
Таргетек,Клопидогрел,"таблетки, покрытые пленочной оболочкой",75 мг,
Клапитакс,Клопидогрел,"таблетки, покрытые пленочной оболочкой","75 мг, 150 мг, 300 мг",
Гидроксихлорохин,Гидроксихлорохин,"таблетки, покрытые пленочной оболочкой",200 мг,
Фелодипин,Фелодипин,"таблетки с пролонгированным высвобождением, покрытые пленочной оболочкой","2.5 мг, 5 мг, 10 мг",
Фелодип,Фелодипин,"таблетки с пролонгированным высвобождением, покрытые пленочной оболочкой","2.5 мг, 5 мг, 10 мг",
Фелодипин Канон,Фелодипин,"таблетки с пролонгированным высвобождением, покрытые пленочной оболочкой","2.5 мг, 5 мг, 10 мг",
Постиплания,Левоноргестрел,таблетки,0.75 мг,
Дабиксом,Дабигатрана этексилат,капсулы,"75 мг, 110 мг, 150 мг",
Дабигатрана этексилат Сандоз®,Дабигатрана этексилат,капсулы,"75 мг, 110 мг, 150 мг",
Дабигатрана этексилат Канон,Дабигатрана этексилат,капсулы,"75 мг, 110 мг, 150 мг",
Дабигатрана этексилат-ВЕРТЕКС,Дабигатрана этексилат,капсулы,"75 мг, 110 мг, 150 мг",
ДАБИГАТРАНА ЭТЕКСИЛАТ ВЕЛФАРМ,Дабигатрана этексилат,капсулы,"75 мг, 110 мг, 150 мг",
Дабигатрана этексилат,Дабигатрана этексилат,капсулы,"75 мг, 110 мг, 150 мг","Пациенты с дефицитом сахаразы/изомальтазы, непереносимостью фруктозы, глюкозо-галактозной мальабсорбцией"
Дабигатран ПСК,Дабигатрана этексилат,капсулы,"75 мг, 110 мг, 150 мг",
ЭТЕКСИДАБ®,Дабигатрана этексилат,капсулы,"75 мг, 110 мг, 150 мг",
Аксартобан®,Дабигатрана этексилат,капсулы,"75 мг, 110 мг, 150 мг",
Транидаб,Дабигатрана этексилат,капсулы,"75 мг, 110 мг, 150 мг",
Дабигатран,Дабигатрана этексилат,капсулы,"75 мг, 110 мг, 150 мг",
Дабигатрана этексилат Фармасинтез,Дабигатрана этексилат,капсулы,"75 мг, 110 мг, 150 мг",
Дабигатрана этексилат-Алиум,Дабигатрана этексилат,капсулы,"75 мг, 110 мг, 150 мг",
Дабигатран-АМЕДАРТ,Дабигатрана этексилат,капсулы,"75 мг, 110 мг, 150 мг",
Триметазидин МВ,Триметазидин,"таблетки пролонгированного действия, покрытые пленочной оболочкой",35 мг,"Пациенты с непереносимостью лактозы, дефицитом лактазы, глюкозо-галактозной мальабсорбцией"
Триметазидин,Триметазидин,"таблетки пролонгированного действия, покрытые оболочкой",35 мг,"Пациенты с непереносимостью лактозы, дефицитом лактазы, глюкозо-галактозной мальабсорбцией"
Триметазидин-АКОС МВ,Триметазидин,"таблетки с модифицированным высвобождением, покрытые оболочкой",35 мг,
Триметазидин МВ,Триметазидин,таблетки с модифицированным высвобождением покрытые пленочной оболочкой,35 мг,
Триметазидин МВ,Триметазидин,таблетки с модифицированным высвобождением покрытые пленочной оболочкой,35 мг,"Пациенты с непереносимостью лактозы, дефицитом лактазы, глюкозо-галактозной мальабсорбцией"
Триметазидин МВ,Триметазидин,таблетки с модифицированным высвобождением покрытые пленочной оболочкой,35 мг,
Тримектал МВ,Триметазидин,таблетки с модифицированным высвобождением покрытые пленочной оболочкой,35 мг,
Депренорм МВ,Триметазидин,"таблетки с пролонгированным высвобождением, покрытые пленочной оболочкой",35 мг,
Предизин®,Триметазидин,"таблетки с пролонгированным высвобождением, покрытые пленочной оболочкой",35 мг,
Триметазидин МВ,Триметазидин,"таблетки с пролонгированным высвобождением, покрытые пленочной оболочкой",35 мг,
Антистен МВ,Триметазидин,"таблетки с пролонгированным высвобождением, покрытые пленочной оболочкой",35 мг,
Депренорм ОД,Триметазидин,"таблетки с пролонгированным высвобождением, покрытые пленочной оболочкой",70 мг,
Триметазидин МВ Реневал,Триметазидин,"таблетки с пролонгированным высвобождением, покрытые пленочной оболочкой",35 мг,
Триметазидин МВ-Тева,Триметазидин,"таблетки с пролонгированным высвобождением, покрытые пленочной оболочкой",35 мг,
Тримитард МВ,Триметазидин,"таблетки с пролонгированным высвобождением, покрытые пленочной оболочкой",35 мг,
Тримектал® ОД,Триметазидин,"таблетки с пролонгированным высвобождением, покрытые пленочной оболочкой",80 мг,
Дарунавир,Дарунавир,"таблетки, покрытые пленочной оболочкой",800 мг,
Дарунавир,Дарунавир,"таблетки, покрытые пленочной оболочкой",800 мг,
Вирнада®,Дарунавир,"таблетки, покрытые пленочной оболочкой",800 мг,
Кемерувир®,Дарунавир,"таблетки, покрытые пленочной оболочкой",800 мг,
Кемерувир®,Дарунавир,"таблетки, покрытые пленочной оболочкой","75 мг, 150 мг, 300 мг, 400 мг, 600 мг",
Дарунавир,Дарунавир,"таблетки, покрытые пленочной оболочкой","75 мг, 150 мг, 300 мг, 400 мг, 600 мг",
Дарунавир,Дарунавир,"таблетки, покрытые пленочной оболочкой","400 мг, 600 мг",
Дарунавир,Дарунавир,"таблетки, покрытые пленочной оболочкой","400 мг, 600 мг, 800 мг",
Дарунавир,Дарунавир,"таблетки, покрытые пленочной оболочкой","400 мг, 600 мг, 800 мг",
Дарунавир,Дарунавир,"таблетки, покрытые пленочной оболочкой","400 мг, 600 мг, 800 мг",
САЛДУВИР®,Дарунавир,"таблетки, покрытые пленочной оболочкой","150 мг, 400 мг, 600 мг, 800 мг",
Дарунавир-Эдвансд,Дарунавир,"таблетки, покрытые пленочной оболочкой","75 мг, 150 мг, 300 мг, 400 мг, 600 мг, 800 мг",
Периндоприл-Тева,Периндоприл,"таблетки, покрытые пленочной оболочкой","2.5 мг, 5 мг, 10 мг",
Периндоприла аргинин-ТАД,Периндоприл,"таблетки, покрытые пленочной оболочкой","5 мг, 10 мг",
ПЕРИНДОПРИЛ ВЕЛФАРМ,Периндоприл,"таблетки, покрытые пленочной оболочкой","2.5 мг, 5 мг, 10 мг",
Периндоприл Канон,Периндоприл,"таблетки, покрытые пленочной оболочкой","5 мг, 10 мг",
Периндоприл-АЛСИ,Периндоприл,таблетки,"4 мг, 8 мг",
Периндоприл Медисорб,Периндоприл,таблетки,"4 мг, 8 мг",
ПЕРИНДОПРИЛ,Периндоприл,таблетки,"2 мг, 4 мг, 8 мг",
Периндоприл,Периндоприл,таблетки,"2 мг, 4 мг, 8 мг",
Периндоприл Реневал,Периндоприл,таблетки,"2 мг, 4 мг, 8 мг",
Периндоприл,Периндоприл,таблетки,4 мг,
Периндоприл,Периндоприл,таблетки,"4 мг, 8 мг",
Периндоприл-СЗ,Периндоприл,таблетки,8 мг,
Периндоприл-СЗ,Периндоприл,таблетки,"2 мг, 4 мг",
Перинева,Периндоприл,таблетки,"2 мг, 4 мг, 8 мг",
Периндоприл,Периндоприл,таблетки,"2 мг, 4 мг, 8 мг",
Примаксетин,Дапоксетин,"таблетки, покрытые пленочной оболочкой","30 мг, 60 мг",
ДляЖенс® проги,Эстрадиола валерат,"таблетки, покрытые пленочной оболочкой",2 мг,
Такролимус,Такролимус,капсулы,"0.5 мг, 1 мг, 5 мг",
Такролимус,Такролимус,капсулы,"0.5 мг, 1 мг, 5 мг",
Панграф,Такролимус,капсулы,"0.5 мг, 1 мг, 5 мг",
Такролимус-Акри,Такролимус,капсулы,"0.5 мг, 1 мг",
Флуоксетин,Флуоксетин,капсулы,"10 мг, 20 мг",
Флуоксетин Ланнахер,Флуоксетин,капсулы,20 мг,
Профлузак®,Флуоксетин,капсулы,20 мг,
Флуоксетин,Флуоксетин,капсулы,"10 мг, 20 мг","Пациенты с непереносимостью лактозы, дефицитом лактазы, глюкозо-галактозной мальабсорбцией"
Флуоксетин Канон,Флуоксетин,капсулы,20 мг,"Пациенты с непереносимостью лактозы, дефицитом лактазы, глюкозо-галактозной мальабсорбцией"
Форседено®,Деносумаб,раствор для подкожного введения,60 мг,
Пронокогнил,Пирибедил,"таблетки с контролируемым высвобождением, покрытые пленочной оболочкой",50 мг,
Пенестер,Финастерид,"таблетки, покрытые пленочной оболочкой",5 мг,
Финастерид-Тева,Финастерид,"таблетки, покрытые пленочной оболочкой",5 мг,
Финастерид,Финастерид,"таблетки, покрытые пленочной оболочкой",5 мг,
Финаст®,Финастерид,"таблетки, покрытые пленочной оболочкой",5 мг,
Финастерид-OBL,Финастерид,"таблетки, покрытые пленочной оболочкой",5 мг,
Протамин-инсулин ЧС,Инсулин-изофан [человеческий генно-инженерный],суспензия для подкожного введения,100 МЕ/мл,
Респинид,Будесонид,капсулы с порошком для ингаляций,"100 мкг/доза, 200 мкг/доза, 400 мкг/доза",
РАНОКАРДУМ®,Ранолазин,"таблетки с пролонгированным высвобождением, покрытые пленочной оболочкой","500 мг, 750 мг, 1000 мг",
Рибавирин,Рибавирин,капсулы,200 мг,
Рибавирин Канон,Рибавирин,капсулы,200 мг,
Рибавирин-ВЕРТЕКС,Рибавирин,капсулы,200 мг,
Рибавирин,Рибавирин,капсулы,200 мг,
Генфаксон®,Интерферон бета-1а,раствор для подкожного введения,"6 млн. МЕ, 12 млн. МЕ",
МИЕЛАНИКС,Леналидомид,капсулы,"2.5 мг, 5 мг, 7.5 мг, 10 мг, 15 мг, 20 мг, 25 мг",
ЛЕНАЛИДОМИД-ПРОМОМЕД,Леналидомид,капсулы,"2.5 мг, 5 мг, 7.5 мг, 10 мг, 15 мг, 20 мг, 25 мг",
Ландотекс®,Леналидомид,капсулы,"2.5 мг, 5 мг, 7.5 мг, 10 мг, 15 мг, 20 мг, 25 мг",
Леноалромид,Леналидомид,капсулы,"2.5 мг, 5 мг, 7.5 мг, 10 мг, 15 мг, 20 мг, 25 мг",
Леналидомид-АМЕДАРТ,Леналидомид,капсулы,"2.5 мг, 5 мг, 7.5 мг, 10 мг, 15 мг, 20 мг, 25 мг",
Леналидомид Канон,Леналидомид,капсулы,"2.5 мг, 5 мг, 7.5 мг, 10 мг, 15 мг, 20 мг, 25 мг",
Леналидомид-КРКА,Леналидомид,капсулы,"2.5 мг, 5 мг, 7.5 мг, 10 мг, 15 мг, 20 мг, 25 мг",
МЕТИБЛАСТАН®,Леналидомид,капсулы,"5 мг, 10 мг, 15 мг, 25 мг",
Леналидомид,Леналидомид,капсулы,"5 мг, 10 мг, 15 мг, 25 мг",
Леналидомид,Леналидомид,капсулы,"5 мг, 10 мг, 15 мг, 25 мг",
Элтромбопаг-29Ф,Элтромбопаг,"таблетки, покрытые пленочной оболочкой","25 мг, 50 мг",
ЭЛТРОМБОПАГ ВЕЛФАРМ,Элтромбопаг,"таблетки, покрытые пленочной оболочкой","25 мг, 50 мг","Пациенты с дефицитом сахаразы/изомальтазы и лактазы, непереносимостью лактозы, непереносимостью фруктозы, глюкозо-галактозной мальабсорбцией"
Элбигем,Элтромбопаг,"таблетки, покрытые пленочной оболочкой","25 мг, 50 мг","Пациенты с дефицитом сахаразы/изомальтазы, непереносимостью фруктозы, глюкозо-галактозной мальабсорбцией"
ЭЛТРОМБОЛ®,Элтромбопаг,"таблетки, покрытые пленочной оболочкой","25 мг, 50 мг",
Элтромбопаг,Элтромбопаг,"таблетки, покрытые пленочной оболочкой","25 мг, 50 мг",
Тромбалэйд®,Элтромбопаг,"таблетки, покрытые пленочной оболочкой","25 мг, 50 мг",
Элтромбопаг-Алиум,Элтромбопаг,"таблетки, покрытые пленочной оболочкой","25 мг, 50 мг",
Элтромбопаг-АМЕДАРТ,Элтромбопаг,"таблетки, покрытые пленочной оболочкой","25 мг, 50 мг",
Элтромбопаг Герофарм,Элтромбопаг,"таблетки, покрытые пленочной оболочкой","25 мг, 50 мг","Пациенты с дефицитом сахаразы/изомальтазы, непереносимостью фруктозы, глюкозо-галактозной мальабсорбцией"
Элтромбопаг,Элтромбопаг,"таблетки, покрытые пленочной оболочкой","25 мг, 50 мг",
Элтромакт,Элтромбопаг,"таблетки, покрытые пленочной оболочкой","12.5 мг, 25 мг, 50 мг, 75 мг",
Элтромбопаг ПСК,Элтромбопаг,"таблетки, покрытые пленочной оболочкой","25 мг, 50 мг",
Элтромбопаг Канон,Элтромбопаг,"таблетки, покрытые пленочной оболочкой","25 мг, 50 мг",
ВЕГАПРАТ®,Прукалоприд,"таблетки, покрытые пленочной оболочкой","1 мг, 2 мг",
Синдранол,Ропинирол,"таблетки с пролонгированным высвобождением, покрытые пленочной оболочкой","2 мг, 4 мг, 8 мг",
Веро-эпоэтин,Эпоэтин бета,лиофилизат для приготовления раствора для внутривенного и подкожного введения,"1000 МЕ, 2000 МЕ, 4000 МЕ, 10000 МЕ",
Эпостим,Эпоэтин бета,раствор для внутривенного и подкожного введения,"2000 МЕ/мл, 5000 МЕ/мл, 10000 МЕ/мл",
Элетриптан,Элетриптан,"таблетки, покрытые пленочной оболочкой",40 мг,
Цефалотриптан,Элетриптан,"таблетки, покрытые пленочной оболочкой","20 мг, 40 мг",
Миртазонал,Миртазапин,"таблетки, покрытые пленочной оболочкой","15 мг, 30 мг, 45 мг",
Каликста,Миртазапин,"таблетки, покрытые пленочной оболочкой","15 мг, 30 мг, 45 мг",
Ноксибел,Миртазапин,"таблетки, покрытые пленочной оболочкой",30 мг,
Мирзатен® Ку-таб®,Миртазапин,"таблетки, диспергируемые в полости рта","15 мг, 30 мг, 45 мг","Пациенты с непереносимостью лактозы и фруктозы, дефицитом лактазы, глюкозо-галактозной мальабсорбцией"
Миртазонал,Миртазапин,таблетки для рассасывания,"15 мг, 30 мг, 45 мг",
Терлипрессин,Терлипрессин,раствор для инъекций,"0.2 мг, 1 мг",
Фламмэгис,Инфликсимаб,лиофилизат для приготовления концентрата для приготовления раствора для инфузий,100 мг,
Инфликсимаб,Инфликсимаб,лиофилизат для приготовления раствора для инфузий,100 мг,
Гальнора СР,Галантамин,капсулы с пролонгированным высвобождением,"8 мг, 16 мг, 24 мг",
Галантамин Канон,Галантамин,"таблетки, покрытые пленочной оболочкой","4 мг, 8 мг, 12 мг",
Селамерекс,Севеламер,"таблетки, покрытые пленочной оболочкой",800 мг,"Пациенты с непереносимостью лактозы, дефицитом лактазы, глюкозо-галактозной мальабсорбцией"
Севеламер Велфарм,Севеламер,"таблетки, покрытые пленочной оболочкой",800 мг,
Севэлла®,Севеламер,"таблетки, покрытые пленочной оболочкой",800 мг,
СЕЛАМЕРЕКС®,Севеламер,порошок для приготовления суспензии для приема внутрь,2.4 г,
Эналаприл-Аджио,Эналаприл,таблетки,"2.5 мг, 5 мг, 10 мг, 20 мг",
Берлиприл 5,Эналаприл,таблетки,5 мг,
Берлиприл 10,Эналаприл,таблетки,10 мг,
Берлиприл 20,Эналаприл,таблетки,20 мг,
Эналаприл Гексал,Эналаприл,таблетки,"5 мг, 10 мг, 20 мг",
Эналаприл,Эналаприл,таблетки,"5 мг, 10 мг, 20 мг",
ЭНАЛАПРИЛ,Эналаприл,таблетки,"2.5 мг, 5 мг, 10 мг, 20 мг",
Эналаприл Альфактив,Эналаприл,таблетки,"5 мг, 10 мг, 20 мг",
Энам,Эналаприл,таблетки,"2.5 мг, 5 мг, 10 мг, 20 мг",
Энап,Эналаприл,таблетки,"2.5 мг, 5 мг, 10 мг, 20 мг",
Эналаприл,Эналаприл,таблетки,"5 мг, 10 мг, 20 мг",
Зидовудин,Зидовудин,концентрат для приготовления раствора для инфузий,10 мг/мл,
Бендамустин-ТЛ,Бендамустин,лиофилизат для приготовления концентрата для приготовления раствора для инфузий,"25 мг, 100 мг",
Бендамустин,Бендамустин,лиофилизат для приготовления концентрата для приготовления раствора для инфузий,100 мг,
Бендамустин Канон,Бендамустин,лиофилизат для приготовления концентрата для приготовления раствора для инфузий,"25 мг, 100 мг",
Бендамустин,Бендамустин,лиофилизат для приготовления концентрата для приготовления раствора для инфузий,"25 мг, 100 мг",
БЕНДАМУСТИН-ПРОМОМЕД,Бендамустин,лиофилизат для приготовления концентрата для приготовления раствора для инфузий,"25 мг, 100 мг",
МЕРКУДИЕС,Бендамустин,лиофилизат для приготовления концентрата для приготовления раствора для инфузий,"25 мг, 100 мг",
Грастиген,Бендамустин,лиофилизат для приготовления концентрата для приготовления раствора для инфузий,"25 мг, 100 мг",
Рисперидон-КРКА,Рисперидон,"таблетки, покрытые пленочной оболочкой","1 мг, 2 мг, 3 мг, 4 мг",
Риссет,Рисперидон,"таблетки, покрытые пленочной оболочкой","1 мг, 2 мг, 4 мг",
Рисперидон-ВЕРТЕКС,Рисперидон,"таблетки, покрытые пленочной оболочкой","0.25 мг, 1 мг, 2 мг, 3 мг, 4 мг",
Рисперидон,Рисперидон,"таблетки, покрытые пленочной оболочкой","1 мг, 2 мг, 3 мг",
Рисперидон-СЗ,Рисперидон,"таблетки, покрытые пленочной оболочкой","1 мг, 2 мг, 4 мг",
Рилепт,Рисперидон,"таблетки, покрытые пленочной оболочкой","1 мг, 2 мг, 3 мг, 4 мг",
Рисперидон,Рисперидон,"таблетки, покрытые пленочной оболочкой","1 мг, 2 мг",
Рисперидон Канон,Рисперидон,"таблетки, покрытые пленочной оболочкой","1 мг, 2 мг, 4 мг",
Рисперидон Органика,Рисперидон,"таблетки, покрытые пленочной оболочкой","1 мг, 3 мг",
Рисперидон,Рисперидон,"таблетки, покрытые пленочной оболочкой","2 мг, 4 мг",
Рисперидон Органика,Рисперидон,"таблетки, покрытые пленочной оболочкой","2 мг, 4 мг",
Риспаксол®,Рисперидон,"таблетки, покрытые пленочной оболочкой","2 мг, 4 мг",
Рисперидон,Рисперидон,"таблетки, покрытые пленочной оболочкой","2 мг, 4 мг",
Рисдонал®,Рисперидон,"таблетки, покрытые пленочной оболочкой","1 мг, 2 мг, 3 мг",
Резален,Рисперидон,"таблетки, покрытые пленочной оболочкой","1 мг, 2 мг, 3 мг, 4 мг",
Рисперидон,Рисперидон,раствор для приема внутрь,1 мг/мл,
Пропафенон,Пропафенон,"таблетки, покрытые пленочной оболочкой","150 мг, 300 мг","Пациенты с непереносимостью лактозы, дефицитом лактазы, глюкозо-галактозной мальабсорбцией"
Пропанорм®,Пропафенон,"таблетки, покрытые пленочной оболочкой","150 мг, 300 мг",
Пропафенон,Пропафенон,"таблетки, покрытые пленочной оболочкой",150 мг,
Пропафенон,Пропафенон,"таблетки, покрытые пленочной оболочкой",150 мг,"Пациенты с непереносимостью лактозы, дефицитом лактазы, глюкозо-галактозной мальабсорбцией"
Акнекутан,Изотретиноин,капсулы,"8 мг, 16 мг",
Сотрет,Изотретиноин,капсулы,"10 мг, 20 мг",
Верокутан,Изотретиноин,капсулы,"10 мг, 20 мг",
Торнаксон,Цефтриаксон,порошок для приготовления раствора для внутримышечного введения,"1 г, 500 мг",
Ифицеф®,Цефтриаксон,порошок для приготовления раствора для внутривенного и внутримышечного введения,"0.25 г, 0.5 г, 1 г",
Цефтриаксон,Цефтриаксон,порошок для приготовления раствора для внутривенного и внутримышечного введения,"250 мг, 500 мг",
Цефтриаксон-АКОС,Цефтриаксон,порошок для приготовления раствора для внутривенного и внутримышечного введения,0.25 г,
Цефтриаксон,Цефтриаксон,порошок для приготовления раствора для внутривенного и внутримышечного введения,"0.5 г, 1 г",
Цефтриаксон,Цефтриаксон,порошок для приготовления раствора для внутривенного и внутримышечного введения,"0.5 г, 1 г",
Цефтриаксон Каби,Цефтриаксон,порошок для приготовления раствора для внутривенного и внутримышечного введения,"500 мг, 1000 мг, 2000 мг",
Цефтриаксон,Цефтриаксон,порошок для приготовления раствора для внутривенного и внутримышечного введения,1 г,
Цефтриаксон,Цефтриаксон,порошок для приготовления раствора для внутривенного и внутримышечного введения,1000 мг,
Цефтриаксон,Цефтриаксон,порошок для приготовления раствора для внутривенного и внутримышечного введения,"0.25 г, 0.5 г, 1 г",
Цефтриаксон-Джодас,Цефтриаксон,порошок для приготовления раствора для внутривенного и внутримышечного введения,1000 мг,
Цефтриаксон Дансон,Цефтриаксон,порошок для приготовления раствора для внутривенного и внутримышечного введения,1 г,
Цефтриаксон,Цефтриаксон,порошок для приготовления раствора для внутривенного и внутримышечного введения,"500 мг, 1000 мг",
Цефтриаксон,Цефтриаксон,порошок для приготовления раствора для внутривенного и внутримышечного введения,1 г,
Цефтриаксон,Цефтриаксон,порошок для приготовления раствора для внутривенного и внутримышечного введения,1000 мг,
Цефтриаксон,Цефтриаксон,порошок для приготовления раствора для внутривенного и внутримышечного введения,1 г,
Медаксон,Цефтриаксон,порошок для приготовления раствора для внутривенного и внутримышечного введения,1 г,
Цефтриаксон-ЛЕКСВМ®,Цефтриаксон,порошок для приготовления раствора для внутривенного и внутримышечного введения,1 г,
Цефтриаксон,Цефтриаксон,порошок для приготовления раствора для внутривенного и внутримышечного введения,"0.5 г, 1 г",
Цефтриаксон,Цефтриаксон,порошок для приготовления раствора для внутривенного и внутримышечного введения,1 г,
Цефтриаксон,Цефтриаксон,порошок для приготовления раствора для внутривенного и внутримышечного введения,1 г,
Цефограм,Цефтриаксон,порошок для приготовления раствора для внутривенного и внутримышечного введения,"250 мг, 500 мг, 1000 мг",
ЦЕФТРО-АГ,Цефтриаксон,порошок для приготовления раствора для внутривенного и внутримышечного введения,"250 мг, 500 мг, 1000 мг",
Азарексон,Цефтриаксон,порошок для приготовления раствора для внутривенного и внутримышечного введения,"250 мг, 500 мг, 1000 мг",
Тороцеф®,Цефтриаксон,порошок для приготовления раствора для внутривенного и внутримышечного введения,1000 мг,
Цефтриаксон,Цефтриаксон,порошок для приготовления раствора для внутривенного и внутримышечного введения,"0.25 г, 0.5 г, 1 г",
Цефтриаксон-АКОС,Цефтриаксон,порошок для приготовления раствора для внутривенного и внутримышечного введения,"0.5 г, 1 г, 2 г",
Цефтриаксон,Цефтриаксон,порошок для приготовления раствора для инфузий,2 г,
Рокситромицин,Рокситромицин,"таблетки, покрытые пленочной оболочкой",150 мг,
Рокситромицин ДС,Рокситромицин,таблетки,150 мг,
Энлигрия,Лираглутид,раствор для подкожного введения,6 мг/мл,
Масиза,Лираглутид,раствор для подкожного введения,6 мг/мл,
Весфол,Лираглутид,раствор для подкожного введения,6 мг/мл,
Оргаспорин,Циклоспорин,капсулы,"25 мг, 50 мг, 100 мг",
Панимун Биорал,Циклоспорин,капсулы,"25 мг, 50 мг, 100 мг","Пациенты с непереносимостью фруктозы, дефицитом сахаразы/изомальтазы и глюкозо-галактозной мальабсорбцией"
Экорал,Циклоспорин,капсулы,"25 мг, 50 мг, 100 мг",
Экорал,Циклоспорин,раствор для приема внутрь,100 мг/мл,
Генфастат,Октреотид,раствор для внутривенного и подкожного введения,"50 мкг/мл, 100 мкг/мл, 200 мкг/мл, 500 мкг/мл",
Октреотид,Октреотид,раствор для внутривенного и подкожного введения,"50 мкг/мл, 100 мкг/мл, 300 мкг/мл",
Октреотид,Октреотид,раствор для внутривенного и подкожного введения,"50 мкг/мл, 100 мкг/мл",
Октреотид,Октреотид,раствор для внутривенного и подкожного введения,"300 мкг/мл, 600 мкг/мл",
Октреокс,Октреотид,раствор для внутривенного и подкожного введения,"50 мкг/мл, 100 мкг/мл, 200 мкг/мл, 300 мкг/мл, 500 мкг/мл, 600 мкг/мл",
Октреотид-АМЕДАРТ,Октреотид,раствор для внутривенного и подкожного введения,"0.05 мг/мл, 0.1 мг/мл, 0.2 мг/мл, 0.3 мг/мл, 0.5 мг/мл, 0.6 мг/мл",
Октреотид Сан,Октреотид,раствор для внутривенного и подкожного введения,0.1 мг/мл,
Октреотид,Октреотид,раствор для внутривенного и подкожного введения,"0.05 мг/мл, 0.1 мг/мл, 0.5 мг/мл",
Октреотид Канон,Октреотид,раствор для инфузий и подкожного введения,"100 мкг/мл, 300 мкг/мл, 600 мкг/мл",
ОКТРЕОТИД,Октреотид,раствор для инфузий и подкожного введения,"0.2 мг/мл, 0.3 мг/мл, 0.6 мг/мл",
Октреда,Октреотид,раствор для инфузий и подкожного введения,0.1 мг/мл,
ОКТРЕТЕКС®,Октреотид,раствор для инфузий и подкожного введения,0.1 мг/мл,
Октретекс®,Октреотид,раствор для инфузий и подкожного введения,0.6 мг/мл,
ОКТРЕТЕКС®,Октреотид,раствор для инфузий и подкожного введения,"0.05 мг/мл, 0.3 мг/мл, 0.5 мг/мл",
Севофлуран,Севофлуран,жидкость для ингаляций,,
Сево-Анестеран,Севофлуран,жидкость для ингаляций,,
Севофлуран-Виал,Севофлуран,жидкость для ингаляций,,
Микофенолата мофетил-ТЛ,Микофенолата мофетил,капсулы,250 мг,
Майсепт,Микофенолата мофетил,капсулы,250 мг,
Микофенолат-Тева,Микофенолата мофетил,капсулы,250 мг,
Микофенолата мофетил,Микофенолата мофетил,капсулы,250 мг,
Микофенолата мофетил,Микофенолата мофетил,"таблетки, покрытые пленочной оболочкой","250 мг, 500 мг",
ММФ 500,Микофенолата мофетил,"таблетки, покрытые пленочной оболочкой",500 мг,"Пациенты с непереносимостью лактозы, дефицитом лактазы, глюкозо-галактозной мальабсорбцией"
МАЙСЕПТ,Микофенолата мофетил,"таблетки, покрытые пленочной оболочкой",500 мг,"Пациенты с непереносимостью лактозы, дефицитом лактазы, глюкозо-галактозной мальабсорбцией"
МИКОФЕНОЛАТА МОФЕТИЛ-ТЛ,Микофенолата мофетил,"таблетки, покрытые пленочной оболочкой",500 мг,
Микофенолата мофетил,Микофенолата мофетил,"таблетки, покрытые пленочной оболочкой",500 мг,
Ницерголин,Ницерголин,"таблетки, покрытые оболочкой",10 мг,"Пациенты с непереносимостью лактозы, дефицитом лактазы, глюкозо-галактозной мальабсорбцией"
Ницерголин Канон,Ницерголин,"таблетки, покрытые пленочной оболочкой","5 мг, 10 мг, 30 мг",
Ницерголин,Ницерголин,лиофилизат для приготовления раствора для внутримышечного введения,4 мг,
Ницерголин-Ферейн,Ницерголин,лиофилизат для приготовления раствора для инъекций,4 мг,
Ницерголин,Ницерголин,лиофилизат для приготовления раствора для инъекций,4 мг,
Ницерголин,Ницерголин,лиофилизат для приготовления раствора для инъекций,4 мг,
Ницерголин,Ницерголин,лиофилизат для приготовления раствора для инъекций,4 мг,
Ницерголин,Ницерголин,лиофилизат для приготовления раствора для инъекций,4 мг,
Ницерголин-Деко,Ницерголин,лиофилизат для приготовления раствора для инъекций,4 мг,
Ницерголин-Бинергия,Ницерголин,лиофилизат для приготовления раствора для инъекций,4 мг,
Кветиапин-СЗ,Кветиапин,"таблетки, покрытые пленочной оболочкой","25 мг, 100 мг, 200 мг",
Кветиапин-Вертекс,Кветиапин,"таблетки, покрытые пленочной оболочкой","25 мг, 100 мг, 200 мг, 300 мг",
КВЕТИАПИН-АЛИУМ,Кветиапин,"таблетки, покрытые пленочной оболочкой","25 мг, 100 мг, 200 мг",
Квентиакс®,Кветиапин,"таблетки, покрытые пленочной оболочкой","25 мг, 100 мг, 200 мг, 300 мг",
Кветиапин Канон,Кветиапин,"таблетки, покрытые пленочной оболочкой","25 мг, 100 мг, 200 мг, 300 мг",
Кветиапин Сан,Кветиапин,"таблетки, покрытые пленочной оболочкой","25 мг, 100 мг, 200 мг, 300 мг",
Кветиапин-Виал,Кветиапин,"таблетки, покрытые пленочной оболочкой","25 мг, 100 мг, 200 мг",
Кветиапин,Кветиапин,"таблетки, покрытые пленочной оболочкой","25 мг, 100 мг, 150 мг, 200 мг, 300 мг",
Кетилепт®,Кветиапин,"таблетки, покрытые пленочной оболочкой","25 мг, 100 мг, 150 мг, 200 мг, 300 мг",
КВЕТИАПИН,Кветиапин,"таблетки, покрытые пленочной оболочкой","25 мг, 100 мг, 150 мг, 200 мг",
Сервитель®,Кветиапин,"таблетки, покрытые пленочной оболочкой","25 мг, 100 мг, 200 мг",
Квентиакс® СР,Кветиапин,"таблетки с пролонгированным высвобождением, покрытые пленочной оболочкой","150 мг, 200 мг, 300 мг",
Квентиакс® СР,Кветиапин,"таблетки с пролонгированным высвобождением, покрытые пленочной оболочкой",400 мг,
Эверолимус-АМЕДАРТ,Эверолимус,таблетки,"0.25 мг, 0.5 мг, 0.75 мг, 1 мг",
ЭВЕРОЛИМУС,Эверолимус,таблетки,"0.25 мг, 0.5 мг, 0.75 мг, 1 мг",
ТРАНСАКСЕПТ®,Эверолимус,таблетки,"0.25 мг, 0.5 мг, 0.75 мг",
Роливека,Эверолимус,таблетки,"0.25 мг, 0.5 мг, 0.75 мг, 1 мг",
СЕЙВНОВИ®,Эверолимус,таблетки,"0.25 мг, 0.5 мг, 0.75 мг, 1 мг",
Пин Ап,Тадалафил,"таблетки, покрытые пленочной оболочкой","5 мг, 10 мг, 20 мг",
ТАДАНОРД,Тадалафил,"таблетки, покрытые пленочной оболочкой","5 мг, 20 мг",
Тадалафил,Тадалафил,"таблетки, покрытые пленочной оболочкой","5 мг, 20 мг",
Тадалафил,Тадалафил,"таблетки, покрытые пленочной оболочкой","5 мг, 20 мг",
СилаБене,Тадалафил,"таблетки, покрытые пленочной оболочкой","5 мг, 20 мг",
Тадалафил-Тева,Тадалафил,"таблетки, покрытые пленочной оболочкой","5 мг, 20 мг",
Тадалафил,Тадалафил,"таблетки, покрытые пленочной оболочкой","5 мг, 20 мг",
Тадалафил,Тадалафил,"таблетки, покрытые пленочной оболочкой","5 мг, 20 мг",
Тадалафил-Ксантис,Тадалафил,"таблетки, покрытые пленочной оболочкой","5 мг, 10 мг, 20 мг",
Тадалафил-КРКА,Тадалафил,"таблетки, покрытые пленочной оболочкой","5 мг, 10 мг, 20 мг",
ДИНАМИКО ЛОНГ,Тадалафил,"таблетки, покрытые пленочной оболочкой","5 мг, 10 мг, 20 мг",
ТАДАЛАФИЛ,Тадалафил,"таблетки, покрытые пленочной оболочкой","2.5 мг, 5 мг, 10 мг, 20 мг",
ТАДАЛАФИЛ-АЛИУМ,Тадалафил,"таблетки, покрытые пленочной оболочкой","2.5 мг, 5 мг, 10 мг, 20 мг",
Тадалафил Велфарм,Тадалафил,"таблетки, покрытые пленочной оболочкой","2.5 мг, 5 мг, 10 мг, 20 мг",
Тадалафил,Тадалафил,"таблетки, покрытые пленочной оболочкой","2.5 мг, 5 мг, 10 мг, 20 мг",
Купид 36,Тадалафил,"таблетки, покрытые пленочной оболочкой",20 мг,
Тадалафил,Тадалафил,"таблетки, покрытые пленочной оболочкой",20 мг,
Дулоксента,Дулоксетин,капсулы кишечнорастворимые,"30 мг, 60 мг",
Дулоксетин Канон,Дулоксетин,капсулы кишечнорастворимые,"30 мг, 60 мг",
Левосимендан-Дж,Левосимендан,концентрат для приготовления раствора для инфузий,2.5 мг/мл,
ЛЕВОСИМЕНДАН,Левосимендан,концентрат для приготовления раствора для инфузий,2.5 мг/мл,
Алфосимендан,Левосимендан,концентрат для приготовления раствора для инфузий,2.5 мг/мл,
Левосимендан ПСК,Левосимендан,концентрат для приготовления раствора для инфузий,2.5 мг/мл,
Левосимендан,Левосимендан,концентрат для приготовления раствора для инфузий,2.5 мг/мл,
Левосимендан,Левосимендан,концентрат для приготовления раствора для инфузий,2.5 мг/мл,
Монтелукаст,Монтелукаст,таблетки жевательные,4 мг,
Монтелукаст,Монтелукаст,таблетки жевательные,"4 мг, 5 мг",Пациенты с редкой врожденной непереносимостью фруктозы.
Экталуст®,Монтелукаст,таблетки жевательные,"4 мг, 5 мг",
Монтелукаст,Монтелукаст,таблетки жевательные,"4 мг, 5 мг",
Синглон®,Монтелукаст,таблетки жевательные,"4 мг, 5 мг",
Монлер,Монтелукаст,таблетки жевательные,"4 мг, 5 мг",
Монтелукаст ФТ,Монтелукаст,таблетки жевательные,"4 мг, 5 мг",
Алмонт,Монтелукаст,таблетки жевательные,"4 мг, 5 мг","Пациенты с непереносимостью лактозы, дефицитом лактазы, глюкозо-галактозной мальабсорбцией"
Монтелар®,Монтелукаст,таблетки жевательные,"4 мг, 5 мг",
Монтелукаст,Монтелукаст,таблетки жевательные,5 мг,
Бронкаст,Монтелукаст,таблетки жевательные,5 мг,
Монтелукаст-ВЕРТЕКС,Монтелукаст,таблетки жевательные,5 мг,
Монте-Р,Монтелукаст,"таблетки, покрытые пленочной оболочкой",10 мг,
Монтелукаст-ВЕРТЕКС,Монтелукаст,"таблетки, покрытые пленочной оболочкой",10 мг,
Монтелукаст,Монтелукаст,"таблетки, покрытые пленочной оболочкой",10 мг,
Алмонт,Монтелукаст,"таблетки, покрытые пленочной оболочкой",10 мг,
Экталуст®,Монтелукаст,"таблетки, покрытые пленочной оболочкой",10 мг,
Монтелукаст солофарм,Монтелукаст,"таблетки, покрытые пленочной оболочкой",10 мг,
Монтелукаст,Монтелукаст,"таблетки, покрытые пленочной оболочкой",10 мг,
Монлер,Монтелукаст,"таблетки, покрытые пленочной оболочкой",10 мг,
Монтелар®,Монтелукаст,"таблетки, покрытые пленочной оболочкой",10 мг,
Синглон®,Монтелукаст,"таблетки, покрытые пленочной оболочкой",10 мг,
Алмонт,Монтелукаст,"таблетки, покрытые пленочной оболочкой",10 мг,
Коделак Нео,Бутамират,капли для приема внутрь,5 мг/мл,
Синтус,Бутамират,капли для приема внутрь,5 мг/мл,"Пациенты с непереносимостью лактозы, дефицитом лактазы, глюкозо-галактозной мальабсорбцией"
Бутамират,Бутамират,капли для приема внутрь,5 мг/мл,
Панатус,Бутамират,сироп,4 мг/5 мл,
Панатус форте,Бутамират,сироп,7.5 мг/5 мл,
Бутамират,Бутамират,сироп,1.5 мг/мл,
Омнитус®,Бутамират,сироп,0.8 мг/мл,
Бутамират-Фармстандарт,Бутамират,раствор для приема внутрь,1.5 мг/мл,
Омнитус® Форте,Бутамират,раствор для приема внутрь,1.5 мг/мл,
Коделак Нео,Бутамират,раствор для приема внутрь,1.5 мг/мл,
Бутамират АВВА,Бутамират,раствор для приема внутрь,1.5 мг/мл,
Синтус,Бутамират,раствор для приема внутрь,1.5 мг/мл,
Бутамират-Тева,Бутамират,раствор для приема внутрь,1.5 мг/мл,
БУТАМИРАТ,Бутамират,раствор для приема внутрь,1.5 мг/мл,
Бутамират,Бутамират,раствор для приема внутрь,"0.8 мг/мл, 1.5 мг/мл",
Тизанидин-Тева,Тизанидин,таблетки,"2 мг, 4 мг",
Тизалуд,Тизанидин,таблетки,"2 мг, 4 мг",
Тизанидин,Тизанидин,таблетки,"2 мг, 4 мг",
Тизанил,Тизанидин,таблетки,"2 мг, 4 мг, 6 мг",
Диаквинолин,Бедаквилин,таблетки,100 мг,
Бедаквилин-АМЕДАРТ,Бедаквилин,таблетки,100 мг,
АРСЕЛВИ,Софосбувир,"таблетки, покрытые пленочной оболочкой",400 мг,
Софосбувир,Софосбувир,"таблетки, покрытые пленочной оболочкой",400 мг,
Софосбувир - АЛВИЛС,Софосбувир,"таблетки, покрытые пленочной оболочкой",400 мг,
Софосбувир ГЕРОФАРМ,Софосбувир,"таблетки, покрытые пленочной оболочкой",400 мг,
Софосбувир,Софосбувир,"таблетки, покрытые пленочной оболочкой",400 мг,
Софосбувир,Софосбувир,"таблетки, покрытые пленочной оболочкой",400 мг,
Софбувир,Софосбувир,"таблетки, покрытые пленочной оболочкой",400 мг,
Метипред Орион,Метилпреднизолон,лиофилизат для приготовления раствора для внутривенного и внутримышечного введения,250 мг,
Ивепред,Метилпреднизолон,лиофилизат для приготовления раствора для внутривенного и внутримышечного введения,"500 мг, 1000 мг",
Метилпреднизолон-Фармасинтез,Метилпреднизолон,лиофилизат для приготовления раствора для внутривенного и внутримышечного введения,"250 мг, 500 мг, 1000 мг",
Метилпреднизолон-Арзу,Метилпреднизолон,лиофилизат для приготовления раствора для внутривенного и внутримышечного введения,"250 мг, 500 мг, 1000 мг",
Метилиоф,Метилпреднизолон,лиофилизат для приготовления раствора для внутривенного и внутримышечного введения,"250 мг, 500 мг",
МЕТИЛПРЕДНИЗОЛОН,Метилпреднизолон,лиофилизат для приготовления раствора для внутривенного и внутримышечного введения,250 мг,
Троспиум,Троспия хлорид,таблетки,5 мг,
Лантесенс®,Нусинерсен,раствор для интратекального введения,2.4 мг/мл,
Нусилара®,Нусинерсен,раствор для интратекального введения,12 мг,
Респиум,Тиотропия бромид,капсулы с порошком для ингаляций,18 мкг,
Тиотропиум,Тиотропия бромид,капсулы с порошком для ингаляций,18 мкг,
Бронприва солофарм,Тиотропия бромид,аэрозоль для ингаляций дозированный,9 мкг/доза,
Дазатиниб-ТЛ,Дазатиниб,"таблетки, покрытые пленочной оболочкой","20 мг, 50 мг, 70 мг, 80 мг, 100 мг",
Дазатиниб,Дазатиниб,"таблетки, покрытые пленочной оболочкой","20 мг, 50 мг, 70 мг, 80 мг, 100 мг, 140 мг",
Дазатиниб,Дазатиниб,"таблетки, покрытые пленочной оболочкой","20 мг, 50 мг, 70 мг, 80 мг, 100 мг, 140 мг",
ДАЗАТИНИБ-ПРОМОМЕД,Дазатиниб,"таблетки, покрытые пленочной оболочкой","20 мг, 50 мг, 70 мг, 80 мг, 100 мг, 140 мг",
Дазатиниб-Фарм-Синтез,Дазатиниб,"таблетки, покрытые пленочной оболочкой","20 мг, 50 мг, 70 мг, 100 мг",
ДАЗАТИНИБ-ХИМРАР,Дазатиниб,"таблетки, покрытые пленочной оболочкой","20 мг, 50 мг, 70 мг, 100 мг",
Дазнибикс®,Дазатиниб,"таблетки, покрытые пленочной оболочкой","20 мг, 50 мг, 70 мг, 80 мг, 100 мг",
Дазатиниб,Дазатиниб,"таблетки, покрытые пленочной оболочкой","20 мг, 50 мг, 70 мг, 80 мг, 100 мг, 140 мг",
Мирсониб,Дазатиниб,"таблетки, покрытые пленочной оболочкой","20 мг, 50 мг, 70 мг, 80 мг, 100 мг, 140 мг",
Дазатиниб,Дазатиниб,"таблетки, покрытые пленочной оболочкой",100 мг,
Регорафениб-Промомед,Регорафениб,"таблетки, покрытые пленочной оболочкой",40 мг,
Регорафениб-АМЕДАРТ,Регорафениб,"таблетки, покрытые пленочной оболочкой",40 мг,
Регорафениб Фармасинтез,Регорафениб,"таблетки, покрытые пленочной оболочкой",40 мг,
Буторфанола тартрат,Буторфанол,раствор для внутримышечного введения,2 мг/мл,
Буторфанол,Буторфанол,раствор для внутривенного и внутримышечного введения,2 мг/мл,
Буторфанол,Буторфанол,раствор для внутривенного и внутримышечного введения,2 мг/мл,
Буторфанола тартрат,Буторфанол,раствор для внутривенного и внутримышечного введения,2 мг/мл,
Буторфанол,Буторфанол,раствор для внутривенного и внутримышечного введения,2 мг/мл,
Эфавиренз-Дженеффикс,Эфавиренз,"таблетки, покрытые пленочной оболочкой","200 мг, 600 мг",
ЭФАВИРЕНЗ,Эфавиренз,"таблетки, покрытые пленочной оболочкой","100 мг, 200 мг, 300 мг, 400 мг, 600 мг",
Эфавиренз,Эфавиренз,"таблетки, покрытые пленочной оболочкой","100 мг, 200 мг, 300 мг, 400 мг",
Регаст,Эфавиренз,"таблетки, покрытые пленочной оболочкой","100 мг, 300 мг, 400 мг, 600 мг",
Эфавиренз,Эфавиренз,"таблетки, покрытые пленочной оболочкой",600 мг,
ЭФАВИРЕНЗ-НАНОЛЕК®,Эфавиренз,"таблетки, покрытые пленочной оболочкой",600 мг,
Дисмаксин,Атомоксетин,капсулы,"10 мг, 18 мг, 25 мг, 40 мг, 60 мг",
Атомоксетин Канон,Атомоксетин,капсулы,"10 мг, 18 мг, 25 мг, 40 мг, 60 мг",
Когниттера®,Атомоксетин,капсулы,"10 мг, 18 мг, 25 мг, 40 мг, 60 мг, 80 мг, 100 мг",
Анкзилера®,Этифоксин,капсулы,50 мг,
Флурбипрофен-Фармстандарт,Флурбипрофен,таблетки для рассасывания,8.75 мг,
Цебактофан,Цефоперазон+[Сульбактам],порошок для приготовления раствора для внутривенного и внутримышечного введения,"0.25 г+0.25 г, 0.5 г+0.5 г, 0.75 г+0.75 г, 1 г+1 г, 1.5 г+1.5 г, 2 г+2 г",
Цефоперазон+Сульбактам,Цефоперазон+[Сульбактам],порошок для приготовления раствора для внутривенного и внутримышечного введения,"250 мг+250 мг, 500 мг+500 мг, 750 мг+750 мг, 1000 мг+1000 мг, 1500 мг+1500 мг, 2000 мг+2000 мг",
Сульзонцеф,Цефоперазон+[Сульбактам],порошок для приготовления раствора для внутривенного и внутримышечного введения,1500 мг+1500 мг,
Сульцеф,Цефоперазон+[Сульбактам],порошок для приготовления раствора для внутривенного и внутримышечного введения,1 г+1 г,
АЛТЕГРАФ-АГ,Цефоперазон+[Сульбактам],порошок для приготовления раствора для внутривенного и внутримышечного введения,"250 мг+250 мг, 500 мг+500 мг, 750 мг+750 мг, 1000 мг+1000 мг, 1500 мг+1500 мг, 2000 мг+2000 мг",
Бакперазон,Цефоперазон+[Сульбактам],порошок для приготовления раствора для внутривенного и внутримышечного введения,"250 мг+250 мг, 500 мг+500 мг, 1 г+1 г",
Цефоперазон+Сульбактам,Цефоперазон+[Сульбактам],порошок для приготовления раствора для внутривенного и внутримышечного введения,"250 мг+250 мг, 500 мг+500 мг, 1000 мг+1000 мг",
Цефоперазон и Сульбактам,Цефоперазон+[Сульбактам],порошок для приготовления раствора для внутривенного и внутримышечного введения,"250 мг+250 мг, 500 мг+500 мг, 1 г+1 г, 1.5 г+1.5 г, 2 г+2г",
Цефоперазон+Сульбактам,Цефоперазон+[Сульбактам],порошок для приготовления раствора для внутривенного и внутримышечного введения,1 г+1 г,
Цефоперазон+Сульбактам,Цефоперазон+[Сульбактам],порошок для приготовления раствора для внутривенного и внутримышечного введения,1 г+1 г,
Цефоперазон+Сульбактам,Цефоперазон+[Сульбактам],порошок для приготовления раствора для внутривенного и внутримышечного введения,"500 мг+500 мг, 1000 мг+1000 мг",
Бакцефорт,Цефоперазон+[Сульбактам],порошок для приготовления раствора для внутривенного и внутримышечного введения,"0.5 г+0.5 г, 1 г+1 г, 1.5 г+1.5 г, 2 г+2 г",
ЦЕФОПЕРАЗОН+СУЛЬБАКТАМ-ДЖИЭФСИ®,Цефоперазон+[Сульбактам],порошок для приготовления раствора для внутривенного и внутримышечного введения,"0.25 г+0.25 г, 0.5 г+0.5 г, 0.75 г+0.75 г, 1 г+1г, 1.5 г+1.5 г, 2 г+2 г",
Цефоперазон+Сульбактам,Цефоперазон+[Сульбактам],порошок для приготовления раствора для внутривенного и внутримышечного введения,"250 мг+250 мг, 500 мг+500 мг, 750 мг+750 мг, 1000 мг+1000 мг, 1500 мг+1500 мг, 2000 мг+2000 мг",
ЦЕФОПЕРАЗОН+СУЛЬБАКТАМ ВЕЛФАРМ,Цефоперазон+[Сульбактам],порошок для приготовления раствора для внутривенного и внутримышечного введения,"250 мг+250 мг, 500 мг+500 мг, 1000 мг+1000 мг, 1500 мг+1500 мг, 2000 мг+2000 мг",
Цефоперазон+Сульбактам,Цефоперазон+[Сульбактам],порошок для приготовления раствора для внутривенного и внутримышечного введения,"250 мг+250 мг, 500 мг+500 мг, 1000 мг+1000 мг",
Цефбактам,Цефоперазон+[Сульбактам],порошок для приготовления раствора для внутривенного и внутримышечного введения,"250 мг+250 мг, 500 мг+500 мг, 1 г+1 г",
Сульмаграф,Цефоперазон+[Сульбактам],порошок для приготовления раствора для внутривенного и внутримышечного введения,"0.25 г+0.25 г, 0.5 г+0.5 г, 0.75 г+0.75 г, 1.5 г+1.5 г, 2 г+2 г",
Цебанекс,Цефоперазон+[Сульбактам],порошок для приготовления раствора для внутривенного и внутримышечного введения,1 г+1 г,
Сульмаграф,Цефоперазон+[Сульбактам],порошок для приготовления раствора для внутривенного и внутримышечного введения,1 г+1 г,
Сульзонцеф,Цефоперазон+[Сульбактам],порошок для приготовления раствора для внутривенного и внутримышечного введения,1 г+1 г,
Цефоперазон и Сульбактам Джодас,Цефоперазон+[Сульбактам],порошок для приготовления раствора для внутривенного и внутримышечного введения,1 г+1 г,
Сульперацеф,Цефоперазон+[Сульбактам],порошок для приготовления раствора для внутривенного и внутримышечного введения,"250 мг+250 мг, 500 мг+500 мг, 1 г+1 г",
Цебанекс,Цефоперазон+[Сульбактам],порошок для приготовления раствора для внутривенного и внутримышечного введения,0.5 г+0.5 г,
Цефоперазон и Сульбактам Спенсер,Цефоперазон+[Сульбактам],порошок для приготовления раствора для внутривенного и внутримышечного введения,1 г+1 г,
Сульзонцеф,Цефоперазон+[Сульбактам],порошок для приготовления раствора для внутривенного и внутримышечного введения,"250 мг+250 мг, 500 мг+500 мг",
Цефоперазон и Сульбактам Джодас,Цефоперазон+[Сульбактам],порошок для приготовления раствора для внутривенного и внутримышечного введения,"250 мг+250 мг, 500 мг+500 мг, 750 мг+750 мг, 1.5 г+1.5 г, 2 г+2 г",
Азитромицин-Дж,Азитромицин,лиофилизат для приготовления раствора для инфузий,500 мг,
Азитромицин ПСК,Азитромицин,лиофилизат для приготовления раствора для инфузий,500 мг,
Азитромицин,Азитромицин,лиофилизат для приготовления концентрата для приготовления раствора для инфузий,500 мг,
Хемомицин,Азитромицин,лиофилизат для приготовления концентрата для приготовления раствора для инфузий,500 мг,
Азитромицин,Азитромицин,лиофилизат для приготовления концентрата для приготовления раствора для инфузий,500 мг,
Азитромицин,Азитромицин,лиофилизат для приготовления концентрата для приготовления раствора для инфузий,500 мг,
Зиромин®,Азитромицин,лиофилизат для приготовления концентрата для приготовления раствора для инфузий,500 мг,
Азитромицин-АКОС,Азитромицин,капсулы,250 мг,
Азитромицин,Азитромицин,капсулы,250 мг,
Зи-фактор®,Азитромицин,капсулы,250 мг,"Пациенты с непереносимостью лактозы, дефицитом лактазы, глюкозо-галактозной мальабсорбцией"
Азитромицин,Азитромицин,капсулы,250 мг,
Азитромицин Экомед®,Азитромицин,капсулы,250 мг,"Пациенты с врожденной непереносимостью фруктозы, галактозы, галактоземией, глюкозо-галактозной мальабсорбцией"
Зитролид®,Азитромицин,капсулы,250 мг,
Азитрокс®,Азитромицин,капсулы,250 мг,
Азитромицин-ВЕРТЕКС,Азитромицин,капсулы,250 мг,"Пациенты с непереносимостью лактозы, дефицитом лактазы, глюкозо-галактозной мальабсорбцией"
Зитролид® форте,Азитромицин,капсулы,500 мг,"Пациенты с непереносимостью лактозы, дефицитом лактазы, глюкозо-галактозной мальабсорбцией"
Азитрал Мини®,Азитромицин,капсулы,250 мг,"Пациенты с непереносимостью лактозы, дефицитом лактазы, глюкозо-галактозной мальабсорбцией"
Азитрал Макс®,Азитромицин,капсулы,500 мг,
Сумаклид®,Азитромицин,капсулы,250 мг,
Азитрокс,Азитромицин,капсулы,500 мг,
Хемомицин,Азитромицин,капсулы,250 мг,"Пациенты с непереносимостью лактозы, дефицитом лактазы, глюкозо-галактозной мальабсорбцией"
Азитромицин-ВЕРТЕКС,Азитромицин,"таблетки, покрытые пленочной оболочкой","125 мг, 500 мг","Пациенты с непереносимостью лактозы, дефицитом лактазы, глюкозо-галактозной мальабсорбцией"
Зитроцин,Азитромицин,"таблетки, покрытые пленочной оболочкой","125 мг, 250 мг, 500 мг","Пациенты с непереносимостью лактозы, дефицитом лактазы, глюкозо-галактозной мальабсорбцией"
Азитромицин,Азитромицин,"таблетки, покрытые пленочной оболочкой","125 мг, 500 мг",
Азитромицин Реневал,Азитромицин,"таблетки, покрытые пленочной оболочкой","125 мг, 250 мг, 500 мг",
Азитромицин Экомед®,Азитромицин,"таблетки, покрытые пленочной оболочкой","250 мг, 500 мг","Пациенты с врожденной непереносимостью фруктозы, галактозы, галактоземией, глюкозо-галактозной мальабсорбцией"
Азитромицин,Азитромицин,"таблетки, покрытые пленочной оболочкой","125 мг, 250 мг, 500 мг",
Зи-фактор,Азитромицин,порошок для приготовления суспензии для приема внутрь,200 мг/5 мл,
АзитРус,Азитромицин,порошок для приготовления суспензии для приема внутрь,"50 мг, 100 мг, 200 мг",
Тремак-сановель,Азитромицин,порошок для приготовления суспензии для приема внутрь,200 мг/5 мл,
Хемомицин,Азитромицин,порошок для приготовления суспензии для приема внутрь,200 мг/5 мл,
Азитрокс,Азитромицин,порошок для приготовления суспензии для приема внутрь,"100 мг/5 мл, 200 мг/5 мл",
Азитромицин Экомед®,Азитромицин,порошок для приготовления суспензии для приема внутрь,"100 мг/5 мл, 200 мг/5 мл",
Хемомицин,Азитромицин,порошок для приготовления суспензии для приема внутрь,100 мг/5 мл,
АЗИТРОМИЦИН АВЕКСИМА,Азитромицин,таблетки диспергируемые,"250 мг, 500 мг","Пациенты с непереносимостью лактозы, дефицитом лактазы, глюкозо-галактозной мальабсорбцией"
Иксим Люпин,Цефиксим,порошок для приготовления суспензии для приема внутрь,100 мг/5 мл,
Скертцо,Цефиксим,порошок для приготовления суспензии для приема внутрь,20 мг/мл,
Панцеф®,Цефиксим,гранулы для приготовления суспензии для приема внутрь,100 мг/5 мл,
Панцеф,Цефиксим,"таблетки, покрытые пленочной оболочкой",400 мг,
ЦЕФИКСИМ,Цефиксим,таблетки диспергируемые,400 мг,
Сунитиниб,Сунитиниб,капсулы,"12.5 мг, 25 мг, 50 мг",
Серкотен®,Сунитиниб,капсулы,"12.5 мг, 25 мг, 50 мг",
Сунитиниб,Сунитиниб,капсулы,"12.5 мг, 25 мг, 37.5 мг, 50 мг",
Валеотиниб,Сунитиниб,капсулы,"12.5 мг, 25 мг, 50 мг",
СУНИТИНИБ-ХИМРАР,Сунитиниб,капсулы,"12.5 мг, 25 мг, 50 мг",
Сунитиниб-АМЕДАРТ,Сунитиниб,капсулы,"12.5 мг, 25 мг, 50 мг",
СУНИТИНИБ,Сунитиниб,капсулы,"12.5 мг, 25 мг, 50 мг",
Сунитиниб-Фарм-Синтез,Сунитиниб,капсулы,"12.5 мг, 25 мг, 50 мг",
СУНИТИНИБ-ПРОМОМЕД,Сунитиниб,капсулы,"12.5 мг, 25 мг, 50 мг",
Сунитиниб,Сунитиниб,капсулы,"12.5 мг, 25 мг, 50 мг",
РЕСИГАР® А,Цитизин,"таблетки, покрытые пленочной оболочкой",1.5 мг,Пациенты с фенилкетонурией
Цитизин Адамед,Цитизин,"таблетки, покрытые пленочной оболочкой",1.5 мг,Пациенты с фенилкетонурией
Десигартен,Цитизин,"таблетки, покрытые пленочной оболочкой",1.5 мг,
ТАБАКЕТТЕ®,Цитизин,"таблетки, покрытые пленочной оболочкой",1.5 мг,
Левофлоксацин-НИКА,Левофлоксацин,раствор для инфузий,5 мг/мл,
Левофлоксацин-АКОС,Левофлоксацин,раствор для инфузий,5 мг/мл,
Левофлоксацин,Левофлоксацин,раствор для инфузий,5 мг/мл,
Левофлоксацин,Левофлоксацин,раствор для инфузий,5 мг/мл,
ЛЕВОФЛОКСАЦИН,Левофлоксацин,раствор для инфузий,5 мг/мл,
ЛЕВОФЛОКСАЦИН,Левофлоксацин,раствор для инфузий,5 мг/мл,
Флексид,Левофлоксацин,раствор для инфузий,5 мг/мл,
Леволет® Р,Левофлоксацин,раствор для инфузий,5 мг/мл,
Левофлоксацин,Левофлоксацин,раствор для инфузий,5 мг/мл,
Левинокс,Левофлоксацин,раствор для инфузий,5 мг/мл,
Астрафлокс,Левофлоксацин,раствор для инфузий,5 мг/мл,
ЛЕВОВАНС,Левофлоксацин,раствор для инфузий,5 мг/мл,
Левофлоксацин,Левофлоксацин,раствор для инфузий,5 мг/мл,
Левоксимед,Левофлоксацин,раствор для инфузий,5 мг/мл,
Левофлоксацин,Левофлоксацин,раствор для инфузий,5 мг/мл,
Левофлоксабол,Левофлоксацин,раствор для инфузий,5 мг/мл,
Левофлоксацин,Левофлоксацин,капсулы,"250 мг, 500 мг",
Флексид,Левофлоксацин,"таблетки, покрытые пленочной оболочкой","250 мг, 500 мг","Пациенты с непереносимостью лактозы, дефицитом лактазы, глюкозо-галактозной мальабсорбцией"
МАКЛЕВО®,Левофлоксацин,"таблетки, покрытые пленочной оболочкой","250 мг, 500 мг",
Левофлоксацин,Левофлоксацин,"таблетки, покрытые пленочной оболочкой","250 мг, 500 мг","Пациенты с непереносимостью лактозы, дефицитом лактазы, глюкозо-галактозной мальабсорбцией"
Леволет® Р,Левофлоксацин,"таблетки, покрытые пленочной оболочкой","250 мг, 500 мг",
Левофлоксацин-Тева,Левофлоксацин,"таблетки, покрытые пленочной оболочкой","250 мг, 500 мг","Пациенты с непереносимостью лактозы, дефицитом лактазы, глюкозо-галактозной мальабсорбцией"
Элефлокс,Левофлоксацин,"таблетки, покрытые пленочной оболочкой","250 мг, 500 мг",
Левофлоксацин Эколевид®,Левофлоксацин,"таблетки, покрытые пленочной оболочкой","250 мг, 500 мг","Пациенты с врожденной непереносимостью фруктозы, галактозы, галактоземией, глюкозо-галактозной мальабсорбцией"
Левофлоксацин-ВЕРТЕКС,Левофлоксацин,"таблетки, покрытые пленочной оболочкой","250 мг, 500 мг",
Левофлоксацин,Левофлоксацин,"таблетки, покрытые пленочной оболочкой","250 мг, 500 мг",
Левофлоксацин-АКОС,Левофлоксацин,"таблетки, покрытые пленочной оболочкой","250 мг, 500 мг","Пациенты с непереносимостью лактозы, дефицитом лактазы, глюкозо-галактозной мальабсорбцией"
Левофлоксацин,Левофлоксацин,"таблетки, покрытые пленочной оболочкой","250 мг, 500 мг",
Флорацид®,Левофлоксацин,"таблетки, покрытые пленочной оболочкой","250 мг, 500 мг",
Левотек,Левофлоксацин,"таблетки, покрытые пленочной оболочкой","250 мг, 500 мг",
Левоксимед®,Левофлоксацин,"таблетки, покрытые пленочной оболочкой",500 мг,
Левофлоксацин,Левофлоксацин,"таблетки, покрытые пленочной оболочкой",500 мг,
Глево,Левофлоксацин,"таблетки, покрытые пленочной оболочкой",500 мг,
Люфи,Левофлоксацин,"таблетки, покрытые пленочной оболочкой",500 мг,
Лефокцин Биокс®,Левофлоксацин,"таблетки, покрытые пленочной оболочкой","250 мг, 500 мг",
Левофлоксацин Реневал,Левофлоксацин,"таблетки, покрытые пленочной оболочкой","250 мг, 500 мг, 750 мг","Пациенты с непереносимостью лактозы, дефицитом лактазы, глюкозо-галактозной мальабсорбцией"
Хайлефлокс,Левофлоксацин,"таблетки, покрытые пленочной оболочкой","250 мг, 500 мг, 750 мг",
Левофлоксацин,Левофлоксацин,"таблетки, покрытые пленочной оболочкой","250 мг, 500 мг, 750 мг",
Лебел®,Левофлоксацин,"таблетки, покрытые пленочной оболочкой","500 мг, 750 мг",
Левофлоксацин,Левофлоксацин,"таблетки, покрытые пленочной оболочкой","250 мг, 500 мг, 750 мг",
Ремедиа,Левофлоксацин,"таблетки, покрытые пленочной оболочкой","250 мг, 500 мг, 750 мг",
Левофлоксацин,Левофлоксацин,"таблетки, покрытые пленочной оболочкой","250 мг, 500 мг, 750 мг",
Клемастин,Клемастин,раствор для внутривенного и внутримышечного введения,1 мг/мл,
Клемастин,Клемастин,раствор для внутривенного и внутримышечного введения,1 мг/мл,
Клемастин,Клемастин,раствор для внутривенного и внутримышечного введения,1 мг/мл,
Осимертиниб,Осимертиниб,"таблетки, покрытые пленочной оболочкой","40 мг, 80 мг",
Осимертиниб Фармасинтез,Осимертиниб,"таблетки, покрытые пленочной оболочкой","40 мг, 80 мг",
Осимертиниб-Промомед,Осимертиниб,"таблетки, покрытые пленочной оболочкой","40 мг, 80 мг",
ЛАПАТИНИБ-ХИМРАР,Лапатиниб,"таблетки, покрытые пленочной оболочкой",250 мг,"Пациенты с непереносимостью лактозы, дефицитом лактазы, глюкозо-галактозной мальабсорбцией"
Лапатиниб,Лапатиниб,"таблетки, покрытые пленочной оболочкой",250 мг,
Лапатиниб,Лапатиниб,"таблетки, покрытые пленочной оболочкой",250 мг,
ЛАПАТИНИБ,Лапатиниб,"таблетки, покрытые пленочной оболочкой",250 мг,
Брестокэр,Лапатиниб,"таблетки, покрытые пленочной оболочкой",250 мг,
ЛАПАТИНИБ-ПРОМОМЕД,Лапатиниб,"таблетки, покрытые пленочной оболочкой",250 мг,
Сантаз,Пиперациллин+[Тазобактам],порошок для приготовления раствора для внутривенного введения,4 г+0.5 г,
Пиперациллин+Тазобактам,Пиперациллин+[Тазобактам],порошок для приготовления раствора для внутривенного введения,"0.5 г+0.0625 г, 1 г+0.125 г, 2 г+0.25 г, 3 г+0.375 г, 4 г+0.5 г",
Пиперациллин+Тазобактам,Пиперациллин+[Тазобактам],порошок для приготовления раствора для инфузий,4 г+0.5 г,
Пиперациллин+Тазобактам Каби,Пиперациллин+[Тазобактам],порошок для приготовления раствора для инфузий,"2 г+0.25 г, 4 г+0.5 г",
Пиперациллин-Тазобактам ЭЛЬФА,Пиперациллин+[Тазобактам],порошок для приготовления раствора для инфузий,"2 г+0.25 г, 4 г+0.5 г",
Пенибактам,Пиперациллин+[Тазобактам],порошок для приготовления раствора для инфузий,"2 г+0.25 г, 4 г+0.5 г",
Пиперациллин+Тазобактам-Алкем,Пиперациллин+[Тазобактам],порошок для приготовления раствора для инфузий,4 г+0.5 г,
ПИПЕРАЦИЛЛИН+ТАЗОБАКТАМ-ДЖИЭФСИ®,Пиперациллин+[Тазобактам],порошок для приготовления раствора для инфузий,"2 г+0.25 г, 4 г+0.5 г",
Пилактам,Пиперациллин+[Тазобактам],порошок для приготовления раствора для инфузий,"2 г+0.25 г, 4 г+0.5 г",
Рацобактам,Пиперациллин+[Тазобактам],порошок для приготовления концентрата для приготовления раствора для инфузий,"2 г+0.25 г, 3 г+0.375 мг, 4 г+0.5 г",
Паклитаксел,Паклитаксел,концентрат для приготовления раствора для инфузий,6 мг/мл,
Паклитаксел,Паклитаксел,концентрат для приготовления раствора для инфузий,6 мг/мл,
Паклитаксел,Паклитаксел,концентрат для приготовления раствора для инфузий,6 мг/мл,
Паклитаксел-ЛЭНС,Паклитаксел,концентрат для приготовления раствора для инфузий,6 мг/мл,
Канатаксен,Паклитаксел,концентрат для приготовления раствора для инфузий,6 мг/мл,
Паклитаксел-Филаксис,Паклитаксел,концентрат для приготовления раствора для инфузий,6 мг/мл,
Паклитаксел-Тева,Паклитаксел,концентрат для приготовления раствора для инфузий,6 мг/мл,
Паклитера,Паклитаксел,концентрат для приготовления раствора для инфузий,6 мг/мл,
ТАКСАКАД®,Паклитаксел,концентрат для приготовления раствора для инфузий,6 мг/мл,
Паклитаксел-Эбеве,Паклитаксел,концентрат для приготовления раствора для инфузий,6 мг/мл,
Паклитаксел-АМЕДАРТ,Паклитаксел,концентрат для приготовления раствора для инфузий,6 мг/мл,
Митотакс,Паклитаксел,концентрат для приготовления раствора для инфузий,6 мг/мл,
Интаксел,Паклитаксел,концентрат для приготовления раствора для инфузий,6 мг/мл,
Паклитаксел,Паклитаксел,концентрат для приготовления раствора для инфузий,6 мг/мл,
Паклитаксел Эльфа,Паклитаксел,концентрат для приготовления раствора для инфузий,6 мг/мл,
Паклитаксел-Рус,Паклитаксел,концентрат для приготовления раствора для инфузий,6 мг/мл,
Паклитаксел-ДЕКО,Паклитаксел,концентрат для приготовления раствора для инфузий,6 мг/мл,
Паклитаксел-Келун-Казфарм,Паклитаксел,концентрат для приготовления раствора для инфузий,"100 мг/16.7 мл, 30 мг/5 мл, 60 мг/10 мл",
ПАКЛИТАКСЕЛ-ПРОМОМЕД,Паклитаксел,концентрат для приготовления раствора для инфузий,6 мг/мл,
Целиксел,Паклитаксел,концентрат для приготовления раствора для инфузий,6 мг/мл,
Доцетаксел,Доцетаксел,концентрат для приготовления раствора для инфузий,20 мг/мл,
Доцетаксел Сандоз®,Доцетаксел,концентрат для приготовления раствора для инфузий,10 мг/мл,
Доцетаксел,Доцетаксел,концентрат для приготовления раствора для инфузий,20 мг/мл,
Доцетаксел-Рус,Доцетаксел,концентрат для приготовления раствора для инфузий,"120 мг/3 мл, 20 мг/0.5 мл, 80 мг/2 мл",
Доцетаксел,Доцетаксел,концентрат для приготовления раствора для инфузий,40 мг/мл,
Таутакс,Доцетаксел,концентрат для приготовления раствора для инфузий,20 мг/мл,
Такселен,Доцетаксел,концентрат для приготовления раствора для инфузий,"20 мг/мл, 40 мг/мл",
ДОЦЕТАКСЕЛ-ПРОМОМЕД,Доцетаксел,концентрат для приготовления раствора для инфузий,"10 мг/мл, 20 мг/мл, 40 мг/мл",
Доцетаксел-Келун-Казфарм,Доцетаксел,концентрат для приготовления раствора для инфузий,"20 мг/мл, 80 мг/4 мл",
Доцетаксел,Доцетаксел,концентрат для приготовления раствора для инфузий,20 мг/мл,
Доцетаксел-Фарм-Синтез,Доцетаксел,концентрат для приготовления раствора для инфузий,20 мг/мл,
Новотакс,Доцетаксел,концентрат для приготовления раствора для инфузий,20 мг/мл,
Номидес®,Осельтамивир,капсулы,"30 мг, 45 мг, 75 мг",
ОСЕЛЬТАМИВИР ВЕЛФАРМ,Осельтамивир,капсулы,"30 мг, 45 мг, 75 мг",
Флукапс,Осельтамивир,капсулы,"30 мг, 45 мг, 75 мг",
Осельтамивир,Осельтамивир,капсулы,"30 мг, 45 мг, 75 мг",
Флутавир-Эйч,Осельтамивир,капсулы,"30 мг, 45 мг, 75 мг",
Осетафлю®,Осельтамивир,капсулы,75 мг,
Осельтамивир Реневал,Осельтамивир,капсулы,75 мг,
Осельтамивир-Тева,Осельтамивир,капсулы,75 мг,
Осельтамивир-ВЕРТЕКС,Осельтамивир,капсулы,75 мг,
ОСЕЛЬТАМИВИР,Осельтамивир,капсулы,75 мг,
Овирелис,Осельтамивир,капсулы,75 мг,
Осельтамивир солофарм,Осельтамивир,капсулы,75 мг,
Флустоп,Осельтамивир,капсулы,75 мг,"Пациенты с непереносимостью лактозы, дефицитом лактазы, глюкозо-галактозной мальабсорбцией"
Осмивир Медисорб,Осельтамивир,капсулы,75 мг,
Номидес®,Осельтамивир,порошок для приготовления суспензии для приема внутрь,12 мг/мл,"Пациенты с дефицитом сахаразы/изомальтазы, непереносимостью фруктозы, глюкозо-галактозной мальабсорбцией"
Оралсепт,Бензидамин,раствор для местного применения,0.15%,
Бензидамин,Бензидамин,раствор для местного применения,0.15%,
Бронфлекс,Бензидамин,раствор для местного применения,0.15%,
Бензилор® Септ,Бензидамин,раствор для местного применения,0.15%,
ИНЛАРТЕКС,Бензидамин,раствор для местного применения,0.15%,
БЕНЗИДАЛОР,Бензидамин,раствор для местного применения,0.15%,
Тонзинорм®,Бензидамин,раствор для местного применения,0.15%,
Грин Брин®,Бензидамин,раствор для местного применения,1.5 мг/мл,
Бензидамин,Бензидамин,раствор для местного применения,0.15%,
Ангидак септ,Бензидамин,раствор для местного применения,0.15%,
Тонзинорм,Бензидамин,спрей для местного применения дозированный,0.255 мг/доза,
Оралсепт,Бензидамин,спрей для местного применения дозированный,0.255 мг/доза,
Бензидамин-Акрихин,Бензидамин,спрей для местного применения дозированный,0.255 мг/доза,
Ангидак,Бензидамин,спрей для местного применения дозированный,0.255 мг/доза,
Фарингоспрей,Бензидамин,спрей для местного применения дозированный,0.255 мг/доза,
ВЕРТУМ-ЛОР,Бензидамин,спрей для местного применения дозированный,0.255 мг/доза,
ФАРИНОРМ® Бензидамин,Бензидамин,спрей для местного применения дозированный,0.255 мг/доза,
Бронфлекс,Бензидамин,спрей для местного применения дозированный,0.27 мг/доза,
Бензилор® Септ,Бензидамин,спрей для местного применения дозированный,0.255 мг/доза,
АНЕСТОДЖЕТ,Бензидамин,спрей для местного применения дозированный,0.255 мг/доза,
Бензидамин,Бензидамин,спрей для местного применения дозированный,0.255 мг/доза,
Бензидамин,Бензидамин,спрей для местного применения дозированный,0.255 мг/доза,
Бензидамин,Бензидамин,спрей для местного применения дозированный,0.255 мг/доза,
ЛОРАНГИН®,Бензидамин,спрей для местного применения дозированный,0.255 мг/доза,
Грин Брин®,Бензидамин,спрей для местного применения дозированный,0.255 мг/доза,
Фарбентум,Бензидамин,спрей для местного применения дозированный,0.255 мг/доза,
Строколин® Тонзи,Бензидамин,спрей для местного применения дозированный,0.255 мг/доза,
ИНЛАРТЕКС,Бензидамин,спрей для местного применения дозированный,0.255 мг/доза,
ОРО-форт,Бензидамин,спрей для местного применения,1.5 мг/мл,
Оралсепт,Бензидамин,"таблетки для рассасывания, покрытые пленочной оболочкой",3 мг,Пациенты с редкой врожденной непереносимостью фруктозы.
ФАРИНОРМ® Бензидамин форте,Бензидамин,спрей для местного применения дозированный,0.51 мг/доза,
Строколин® Тонзи Форте,Бензидамин,спрей для местного применения дозированный,0.51 мг/доза,
Грин Брин® Форте,Бензидамин,спрей для местного применения дозированный,0.51 мг/доза,
Ангидак форте,Бензидамин,спрей для местного применения дозированный,0.51 мг/доза,
Звездочка ЛОР,Бензидамин,спрей для местного применения,"0.15%, 0.3%",
Бензидамин ДС,Бензидамин,спрей для местного применения,"0.15%, 0.3%",
Эрлатера,Эрлотиниб,"таблетки, покрытые пленочной оболочкой","25 мг, 100 мг, 150 мг",
Эрлотиниб,Эрлотиниб,"таблетки, покрытые пленочной оболочкой","25 мг, 100 мг, 150 мг",
Эрлотиниб,Эрлотиниб,"таблетки, покрытые пленочной оболочкой","25 мг, 100 мг, 150 мг",
Эрлотиниб,Эрлотиниб,"таблетки, покрытые пленочной оболочкой","100 мг, 150 мг",
ЭРЛОТИНИБ-ТЛ,Эрлотиниб,"таблетки, покрытые пленочной оболочкой","100 мг, 150 мг",
Нилотиниб,Нилотиниб,капсулы,200 мг,
НИЛОТИНИБ-ПРОМОМЕД,Нилотиниб,капсулы,"150 мг, 200 мг",
НИЛОТИНИБ-ХИМРАР,Нилотиниб,капсулы,"150 мг, 200 мг",
Нилотиниб Фармасинтез,Нилотиниб,капсулы,"150 мг, 200 мг",
Нилотиниб Канон,Нилотиниб,капсулы,"150 мг, 200 мг",
Нилотиниб,Нилотиниб,капсулы,"150 мг, 200 мг",
Нилотиниб-Фарм-Синтез,Нилотиниб,капсулы,"150 мг, 200 мг",
Нилотиниб,Нилотиниб,капсулы,"150 мг, 200 мг",
Нилотиниб,Нилотиниб,капсулы,"150 мг, 200 мг",
Лотнилиб,Нилотиниб,капсулы,"150 мг, 200 мг",
Нилотиниб,Нилотиниб,капсулы,"150 мг, 200 мг",
Нилотиниб-Бинергия,Нилотиниб,капсулы,"150 мг, 200 мг",
Дабрафениб Фармасинтез,Дабрафениб,капсулы,"50 мг, 75 мг",
Дабрафениб-АМЕДАРТ,Дабрафениб,капсулы,"50 мг, 75 мг",
Дабрафениб-Промомед,Дабрафениб,капсулы,"50 мг, 75 мг",
ТАФЛАРИНТ,Тафлупрост,капли глазные,0.0015%,
Финлепсин®,Карбамазепин,таблетки,200 мг,
Карбамазепин-Акрихин,Карбамазепин,таблетки,200 мг,
Карбамазепин,Карбамазепин,таблетки,200 мг,"Пациенты с непереносимостью лактозы, дефицитом лактазы, глюкозо-галактозной мальабсорбцией"
Карбамазепин ретард-Акрихин,Карбамазепин,таблетки пролонгированного действия,"200 мг, 400 мг",
Финлепсин® ретард,Карбамазепин,таблетки с пролонгированным высвобождением,"200 мг, 400 мг",
Карбамазепин ретард,Карбамазепин,таблетки с пролонгированным высвобождением,"200 мг, 400 мг",
Зептол,Карбамазепин,"таблетки с пролонгированным высвобождением, покрытые пленочной оболочкой","200 мг, 400 мг",
КАРБАМАЗЕПИН  ВЕЛФАРМ,Карбамазепин,"таблетки с пролонгированным высвобождением, покрытые пленочной оболочкой","200 мг, 400 мг",
Диметилфумарат-ТЛ,Диметилфумарат,капсулы кишечнорастворимые,"120 мг, 240 мг",
Дифурат®,Диметилфумарат,капсулы кишечнорастворимые,"120 мг, 240 мг",
Диметилфумарат,Диметилфумарат,капсулы кишечнорастворимые,"120 мг, 240 мг",
Эумилео,Диметилфумарат,капсулы кишечнорастворимые,"120 мг, 240 мг",
Диметилфумарат,Диметилфумарат,капсулы кишечнорастворимые,"120 мг, 240 мг","Пациенты с дефицитом сахаразы/изомальтазы, непереносимостью фруктозы, глюкозо-галактозной мальабсорбцией"
Диметилфумарат Канон,Диметилфумарат,капсулы кишечнорастворимые,"120 мг, 240 мг","Пациенты с дефицитом сахаразы/изомальтазы, непереносимостью фруктозы, глюкозо-галактозной мальабсорбцией"
Флутерио,Диметилфумарат,капсулы кишечнорастворимые,"120 мг, 240 мг",
Фосампренавир ПСК,Фосампренавир,"таблетки, покрытые пленочной оболочкой",700 мг,
ФОСАМПРЕНАВИР,Фосампренавир,"таблетки, покрытые пленочной оболочкой",700 мг,
АМПРИЗИР,Фосампренавир,"таблетки, покрытые пленочной оболочкой",700 мг,
Темозоломид,Темозоломид,капсулы,"5 мг, 20 мг, 100 мг, 140 мг, 180 мг, 250 мг",
Темозоломид-ТЛ,Темозоломид,капсулы,"5 мг, 20 мг, 100 мг, 140 мг, 180 мг, 250 мг",
Темозоломид,Темозоломид,капсулы,"140 мг, 180 мг",
Темомид,Темозоломид,капсулы,"140 мг, 180 мг",
Темомид,Темозоломид,капсулы,"5 мг, 20 мг, 100 мг, 250 мг",
Темомид,Темозоломид,лиофилизат для приготовления раствора для инфузий,100 мг,
Тиаприд,Тиаприд,раствор для внутривенного и внутримышечного введения,50 мг/мл,
Тиаприд,Тиаприд,раствор для внутривенного и внутримышечного введения,50 мг/мл,
Орнидазол-Веро,Орнидазол,"таблетки, покрытые пленочной оболочкой",500 мг,
Орнидазол-ВЕРТЕКС,Орнидазол,"таблетки, покрытые пленочной оболочкой",500 мг,"Пациенты с непереносимостью лактозы, дефицитом лактазы, глюкозо-галактозной мальабсорбцией"
Орнидазол,Орнидазол,"таблетки, покрытые пленочной оболочкой",500 мг,
Орнидазол,Орнидазол,"таблетки, покрытые пленочной оболочкой",500 мг,
Орнидазол,Орнидазол,"таблетки, покрытые пленочной оболочкой",500 мг,"Пациенты с непереносимостью лактозы, дефицитом лактазы, глюкозо-галактозной мальабсорбцией"
Орнисид форте,Орнидазол,"таблетки, покрытые пленочной оболочкой",500 мг,
Орнисид,Орнидазол,"таблетки, покрытые пленочной оболочкой",250 мг,
Дазолик,Орнидазол,"таблетки, покрытые пленочной оболочкой",500 мг,
Квинизол,Орнидазол,"таблетки, покрытые пленочной оболочкой",500 мг,
Орнидазол-OBL,Орнидазол,"таблетки, покрытые пленочной оболочкой",500 мг,"Пациенты с непереносимостью лактозы, дефицитом лактазы, глюкозо-галактозной мальабсорбцией"
ДОЛУТЕГРАВИР,Долутегравир,"таблетки, покрытые пленочной оболочкой",50 мг,
Долутегравир,Долутегравир,"таблетки, покрытые пленочной оболочкой",50 мг,
ДОЛУТЕГРАВИР,Долутегравир,"таблетки, покрытые пленочной оболочкой",50 мг,
Идалаир,Долутегравир,"таблетки, покрытые пленочной оболочкой",50 мг,
Долутегравир-АМЕДАРТ,Долутегравир,"таблетки, покрытые пленочной оболочкой",50 мг,
Долутегравир,Долутегравир,"таблетки, покрытые пленочной оболочкой",50 мг,
ДОЛУТЕГРАВИР-ХИМРАР,Долутегравир,"таблетки, покрытые пленочной оболочкой",50 мг,
Тигециклин Дж,Тигециклин,лиофилизат для приготовления раствора для инфузий,50 мг,
Тигециклин-Бинергия,Тигециклин,лиофилизат для приготовления раствора для инфузий,50 мг,
Тигецивер®,Тигециклин,лиофилизат для приготовления концентрата для приготовления раствора для инфузий,50 мг,
Тигециклин,Тигециклин,лиофилизат для приготовления концентрата для приготовления раствора для инфузий,50 мг,
Тигециклин-Санмун,Тигециклин,лиофилизат для приготовления концентрата для приготовления раствора для инфузий,50 мг,
ТИГЕЦИКЛИН,Тигециклин,лиофилизат для приготовления концентрата для приготовления раствора для инфузий,50 мг,
Тигециклин,Тигециклин,лиофилизат для приготовления концентрата для приготовления раствора для инфузий,50 мг,
ТИГЕЦИКЛИН-НАНОЛЕК®,Тигециклин,лиофилизат для приготовления концентрата для приготовления раствора для инфузий,50 мг,
Тигециклин-Рус,Тигециклин,лиофилизат для приготовления концентрата для приготовления раствора для инфузий,50 мг,
Тибакт,Тигециклин,лиофилизат для приготовления концентрата для приготовления раствора для инфузий,50 мг,
Тигециклин,Тигециклин,лиофилизат для приготовления концентрата для приготовления раствора для инфузий,50 мг,
ТИГЕЦИКЛИН,Тигециклин,лиофилизат для приготовления концентрата для приготовления раствора для инфузий,50 мг,
Тигелин АФ,Тигециклин,лиофилизат для приготовления концентрата для приготовления раствора для инфузий,50 мг,
Тигециклин,Тигециклин,лиофилизат для приготовления концентрата для приготовления раствора для инфузий,50 мг,
ЦИЛАПЕНЕМ,Имипенем+[Циластатин],порошок для приготовления раствора для инфузий,0.25 г+0.25 г,
ЦИЛАПЕНЕМ,Имипенем+[Циластатин],порошок для приготовления раствора для инфузий,0.5 г+0.5 г,
Имипенем+Циластатин,Имипенем+[Циластатин],порошок для приготовления раствора для инфузий,500 мг+500 мг,
Имипенем+Циластатин,Имипенем+[Циластатин],порошок для приготовления раствора для инфузий,500 мг+500 мг,
Имицинем-ТФ,Имипенем+[Циластатин],порошок для приготовления раствора для инфузий,500 мг+500 мг,
Имипенем+Циластатин,Имипенем+[Циластатин],порошок для приготовления раствора для инфузий,500 мг+500 мг,
Имипенем+Циластатин-ЛЕКСВМ®,Имипенем+[Циластатин],порошок для приготовления раствора для инфузий,"250 мг+250 мг, 500 мг+500 мг",
ИМИПЕНЕМ+ЦИЛАСТАТИН-ДЖИЭФСИ®,Имипенем+[Циластатин],порошок для приготовления раствора для инфузий,"250 мг+250 мг, 500 мг+500 мг",
Имипенем+Циластатин,Имипенем+[Циластатин],порошок для приготовления раствора для инфузий,500 мг+500 мг,
Бактопенем,Имипенем+[Циластатин],порошок для приготовления раствора для инфузий,"250 мг+250 мг, 500 мг+500 мг",
Имипенем+Циластатин-Виал,Имипенем+[Циластатин],порошок для приготовления раствора для инфузий,500 мг+500 мг,
Тиепенем®,Имипенем+[Циластатин],порошок для приготовления раствора для инфузий,500 мг+500 мг,
Латипенем,Имипенем+[Циластатин],порошок для приготовления раствора для инфузий,250 мг+250 мг,
Латипенем,Имипенем+[Циластатин],порошок для приготовления раствора для инфузий,500 мг+500 мг,
ТиелВел®,Имипенем+[Циластатин],порошок для приготовления раствора для инфузий,250 мг+250 мг,
ТиелВел®,Имипенем+[Циластатин],порошок для приготовления раствора для инфузий,500 мг+500 мг,
АЛТИНАМ-АГ,Имипенем+[Циластатин],порошок для приготовления концентрата для приготовления раствора для инфузий,"250 мг+250 мг, 500 мг+500 мг",
Тимолол-пос,Тимолол,капли глазные,"0.25%, 0.5%",
Тимолол-пос,Тимолол,капли глазные,"0.25%, 0.5%",
Арутимол,Тимолол,капли глазные,"2.5 мг/мл, 5 мг/мл",
Глаутам,Тимолол,капли глазные,"2.5 мг/мл, 5 мг/мл",
Тимолет ОД,Тимолол,капли глазные,0.5%,
Тимолол-СОЛОфарм,Тимолол,капли глазные,0.5%,
Окупрес-Е®,Тимолол,капли глазные,"0.25%, 0.5%",
Тимолол,Тимолол,капли глазные,0.5%,
Тимолол,Тимолол,капли глазные,"0.25%, 0.5%",
Тимолол-АКОС,Тимолол,капли глазные,"0.25%, 0.5%",
Окумед,Тимолол,капли глазные,"0.25%, 0.5%",
Тимолол,Тимолол,капли глазные,"0.25%, 0.5%",
Тимолол-МЭЗ,Тимолол,капли глазные,"0.25%, 0.5%",
Тимолол Реневал,Тимолол,капли глазные,"0.25%, 0.5%",
Топирамат,Топирамат,"таблетки, покрытые пленочной оболочкой","25 мг, 50 мг, 100 мг, 200 мг",
Топирамат-АЛСИ,Топирамат,"таблетки, покрытые пленочной оболочкой","25 мг, 100 мг",
Топирамат-Виал,Топирамат,"таблетки, покрытые пленочной оболочкой","25 мг, 50 мг, 100 мг","Пациенты с непереносимостью лактозы, дефицитом лактазы, глюкозо-галактозной мальабсорбцией"
Топирамат,Топирамат,"таблетки, покрытые пленочной оболочкой","25 мг, 100 мг","Пациенты с непереносимостью лактозы, дефицитом лактазы, глюкозо-галактозной мальабсорбцией"
Травиолан,Травопрост,капли глазные,0.04 мг/мл,
Травопрост-С3,Травопрост,капли глазные,40 мкг/мл,
Травапресс,Травопрост,капли глазные,0.04 мг/мл,
Травопрост-Оптик,Травопрост,капли глазные,0.004%,
ЛИКРИНТА,Линаглиптин,"таблетки, покрытые пленочной оболочкой",5 мг,
ЛИНАГЛИПТИН,Линаглиптин,"таблетки, покрытые пленочной оболочкой",5 мг,
ЛИНАГЛИПТИН ГЛИКВИТАБС®,Линаглиптин,"таблетки, покрытые пленочной оболочкой",5 мг,
Фенофибрат Канон,Фенофибрат,"таблетки, покрытые пленочной оболочкой",145 мг,
ФЕНОФИБРАТ,Фенофибрат,"таблетки, покрытые пленочной оболочкой",145 мг,
Бозенекс,Бозентан,"таблетки, покрытые пленочной оболочкой","62.5 мг, 125 мг",
Бозентан,Бозентан,"таблетки, покрытые пленочной оболочкой","62.5 мг, 125 мг",
Бозентан,Бозентан,"таблетки, покрытые пленочной оболочкой","62.5 мг, 125 мг",
Бозентан-Эдвансд,Бозентан,"таблетки, покрытые пленочной оболочкой","62.5 мг, 125 мг",
Бозентан,Бозентан,"таблетки, покрытые пленочной оболочкой","62.5 мг, 125 мг",
Атракурия бесилат,Атракурия безилат,раствор для внутривенного введения,10 мг/мл,
Нотриксум,Атракурия безилат,раствор для внутривенного введения,10 мг/мл,
Атракурия безилат,Атракурия безилат,раствор для внутривенного введения,10 мг/мл,
АТРАКУРИУМ-БЕЛМЕД,Атракурия безилат,раствор для внутривенного введения,10 мг/мл,
Атракурия безилат,Атракурия безилат,раствор для внутривенного введения,10 мг/мл,
Риделат-С,Атракурия безилат,раствор для внутривенного введения,10 мг/мл,
Атракуриум-Ново,Атракурия безилат,раствор для внутривенного введения,10 мг/мл,
АТОЗИЦЕЛ,Атозибан,концентрат для приготовления раствора для инфузий,7.5 мг/мл,
Атозибан ПСК,Атозибан,концентрат для приготовления раствора для инфузий,7.5 мг/мл,
АТОЗИЦЕЛ,Атозибан,раствор для внутривенного введения,7.5 мг/мл,
Атозибан ПСК,Атозибан,раствор для внутривенного введения,6.75 мг,
Анокситон,Атозибан,"концентрат для приготовления раствора для инфузий, раствор для внутривенного введения",7.5 мг/мл,
АТОЗИБАН,Атозибан,"концентрат для приготовления раствора для инфузий, раствор для внутривенного введения",7.5 мг/мл,
Атозибан,Атозибан,"концентрат для приготовления раствора для инфузий, раствор для внутривенного введения",7.5 мг/мл,
Трамадол,Трамадол,капсулы,50 мг,"Пациенты с непереносимостью лактозы, дефицитом лактазы, глюкозо-галактозной мальабсорбцией"
Трамадол,Трамадол,капсулы,100 мг,"Пациенты с непереносимостью лактозы, дефицитом лактазы, глюкозо-галактозной мальабсорбцией"
Трамадол,Трамадол,капсулы,50 мг,
Трамаклосидол,Трамадол,таблетки,50 мг,
Трамадол ретард,Трамадол,"таблетки с пролонгированным высвобождением, покрытые пленочной оболочкой",100 мг,
Транексамовая кислота-ВЕРТЕКС,Транексамовая кислота,"таблетки, покрытые пленочной оболочкой","250 мг, 500 мг",
Транексамовая кислота,Транексамовая кислота,"таблетки, покрытые пленочной оболочкой","250 мг, 500 мг",
Траместон,Транексамовая кислота,раствор для внутривенного введения,100 мг/мл,
Транексамик Медокеми,Транексамовая кислота,раствор для внутривенного введения,100 мг/мл,
Пауз-ЭМ,Транексамовая кислота,раствор для внутривенного введения,100 мг/мл,
Санксамик,Транексамовая кислота,раствор для внутривенного введения,"50 мг/мл, 100 мг/мл",
Транексамовая кислота Велфарм,Транексамовая кислота,раствор для внутривенного введения,"50 мг/мл, 100 мг/мл",
Гемтраникс,Транексамовая кислота,раствор для внутривенного введения,"50 мг/мл, 100 мг/мл",
Транексамовая кислота Авексима,Транексамовая кислота,раствор для внутривенного введения,"50 мг/мл, 100 мг/мл",
Транецидум,Транексамовая кислота,раствор для внутривенного введения,"50 мг/мл, 100 мг/мл",
Теовексал,Транексамовая кислота,раствор для внутривенного введения,"50 мг/мл, 100 мг/мл",
Битранекс,Транексамовая кислота,раствор для внутривенного введения,"50 мг/мл, 100 мг/мл",
ТРАНЕКСАМОВАЯ КИСЛОТА,Транексамовая кислота,раствор для внутривенного введения,"50 мг/мл, 100 мг/мл",
Траксара,Транексамовая кислота,раствор для внутривенного введения,50 мг/мл,
Стагемин,Транексамовая кислота,раствор для внутривенного введения,50 мг/мл,
Транексамовая кислота-Акрихин,Транексамовая кислота,раствор для внутривенного введения,50 мг/мл,
Транексамовая кислота-ТРИВИУМ,Транексамовая кислота,раствор для внутривенного введения,50 мг/мл,
Транексамовая кислота,Транексамовая кислота,раствор для внутривенного введения,50 мг/мл,
Транексамовая кислота,Транексамовая кислота,раствор для внутривенного введения,50 мг/мл,
Транексамовая кислота,Транексамовая кислота,раствор для внутривенного введения,50 мг/мл,
Транексамовая кислота,Транексамовая кислота,раствор для внутривенного введения,50 мг/мл,
Транексамовая кислота,Транексамовая кислота,раствор для внутривенного введения,50 мг/мл,
Транексамовая кислота,Транексамовая кислота,раствор для внутривенного введения,50 мг/мл,
Транексамовая кислота,Транексамовая кислота,раствор для внутривенного введения,50 мг/мл,
Аталурен ГЕРОФАРМ,Аталурен,порошок для приготовления суспензии для приема внутрь,"125 мг, 250 мг, 1000 мг",Пациенты с глюкозо-галактозной мальабсорбцией
Пентоксифиллин,Пентоксифиллин,концентрат для приготовления раствора для внутривенного и внутриартериального введения,20 мг/мл,
Пентоксифиллин,Пентоксифиллин,концентрат для приготовления раствора для внутривенного и внутриартериального введения,20 мг/мл,
Тренпентал®,Пентоксифиллин,концентрат для приготовления раствора для внутривенного и внутриартериального введения,20 мг/мл,
Пентоксифиллин,Пентоксифиллин,раствор для внутривенного и внутриартериального введения,20 мг/мл,
Пентоксифиллин,Пентоксифиллин,концентрат для приготовления раствора для инфузий,20 мг/мл,
Пентоксифиллин,Пентоксифиллин,концентрат для приготовления раствора для инфузий,20 мг/мл,
Пентоксифиллин,Пентоксифиллин,концентрат для приготовления раствора для инфузий,20 мг/мл,
Пентоксифиллин,Пентоксифиллин,концентрат для приготовления раствора для инфузий,20 мг/мл,
Пентоксифиллин,Пентоксифиллин,концентрат для приготовления раствора для инфузий,20 мг/мл,
ФИЛЕНТАЛ,Пентоксифиллин,концентрат для приготовления раствора для инфузий,20 мг/мл,
ПЕНТОФ,Пентоксифиллин,концентрат для приготовления раствора для инфузий,20 мг/мл,
Пентоксифиллин,Пентоксифиллин,концентрат для приготовления раствора для инфузий,20 мг/мл,
Пентоксифиллин-ЭСКОМ,Пентоксифиллин,концентрат для приготовления раствора для инъекций,20 мг/мл,
Пентоксифиллин,Пентоксифиллин,раствор для инфузий,2 мг/мл,
Пентоксифиллин,Пентоксифиллин,раствор для инъекций,20 мг/мл,
Пентоксифиллин,Пентоксифиллин,раствор для внутривенного введения,20 мг/мл,
Пентоксифиллин,Пентоксифиллин,"таблетки, покрытые кишечнорастворимой оболочкой",100 мг,
Пентоксифиллин,Пентоксифиллин,"таблетки, покрытые кишечнорастворимой оболочкой",100 мг,
Пентоксифиллин,Пентоксифиллин,"таблетки кишечнорастворимые, покрытые пленочной оболочкой",100 мг,
Пентоксифиллин,Пентоксифиллин,"таблетки кишечнорастворимые, покрытые пленочной оболочкой",100 мг,
Пентоксифиллин,Пентоксифиллин,таблетки пролонгированного действия покрытые пленочной оболочкой,400 мг,
Пентоксифиллин,Пентоксифиллин,"таблетки с пролонгированным высвобождением, покрытые пленочной оболочкой",400 мг,
Пентоксифиллин-СЗ,Пентоксифиллин,"таблетки с пролонгированным высвобождением, покрытые пленочной оболочкой",400 мг,"Пациенты с непереносимостью лактозы, дефицитом лактазы, глюкозо-галактозной мальабсорбцией"
Пентоксифиллин,Пентоксифиллин,"таблетки ретард, покрытые пленочной оболочкой",400 мг,
Треосульфан,Треосульфан,лиофилизат для приготовления раствора для инфузий,5 г,
Трилекса®,Ивакафтор+Тезакафтор+Элексакафтор и Ивакафтор,"набор таблеток, покрытых пленочной оболочкой","37.5 мг+25 мг+50 мг и 75 мг, 75 мг+50 мг+100 мг и 150 мг",
Окскарбазепин,Окскарбазепин,"таблетки, покрытые пленочной оболочкой","150 мг, 600 мг",
Окскарбазепин,Окскарбазепин,"таблетки, покрытые пленочной оболочкой","150 мг, 300 мг, 600 мг",
ОКСКАРБАЗЕПИН ВЕЛФАРМ,Окскарбазепин,"таблетки, покрытые пленочной оболочкой","150 мг, 300 мг, 600 мг",
Окскарбазепин,Окскарбазепин,"таблетки, покрытые пленочной оболочкой","150 мг, 300 мг, 600 мг",
Окскарбазепин Канон,Окскарбазепин,"таблетки, покрытые пленочной оболочкой","150 мг, 300 мг, 600 мг",
Рамиприл-СЗ,Рамиприл,таблетки,"2.5 мг, 5 мг, 10 мг","Пациенты с непереносимостью лактозы, дефицитом лактазы, глюкозо-галактозной мальабсорбцией"
Рамиприл-АКОС,Рамиприл,таблетки,"2.5 мг, 5 мг, 10 мг","Пациенты с непереносимостью лактозы, дефицитом лактазы, глюкозо-галактозной мальабсорбцией"
Рамиприл,Рамиприл,таблетки,"2.5 мг, 5 мг, 10 мг","Пациенты с непереносимостью лактозы, дефицитом лактазы, глюкозо-галактозной мальабсорбцией"
Рамиприл Реневал,Рамиприл,таблетки,"2.5 мг, 5 мг, 10 мг","Пациенты с непереносимостью лактозы, дефицитом лактазы, глюкозо-галактозной мальабсорбцией"
Рамиприл,Рамиприл,таблетки,"2.5 мг, 5 мг, 10 мг","Пациенты с непереносимостью лактозы, дефицитом лактазы, глюкозо-галактозной мальабсорбцией"
Рамиприл,Рамиприл,таблетки,"1.25 мг, 2.5 мг, 5 мг, 10 мг",
РАМИПРИЛ,Рамиприл,таблетки,"1.25 мг, 2.5 мг, 5 мг, 10 мг","Пациенты с непереносимостью лактозы, дефицитом лактазы, глюкозо-галактозной мальабсорбцией"
Хартил,Рамиприл,таблетки,"5 мг, 10 мг","Пациенты с непереносимостью лактозы, дефицитом лактазы, глюкозо-галактозной мальабсорбцией"
Рамиприл Реневал,Рамиприл,таблетки,"2.5 мг, 5 мг, 10 мг","Пациенты с непереносимостью лактозы, дефицитом лактазы, глюкозо-галактозной мальабсорбцией"
Амприлан,Рамиприл,таблетки,"1.25 мг, 2.5 мг, 5 мг, 10 мг","Пациенты с непереносимостью лактозы, дефицитом лактазы, глюкозо-галактозной мальабсорбцией"
Рамиприл-Акрихин,Рамиприл,таблетки,"2.5 мг, 5 мг, 10 мг","Пациенты с непереносимостью лактозы, дефицитом лактазы, глюкозо-галактозной мальабсорбцией"
Пемиксамаль,Хлорпротиксен,"таблетки, покрытые пленочной оболочкой","15 мг, 25 мг, 50 мг",
ДОРЗОЛАМИД-ОПТИК,Дорзоламид,капли глазные,20 мг/мл,
Дорзопт,Дорзоламид,капли глазные,20 мг/мл,
Дорзоламид,Дорзоламид,капли глазные,0.02,
Дорзоламид Сентисс,Дорзоламид,капли глазные,20 мг/мл,
Дорзолан соло,Дорзоламид,капли глазные,20 мг/мл,
Дэлюкс,Дорзоламид,капли глазные,20 мг/мл,
Дорзиал,Дорзоламид,капли глазные,20 мг/мл,
Дорзокулин,Дорзоламид,капли глазные,20 мг/мл,
Дорзоламид,Дорзоламид,капли глазные,20 мг/мл,
Дорзоламид-СЗ,Дорзоламид,капли глазные,20 мг/мл,
Дор Антиглау Эко,Дорзоламид,капли глазные,20 мг/мл,
РОСИНСУЛИН ГЛАРГИН 300,Инсулин гларгин,раствор для подкожного введения,300 МЕ/мл,
РинГлар®300,Инсулин гларгин,раствор для подкожного введения,300 МЕ/мл,
Йопромид,Йопромид,раствор для инъекций,"300 мг йода/мл, 370 мг йода/мл",
Йопромид ТР,Йопромид,раствор для инъекций,"300 мг йода/мл, 370 мг йода/мл",
Йопромид-Биарвист,Йопромид,раствор для инъекций,"300 мг йода/мл, 370 мг йода/мл",
Артикаин,Артикаин,раствор для инъекций,40 мг/мл,
Артикаин-Бинергия,Артикаин,раствор для инъекций,40 мг/мл,
Артикаин-Ферейн®,Артикаин,раствор для инъекций,40 мг/мл,
АРТИКАИН ВЕЛФАРМ,Артикаин,раствор для инъекций,"10 мг/мл, 20 мг/мл, 40 мг/мл",
Артикаин-Бинергия,Артикаин,раствор для инъекций,"10 мг/мл, 20 мг/мл",
Месна-ЛЭНС®,Месна,расвтор для внутривенного введения,100 мг/мл,
Месна,Месна,расвтор для внутривенного введения,100 мг/мл,
Месна,Месна,расвтор для внутривенного введения,100 мг/мл,
Силодозин Канон,Силодозин,капсулы,"4 мг, 8 мг",
Микродосин,Силодозин,капсулы,"4 мг, 8 мг",
Силодозин,Силодозин,капсулы,"4 мг, 8 мг",
Урсолив,Урсодезоксихолевая кислота,капсулы,250 мг,
Урсосан®,Урсодезоксихолевая кислота,капсулы,250 мг,
УРСОДЕЗОКСИХОЛЕВАЯ КИСЛОТА,Урсодезоксихолевая кислота,капсулы,250 мг,
Урцевел,Урсодезоксихолевая кислота,капсулы,250 мг,
УРСОКСИНОЛ,Урсодезоксихолевая кислота,капсулы,250 мг,
УРСАПРО,Урсодезоксихолевая кислота,капсулы,250 мг,
Урдокса,Урсодезоксихолевая кислота,капсулы,250 мг,
Урсомик,Урсодезоксихолевая кислота,капсулы,250 мг,
Эксхол,Урсодезоксихолевая кислота,капсулы,250 мг,"Пациенты с непереносимостью лактозы, дефицитом лактазы, глюкозо-галактозной мальабсорбцией"
Урсором С,Урсодезоксихолевая кислота,капсулы,250 мг,
Урсоприм,Урсодезоксихолевая кислота,капсулы,250 мг,
Урсодезоксихолевая кислота,Урсодезоксихолевая кислота,капсулы,250 мг,
Урсодез,Урсодезоксихолевая кислота,капсулы,250 мг,
Урсодез,Урсодезоксихолевая кислота,капсулы,500 мг,
Гринтерол,Урсодезоксихолевая кислота,капсулы,250 мг,
Урсодезоксихолевая кислота,Урсодезоксихолевая кислота,капсулы,250 мг,
Урсодезоксихолевая кислота ABC,Урсодезоксихолевая кислота,капсулы,250 мг,
Холудексан,Урсодезоксихолевая кислота,капсулы,300 мг,
Эксхол® Форте,Урсодезоксихолевая кислота,"таблетки, покрытые пленочной оболочкой",500 мг,
Урсодезоксихолевая кислота Реневал,Урсодезоксихолевая кислота,"таблетки, покрытые пленочной оболочкой","250 мг, 500 мг",
Гепаксихол,Урсодезоксихолевая кислота,"таблетки, покрытые пленочной оболочкой","250 мг, 500 мг",
Урсогепатол®,Урсодезоксихолевая кислота,"таблетки, покрытые пленочной оболочкой","250 мг, 500 мг",
Протехолин,Урсодезоксихолевая кислота,"таблетки, покрытые пленочной оболочкой","250 мг, 500 мг",
УРСОСАН® ФОРТЕ,Урсодезоксихолевая кислота,"таблетки, покрытые пленочной оболочкой",500 мг,
Ливодекса,Урсодезоксихолевая кислота,"таблетки, покрытые пленочной оболочкой","150 мг, 300 мг",
Урсофокус,Урсодезоксихолевая кислота,суспензия для приема внутрь,250 мг/5 мл,
ПРОТЕХОЛИН®,Урсодезоксихолевая кислота,суспензия для приема внутрь,250 мг/5 мл,
ДляЖенс про,Прогестерон,капсулы,"100 мг, 200 мг",Пациенты с аллергическими реакциями на арахис или сою
Ипрожин,Прогестерон,капсулы,"100 мг, 200 мг",Пациенты с аллергическими реакциями на арахис или сою
Ванэл,Прогестерон,капсулы,"100 мг, 200 мг",Пациенты с аллергическими реакциями на арахис или сою
Праджисан,Прогестерон,капсулы,"100 мг, 200 мг","Пациенты с аллергическими реакциями на арахис или сою, а также с  непереносимостью фруктозы"
Фабагал,Агалсидаза бета,лиофилизат для приготовления концентрата для приготовления раствора для инфузий,35 мг,
ФайлепВел,Перампанел,"таблетки, покрытые пленочной оболочкой","2 мг, 4 мг, 6 мг, 8 мг, 10 мг, 12 мг",
Фазотикад,Фулвестрант,раствор для внутримышечного введения,50 мг/мл,
ФУЛВЕДЖЕКТ,Фулвестрант,раствор для внутримышечного введения,250 мг/5 мл,
Фамацивир®,Фамцикловир,"таблетки, покрытые пленочной оболочкой","125 мг, 250 мг, 500 мг",
Кинезиа,Фампридин,"таблетки с пролонгированным высвобождением, покрытые пленочной оболочкой",10 мг,
Эпирубицин-РОНЦ,Эпирубицин,"лиофилизат для приготовления раствора для внутриартериального, внутрипузырного введения и инфузий","10 мг, 50 мг",
Эпирубицин-Рус,Эпирубицин,"лиофилизат для приготовления раствора для внутриартериального, внутрипузырного введения и инфузий","10 мг, 50 мг",
Эпирубицин-Келун-Казфарм,Эпирубицин,концентрат для приготовления раствора для инфузий,2 мг/мл,
Эпирубицин,Эпирубицин,лиофилизат для приготовления раствора для внутрисосудистого и внутрипузырного введения,"10 мг, 50 мг",
ФЛУВОКСАМИН-Фармасинтез,Флувоксамин,"таблетки, покрытые пленочной оболочкой","50 мг, 100 мг",
Флувоксамин-СЗ,Флувоксамин,"таблетки, покрытые пленочной оболочкой","50 мг, 100 мг","Пациенты с непереносимостью лактозы, дефицитом лактазы, глюкозо-галактозной мальабсорбцией"
Флувоксамин Органика,Флувоксамин,"таблетки, покрытые пленочной оболочкой","50 мг, 100 мг",
ЗОВАРТ® САН,Флувоксамин,"таблетки, покрытые пленочной оболочкой","50 мг, 100 мг",
Летрозол,Летрозол,"таблетки, покрытые пленочной оболочкой",2.5 мг,
Летзол,Летрозол,"таблетки, покрытые пленочной оболочкой",2.5 мг,
Летрозол,Летрозол,"таблетки, покрытые пленочной оболочкой",2.5 мг,
Эстролет,Летрозол,"таблетки, покрытые пленочной оболочкой",2.5 мг,
Лестродекс,Летрозол,"таблетки, покрытые пленочной оболочкой",2.5 мг,
Летрозол,Летрозол,"таблетки, покрытые пленочной оболочкой",2.5 мг,
ЛОРЕТА®,Летрозол,"таблетки, покрытые пленочной оболочкой",2.5 мг,
АЛЛЕРГОЛАН,Диметинден,капли для приема внутрь,1 мг/мл,
Диметинден,Диметинден,капли для приема внутрь,1 мг/мл,Пациенты с редкой врожденной непереносимостью фруктозы.
Акристил,Диметинден,капли для приема внутрь,1 мг/мл,Пациенты с редкой врожденной непереносимостью фруктозы.
Фенистодим®,Диметинден,капли для приема внутрь,1 мг/мл,
Фенисмарт,Диметинден,капли для приема внутрь,1 мг/мл,
ДИМЕТИНДЕН,Диметинден,капли для приема внутрь,1 мг/мл,
Диметинден,Диметинден,капли для приема внутрь,1 мг/мл,
ФЕНИКАП,Диметинден,капли для приема внутрь,1 мг/мл,
Новатинден солофарм,Диметинден,капли для приема внутрь,1 мг/мл,
ДИМЕТИНДЕН,Диметинден,капли для приема внутрь,1 мг/мл,Пациенты с редкой врожденной непереносимостью фруктозы.
Фенилергин,Диметинден,капли для приема внутрь,1 мг/мл,
Синефистил,Диметинден,капли для приема внутрь,1 мг/мл,
Фенсидроп,Диметинден,капли для приема внутрь,1 мг/мл,
АКТИТРОПИЛ,Фонтурацетам,таблетки,"50 мг, 100 мг",
Фонтурацетам Канон,Фонтурацетам,таблетки,"50 мг, 100 мг",
Феррум Карбо Сандоз®,Железа карбоксимальтозат,раствор для внутривенного введения,50 мг/мл,
Железа карбоксимальтозат-Бинергия,Железа карбоксимальтозат,раствор для внутривенного введения,50 мг/мл,
Моксарел,Моксонидин,"таблетки, покрытые пленочной оболочкой","0.2 мг, 0.3 мг, 0.4 мг",
Моксонидин Канон,Моксонидин,"таблетки, покрытые пленочной оболочкой","0.2 мг, 0.3 мг, 0.4 мг",
МОКСОНИДИН,Моксонидин,"таблетки, покрытые пленочной оболочкой","0.2 мг, 0.3 мг, 0.4 мг",
Моксонидин,Моксонидин,"таблетки, покрытые пленочной оболочкой","0.2 мг, 0.4 мг",
Моксонидин-СЗ,Моксонидин,"таблетки, покрытые пленочной оболочкой","0.2 мг, 0.3 мг, 0.4 мг",
Моксонитекс,Моксонидин,"таблетки, покрытые пленочной оболочкой","0.2 мг, 0.3 мг, 0.4 мг",
Моксонидин ФТ,Моксонидин,"таблетки, покрытые пленочной оболочкой","0.2 мг, 0.3 мг, 0.4 мг",
МОКСОНИДИН ВЕЛФАРМ,Моксонидин,"таблетки, покрытые пленочной оболочкой","0.2 мг, 0.3 мг, 0.4 мг",
Моксонидин-Цитомед,Моксонидин,"таблетки, покрытые пленочной оболочкой","0.2 мг, 0.3 мг, 0.4 мг",
Моксонидин,Моксонидин,"таблетки, покрытые пленочной оболочкой",200 мкг,
Моксонидин,Моксонидин,"таблетки, покрытые пленочной оболочкой",400 мкг,
МОКСОНИДИН,Моксонидин,"таблетки, покрытые пленочной оболочкой","0.2 мг, 0.3 мг, 0.4 мг",
Моксонидин-АЛСИ,Моксонидин,"таблетки, покрытые пленочной оболочкой","0.2 мг, 0.4 мг",
Моксонидин-Акрихин,Моксонидин,"таблетки, покрытые пленочной оболочкой","0.2 мг, 0.4 мг",
Моксонидин Альфактив,Моксонидин,"таблетки, покрытые пленочной оболочкой","0.2 мг, 0.4 мг",
Моксонидин-ЛФ,Моксонидин,"таблетки, покрытые пленочной оболочкой","0.2 мг, 0.4 мг",
Вазотайм,Моксонидин,"таблетки, покрытые пленочной оболочкой","0.2 мг, 0.4 мг",
Моксонидин-Тева,Моксонидин,"таблетки, покрытые пленочной оболочкой","0.2 мг, 0.4 мг",
Моксонидин,Моксонидин,"таблетки, покрытые пленочной оболочкой","0.2 мг, 0.4 мг",
Икатибант ПСК,Икатибант,раствор для подкожного введения,10 мг/мл,
ИКАТИБАНТ-ХИМРАР,Икатибант,раствор для подкожного введения,30 мг/3 мл,
ИКАТИБАНТ-АМЕДАРТ,Икатибант,раствор для подкожного введения,10 мг/мл,
ИКАТИБАНТ ВЕЛФАРМ,Икатибант,раствор для подкожного введения,10 мг/мл,
Икатибант,Икатибант,раствор для подкожного введения,30 мг/3 мл,
Икатибант солофарм,Икатибант,раствор для подкожного введения,10 мг/мл,
Икатибант-Тева,Икатибант,раствор для подкожного введения,10 мг/мл,
Икативиз,Икатибант,раствор для подкожного введения,10 мг/мл,
Икатибант Сотекс®,Икатибант,раствор для подкожного введения,10 мг/мл,
Икатибант,Икатибант,раствор для подкожного введения,10 мг/мл,
Икатибант,Икатибант,раствор для подкожного введения,30 мг/3 мл,
МЕТРОНИДАЗОЛ,Метронидазол,суппозитории вагинальные,500 мг,
Назарел,Флутиказон,спрей назальный дозированный,50 мкг/доза,
Дарбинес,Флударабин,лиофилизат для приготовления раствора для внутривенного введения,50 мг,
Веро-Флударабин,Флударабин,лиофилизат для приготовления раствора для внутривенного введения,50 мг,
Флударабин,Флударабин,лиофилизат для приготовления раствора для внутривенного введения,50 мг,
Флударабин-Тева,Флударабин,концентрат для приготовления раствора для внутривенного введения,25 мг/мл,
Флударабел,Флударабин,"таблетки, покрытые пленочной оболочкой",10 мг,
Флударабин-ТЛ,Флударабин,"таблетки, покрытые пленочной оболочкой",10 мг,
Флидарин,Флударабин,"таблетки, покрытые пленочной оболочкой",10 мг,
АЦЦ® 100,Ацетилцистеин,таблетки шипучие,100 мг,
АЦЦ,Ацетилцистеин,раствор для приема внутрь,20 мг/мл,"Пациенты с непереносимостью лактозы, дефицитом лактазы, глюкозо-галактозной мальабсорбцией"
АЦЦ® 200,Ацетилцистеин,таблетки шипучие,200 мг,Пациенты с редкой врожденной непереносимостью фруктозы или глюкозо-галактозной мальабсорбцией.
Эйфа АЦ,Ацетилцистеин,гранулы для приготовления раствора для приема внутрь,"100 мг, 200 мг, 600 мг","Пациенты с глюкозо-галактозной мальабсорбцией, с дефицитом сахаразы/изомальтазы"
АЦЦ®,Ацетилцистеин,порошок для приготовления раствора для приема внутрь,"100 мг, 200 мг, 600 мг",
Ацетилцистеин ВЕРТЕКС,Ацетилцистеин,порошок для приготовления раствора для приема внутрь,"100 мг, 200 мг, 600 мг","Пациенты с непереносимостью лактозы, дефицитом лактазы, глюкозо-галактозной мальабсорбцией"
Ацетилцистеин Канон,Ацетилцистеин,таблетки диспергируемые,"100 мг, 200 мг, 600 мг","Пациенты с непереносимостью лактозы, дефицитом лактазы, глюкозо-галактозной мальабсорбцией"
Эйфа® солюшн,Ацетилцистеин,таблетки диспергируемые,"100 мг, 200 мг, 600 мг","Пациенты с непереносимостью лактозы, дефицитом лактазы, глюкозо-галактозной мальабсорбцией, с дефицитом сахаразы/изомальтазы, непереносимостью фруктозы"
ЭСПА-НАЦ®,Ацетилцистеин,порошок для приготовления раствора для приема внутрь,"200 мг, 600 мг",
Мукофлустейн,Ацетилцистеин,порошок для приготовления раствора для приема внутрь,"200 мг, 600 мг",Пациенты с редкой врожденной непереносимостью фруктозы.
Ацетилцистеин ВЕРТЕКС,Ацетилцистеин,таблетки шипучие,"200 мг, 600 мг",Пациенты с редкой врожденной непереносимостью фруктозы.
АЦЦ Актив,Ацетилцистеин,порошок для приема внутрь,600 мг,"Пациенты с непереносимостью лактозы, дефицитом лактазы, глюкозо-галактозной мальабсорбцией"
АЦЦ® Лонг,Ацетилцистеин,таблетки шипучие,600 мг,Пациенты с редкой врожденной непереносимостью фруктозы.
Ацетилцистеин,Ацетилцистеин,порошок для приготовления раствора для приема внутрь,600 мг,
Флуоресцеин натрия,Флуоресцеин натрия,раствор для внутривенного введения,100 мг/мл,
Флутамид,Флутамид,таблетки,250 мг,
Флутамид,Флутамид,таблетки,250 мг,
Флутамид,Флутамид,"таблетки, покрытые пленочной оболочкой",250 мг,
ПАРНАПАРИН НАТРИЯ ВЕЛФАРМ,Парнапарин натрия,раствор для подкожного введения,"3200 анти-Ха МЕ/0.3 мл, 4250 анти-Ха МЕ/0.4 мл",
Дапаглифлозин Канон,Дапаглифлозин,"таблетки, покрытые пленочной оболочкой","5 мг, 10 мг",
ДАПАФЛОВЕЛ,Дапаглифлозин,"таблетки, покрытые пленочной оболочкой","5 мг, 10 мг",
Дапаглифлозин,Дапаглифлозин,"таблетки, покрытые пленочной оболочкой","5 мг, 10 мг",
ДАПАГЛИФЛОЗИН ГЛИКВИТАБС®,Дапаглифлозин,"таблетки, покрытые пленочной оболочкой","5 мг, 10 мг",
Дапаглифлозин,Дапаглифлозин,"таблетки, покрытые пленочной оболочкой","5 мг, 10 мг",
Дапаглифлозин,Дапаглифлозин,"таблетки, покрытые пленочной оболочкой","5 мг, 10 мг",
Дапаглютаб,Дапаглифлозин,"таблетки, покрытые пленочной оболочкой","5 мг, 10 мг",
Дапаглифлозин-АМЕДАРТ,Дапаглифлозин,"таблетки, покрытые пленочной оболочкой","5 мг, 10 мг",
Дапаглифлозин,Дапаглифлозин,"таблетки, покрытые пленочной оболочкой","5 мг, 10 мг",
Фордиглиф,Дапаглифлозин,"таблетки, покрытые пленочной оболочкой","5 мг, 10 мг",
Фордап®,Дапаглифлозин,"таблетки, покрытые пленочной оболочкой","5 мг, 10 мг",
Фордиглиф,Дапаглифлозин,"таблетки, покрытые пленочной оболочкой","5 мг, 10 мг",
Дапаглифлозин-СЗ,Дапаглифлозин,"таблетки, покрытые пленочной оболочкой","5 мг, 10 мг",
Диапаглиф,Дапаглифлозин,"таблетки, покрытые пленочной оболочкой","5 мг, 10 мг",
Флодапи®,Дапаглифлозин,"таблетки, покрытые пленочной оболочкой",10 мг,
Уноглиф®,Дапаглифлозин,"таблетки, покрытые пленочной оболочкой","5 мг, 10 мг",
Дапафорс®,Дапаглифлозин,"таблетки, покрытые пленочной оболочкой",10 мг,
Цефтазидим-Джодас,Цефтазидим,порошок для приготовления раствора для внутривенного и внутримышечного введения,1 г,
Протозидим,Цефтазидим,порошок для приготовления раствора для внутривенного и внутримышечного введения,"0.25 г, 0.5 г, 1 г, 2 г",
Цефтазидим,Цефтазидим,порошок для приготовления раствора для внутривенного и внутримышечного введения,"250 мг, 500 мг, 1000 мг, 2000 мг",
Цефтазидим,Цефтазидим,порошок для приготовления раствора для внутривенного и внутримышечного введения,"0.5 г, 1 г",
Цефтазидим,Цефтазидим,порошок для приготовления раствора для внутривенного и внутримышечного введения,"0.5 г, 1 г",
Цефтазидим-АКОС,Цефтазидим,порошок для приготовления раствора для внутривенного и внутримышечного введения,0.25 г,
Цефтазидим-АКОС,Цефтазидим,порошок для приготовления раствора для внутривенного и внутримышечного введения,"0.5 г, 1 г, 2 г",
Цефтазидим,Цефтазидим,порошок для приготовления раствора для внутривенного и внутримышечного введения,"1 г, 2 г",
Цефтазидим-Виал,Цефтазидим,порошок для приготовления раствора для внутривенного и внутримышечного введения,1 г,
Цефтазидим,Цефтазидим,порошок для приготовления раствора для внутривенного и внутримышечного введения,1 г,
Цефинвик,Цефтазидим,порошок для приготовления раствора для внутривенного и внутримышечного введения,"0.5 г, 1 г",
Орзид,Цефтазидим,порошок для приготовления раствора для внутривенного и внутримышечного введения,1 г,
Биносто,Алендроновая кислота,таблетки шипучие,70 мг,
Остерепар,Алендроновая кислота,таблетки,70 мг,
Алендрокерн,Алендроновая кислота,таблетки,70 мг,
Алендронат-ВЕРТЕКС,Алендроновая кислота,таблетки,"10 мг, 70 мг",
Алендронат,Алендроновая кислота,таблетки,70 мг,
Алендронат Канон,Алендроновая кислота,таблетки,70 мг,
Фороза®,Алендроновая кислота,"таблетки, покрытые пленочной оболочкой",70 мг,
Дальфра-Про,Далтепарин натрия,раствор для внутривенного и подкожного введения,"2500 анти-Ха МЕ/0.2 мл, 5000 анти-Ха МЕ/0.2 мл, 7500 анти-Ха МЕ/0.3 мл, 10000 анти-Ха МЕ/0.4 мл, 10000 анти-Ха МЕ/мл, 12500 МЕ (анти-Ха)/0.5 мл, 15000 МЕ (анти-Ха)/0.6 мл, 18000 МЕ (анти-Ха)/0.72 мл",
Алтумвен®,Далтепарин натрия,раствор для внутривенного и подкожного введения,"2000 анти-Ха МЕ/0.2 мл, 2500 анти-Ха МЕ/0.2 мл, 5000 анти-Ха МЕ/0.2 мл, 3000 анти-Ха МЕ/0.3 мл, 3750 анти-Ха МЕ/0.3 мл, 7500 анти-Ха МЕ/0.3 мл, 4000 анти-Ха МЕ/0.4 мл, 5000 анти-Ха МЕ/0.4 мл, 10000 анти-Ха МЕ/0.4 мл, 5000 анти-Ха МЕ/0.5 мл, 6250 анти-Ха МЕ/0.5 мл, 12500 анти-Ха МЕ/0.5 мл, 6000 анти-Ха МЕ/0.6 мл, 7500 анти-Ха МЕ/0.6 мл, 15000 анти-Ха МЕ/0.6 мл, 7000 анти-Ха МЕ/0.7 мл, 8750 анти-Ха МЕ/0.7 мл, 17500 анти-Ха МЕ/0.7 мл, 7200 анти-Ха МЕ/0.72 мл, 9000 анти-Ха МЕ/0.72 мл, 18000 анти-Ха МЕ/0.72 мл, 8000 анти-Ха МЕ/0.8 мл, 10000 анти-Ха МЕ/0.8 мл, 10000 анти-Ха МЕ/1.0 мл, 12500 анти-Ха МЕ/1.0 мл",
Дальтеп,Далтепарин натрия,раствор для внутривенного и подкожного введения,"2500 анти-Ха МЕ/0,2 мл, 5000 анти-Ха МЕ/0,2 мл",
ДАЛТЕПАРИН НАТРИЯ ВЕЛФАРМ,Далтепарин натрия,раствор для внутривенного и подкожного введения,"2500 анти-Ха МЕ/0,2 мл, 5000 анти-Ха МЕ/0,2 мл",
Далтепарин натрия,Далтепарин натрия,раствор для внутривенного и подкожного введения,"2500 анти-Ха МЕ/0,2 мл, 5000 анти-Ха МЕ/0,2 мл",
Элмапарин®,Надропарин кальция,раствор для инъекций,9500 анти-Ха МЕ/мл,
ТРОМБОФОРС®,Надропарин кальция,раствор для инъекций,9500 анти-Ха МЕ/мл,
Надропарин ПСК,Надропарин кальция,раствор для инъекций,9500 анти-Ха МЕ/мл,
НАДРОПАРИН КАЛЬЦИЯ,Надропарин кальция,раствор для инъекций,9500 анти-Ха МЕ/мл,
Надропарин кальция,Надропарин кальция,раствор для инъекций,9500 анти-Ха МЕ/мл,
Надропарин кальция,Надропарин кальция,раствор для инъекций,9500 анти-Ха МЕ/мл,
Детромбин®,Надропарин кальция,раствор для подкожного введения,9500 анти-Ха МЕ/мл,
НАДРОПАРИН КАЛЬЦИЯ ВЕЛФАРМ,Надропарин кальция,раствор для подкожного введения,9500 анти-Ха МЕ/мл,
Эмболизин,Надропарин кальция,раствор для подкожного введения,9500 анти-Ха МЕ/мл,
ТРОМБОФОРС ФОРТЕ,Надропарин кальция,раствор для подкожного введения,19000 анти-Xa МЕ/мл,
Клобазам,Клобазам,таблетки,10 мг,
Амфотерицин В,Амфотерицин B,лиофилизат для приготовления раствора для инфузий,50 мг,
Фурадонин,Нитрофурантоин,таблетки,50 мг,
Урофурагин,Фуразидин,таблетки,50 мг,
Урофурагин® 100,Фуразидин,таблетки,100 мг,
Фурагин Реневал,Фуразидин,"таблетки, покрытые пленочной оболочкой",50 мг,
Фурагин-Актифур,Фуразидин,капсулы,"25 мг, 50 мг",
ЭРИБУЛИН-ПРОМОМЕД,Эрибулин,раствор для внутривенного введения,0.5 мг/мл,
ЭРИБУЛИН,Эрибулин,раствор для внутривенного введения,0.5 мг/мл,
ЭРИБЛИУС®,Эрибулин,раствор для внутривенного введения,0.5 мг/мл,
Эрибулин,Эрибулин,раствор для внутривенного введения,0.5 мг/мл,
Эрибол,Эрибулин,раствор для внутривенного введения,0.5 мг/мл,
Эриксаленсе®,Эрибулин,раствор для внутривенного введения,0.5 мг/мл,
Эрибулин,Эрибулин,раствор для внутривенного введения,0.5 мг/мл,
Эрибулин Фармасинтез,Эрибулин,раствор для внутривенного введения,0.5 мг/мл,
Левобикс,Левобупивакаин,раствор для инъекций,"5 мг/мл, 7.5 мг/мл",
Вескомид,Ифосфамид,порошок для приготовления концентрата для приготовления раствора для инфузий,"0.2 г, 0.5 г, 1 г, 2 г",
Ифосфамид,Ифосфамид,порошок для приготовления раствора для инфузий,"0.2 г, 0.5 г, 1 г, 2 г",
РинЛиз® 200,Инсулин лизпро,раствор для подкожного введения,200 МЕ/мл,
Бужетон®,Инсулин лизпро,раствор для внутривенного и подкожного введения,100 МЕ/мл,
РинЛиз® Рапид,Инсулин лизпро,раствор для внутривенного и подкожного введения,"100 МЕ/мл, 200 МЕ/мл",
РинЛиз® Микс 50,Инсулин лизпро двухфазный,суспензия для подкожного введения,100 МЕ/мл,
Эксэмптия®,Адалимумаб,раствор для подкожного введения,40 мг/0.8 мл,
Адалимумаб®,Адалимумаб,раствор для подкожного введения,40 мг/0.8 мл,
Ринсулин Микс 30/70,Инсулин двухфазный [человеческий генно-инженерный],суспензия для подкожного введения,100 МЕ/мл,
РОСИНСУЛИН М микс 30/70 Медсинтез,Инсулин двухфазный [человеческий генно-инженерный],суспензия для подкожного введения,100 МЕ/мл,
Ринсулин НПХ,Инсулин-изофан [человеческий генно-инженерный],суспензия для подкожного введения,100 МЕ/мл,
Ринсулин НПХ,Инсулин-изофан [человеческий генно-инженерный],суспензия для подкожного введения,100 МЕ/мл,
РОСИНСУЛИН С Медсинтез,Инсулин-изофан [человеческий генно-инженерный],суспензия для подкожного введения,100 МЕ/мл,
Ринсулин Р,Инсулин растворимый [человеческий генно-инженерный],раствор для инъекций,100 МЕ/мл,
Ринсулин Р,Инсулин растворимый [человеческий генно-инженерный],раствор для инъекций,100 МЕ/мл,
Биосулин® Р,Инсулин растворимый [человеческий генно-инженерный],раствор для инъекций,100 МЕ/мл,
РОСИНСУЛИН Р Медсинтез,Инсулин растворимый [человеческий генно-инженерный],раствор для инъекций,100 МЕ/мл,
Дилакса,Целекоксиб,капсулы,"100 мг, 200 мг",
ЦЕЛЕКОКСИБ,Целекоксиб,капсулы,"100 мг, 200 мг",
Целекоксиб Органика,Целекоксиб,капсулы,"100 мг, 200 мг",
Целекоксиб-Виал,Целекоксиб,капсулы,"100 мг, 200 мг",
Целекоксиб,Целекоксиб,капсулы,"100 мг, 200 мг",
Цитиколин,Цитиколин,раствор для внутривенного и внутримышечного введения,"125 мг/мл, 250 мг/мл",
Флостад® СЛ,Цитиколин,раствор для внутривенного и внутримышечного введения,"125 мг/мл, 250 мг/мл",
Роноцит,Цитиколин,раствор для внутривенного и внутримышечного введения,1000 мг/4 мл,
Пронейро,Цитиколин,раствор для внутривенного и внутримышечного введения,"125 мг/мл, 250 мг/мл",
Рекогнан,Цитиколин,раствор для внутривенного и внутримышечного введения,"500 мг/4 мл, 1000 мг/4 мл",
Цитиколин,Цитиколин,раствор для внутривенного и внутримышечного введения,"125 мг/мл, 250 мг/мл",
Нейпилепт,Цитиколин,раствор для внутривенного и внутримышечного введения,"125 мг/мл, 250 мг/мл",
Нооактив Экспресс,Цитиколин,раствор для внутривенного и внутримышечного введения,"500 мг/4 мл, 1000 мг/4 мл",
Цитиколин Тривиум,Цитиколин,раствор для внутривенного и внутримышечного введения,"125 мг/мл, 250 мг/мл",
Цитиколин,Цитиколин,раствор для внутривенного и внутримышечного введения,"125 мг/мл, 250 мг/мл",
Цитиколин,Цитиколин,раствор для внутривенного и внутримышечного введения,"125 мг/мл, 250 мг/мл",
Цитиколин-ЭСКОМ,Цитиколин,раствор для внутривенного и внутримышечного введения,"125 мг/мл, 250 мг/мл",
Цитиколин,Цитиколин,раствор для внутривенного и внутримышечного введения,"125 мг/мл, 250 мг/мл",
ЦИТИКОЛИН АВЕКСИМА,Цитиколин,раствор для внутривенного и внутримышечного введения,"125 мг/мл, 250 мг/мл",
Цитиколин,Цитиколин,раствор для внутривенного и внутримышечного введения,"125 мг/мл, 250 мг/мл",
Пронейро,Цитиколин,раствор для приема внутрь,100 мг/мл,
Рекогнан,Цитиколин,раствор для приема внутрь,100 мг/мл,
Рекогнан,Цитиколин,раствор для приема внутрь,100 мг/мл,
Цитиколин,Цитиколин,раствор для приема внутрь,100 мг/мл,
Нооактив,Цитиколин,раствор для приема внутрь,100 мг/мл,
Цитиколин Медисорб,Цитиколин,раствор для приема внутрь,100 мг/мл,
Нейпилепт,Цитиколин,раствор для приема внутрь,100 мг/мл,
Цитиколин-ВЕРТЕКС,Цитиколин,раствор для приема внутрь,100 мг/мл,
Роноцит,Цитиколин,раствор для приема внутрь,100 мг/мл,
Цитиколин-ФП,Цитиколин,порошок для приготовления раствора для приема внутрь,"500 мг, 1000 мг",
"Теоксим, 99mTc",Технеция [99mTс] эксаметазим,лиофилизат для приготовления раствора для внутривенного введения,,
Цетрореликс,Цетрореликс,лиофилизат для приготовления раствора для подкожного введения,0.25 мг,
Репроцетар,Цетрореликс,лиофилизат для приготовления раствора для подкожного введения,0.25 мг,
Аспореликс,Цетрореликс,лиофилизат для приготовления раствора для подкожного введения,0.25 мг,
БЕМИПАРИН НАТРИЯ ВЕЛФАРМ,Бемипарин натрия,раствор для инъекций,3500 анти-Ха МЕ/0.2 мл,
Ганцикловир,Ганцикловир,лиофилизат для приготовления раствора для инфузий,500 мг,
ГАНЦИКЛОВИР,Ганцикловир,лиофилизат для приготовления раствора для инфузий,500 мг,
Селектра,Эсциталопрам,"таблетки, покрытые пленочной оболочкой","5 мг, 10 мг, 15 мг, 20 мг",
Эсциталопрам-АЛСИ,Эсциталопрам,"таблетки, покрытые пленочной оболочкой","5 мг, 10 мг, 20 мг","Пациенты с непереносимостью лактозы, дефицитом лактазы, глюкозо-галактозной мальабсорбцией"
Эсциталопрам Фармасинтез,Эсциталопрам,"таблетки, покрытые пленочной оболочкой","5 мг, 10 мг, 20 мг",
Мирацитол,Эсциталопрам,"таблетки, покрытые пленочной оболочкой","10 мг, 20 мг",
Эсциталопрам-СЗ,Эсциталопрам,"таблетки, покрытые пленочной оболочкой","10 мг, 20 мг","Пациенты с непереносимостью лактозы, дефицитом лактазы, глюкозо-галактозной мальабсорбцией"
Ленуксин®,Эсциталопрам,"таблетки, покрытые пленочной оболочкой",10 мг,"Пациенты с непереносимостью лактозы, дефицитом лактазы, глюкозо-галактозной мальабсорбцией"
Цивельт,Эсциталопрам,"таблетки, покрытые пленочной оболочкой","5 мг, 10 мг, 20 мг",
Эсциталопрам,Эсциталопрам,"таблетки, покрытые пленочной оболочкой","5 мг, 10 мг, 20 мг","Пациенты с непереносимостью лактозы, дефицитом лактазы, глюкозо-галактозной мальабсорбцией"
Эсциталопрам Канон,Эсциталопрам,"таблетки, покрытые пленочной оболочкой","5 мг, 10 мг, 20 мг",
Эсциталопрам Реневал,Эсциталопрам,"таблетки, покрытые пленочной оболочкой","5 мг, 10 мг, 20 мг",
Эсциталопрам,Эсциталопрам,"таблетки, покрытые пленочной оболочкой",10 мг,
Элицея®,Эсциталопрам,"таблетки, покрытые пленочной оболочкой","5 мг, 10 мг, 20 мг","Пациенты с непереносимостью лактозы, дефицитом лактазы, глюкозо-галактозной мальабсорбцией"
Элицея® Ку-таб®,Эсциталопрам,"таблетки, диспергируемые в полости рта","5 мг, 10 мг, 20 мг","Пациенты с непереносимостью лактозы, дефицитом лактазы, глюкозо-галактозной мальабсорбцией"
Циталопрам,Циталопрам,"таблетки, покрытые пленочной оболочкой","20 мг, 40 мг",
ЦИТОЛ,Циталопрам,"таблетки, покрытые пленочной оболочкой","20 мг, 40 мг",
Циталопрам-АЛСИ,Циталопрам,"таблетки, покрытые пленочной оболочкой","10 мг, 20 мг, 40 мг",
Ципрофлоксацин-Тева,Ципрофлоксацин,"таблетки, покрытые пленочной оболочкой","250 мг, 500 мг",
Ципринол,Ципрофлоксацин,"таблетки, покрытые пленочной оболочкой",750 мг,
Ципринол,Ципрофлоксацин,"таблетки, покрытые пленочной оболочкой","250 мг, 500 мг",
Ципрофлоксацин,Ципрофлоксацин,"таблетки, покрытые пленочной оболочкой","250 мг, 500 мг, 750 мг","Пациенты с непереносимостью лактозы, дефицитом лактазы, глюкозо-галактозной мальабсорбцией"
Ципрофлоксацин Реневал,Ципрофлоксацин,"таблетки, покрытые пленочной оболочкой","250 мг, 500 мг, 750 мг",
Ципрофлоксацин,Ципрофлоксацин,"таблетки, покрытые пленочной оболочкой",500 мг,
Ципрофлоксацин,Ципрофлоксацин,"таблетки, покрытые пленочной оболочкой",250 мг,
Ципрофлоксацин,Ципрофлоксацин,"таблетки, покрытые пленочной оболочкой","250 мг, 500 мг",
Ципрофлоксацин,Ципрофлоксацин,"таблетки, покрытые пленочной оболочкой","250 мг, 500 мг, 750 мг","Пациенты с непереносимостью лактозы, дефицитом лактазы, глюкозо-галактозной мальабсорбцией"
Цифран,Ципрофлоксацин,"таблетки, покрытые пленочной оболочкой","250 мг, 500 мг",
Ципрофлоксацин Экоцифол®,Ципрофлоксацин,"таблетки, покрытые пленочной оболочкой",250 мг,
Ципрофлоксацин Экоцифол®,Ципрофлоксацин,"таблетки, покрытые пленочной оболочкой",500 мг,
Цитарабин-ЛЭНС,Цитарабин,лиофилизат для приготовления раствора для инъекций,100 мг,
ЦИТАРАБИН-РУС,Цитарабин,раствор для инъекций,100 мг/мл,
Тахибен,Урапидил,раствор для внутривенного введения,5 мг/мл,
Урапидил,Урапидил,раствор для внутривенного введения,5 мг/мл,
Урапресин,Урапидил,раствор для внутривенного введения,5 мг/мл,
Урапидил Канон,Урапидил,раствор для внутривенного введения,5 мг/мл,
Эрастил солофарм,Урапидил,раствор для внутривенного введения,5 мг/мл,
Урапидил,Урапидил,раствор для внутривенного введения,5 мг/мл,
Урапидил Калцекс,Урапидил,раствор для внутривенного введения,5 мг/мл,
ВАРЕНИКЛИН,Варениклин,"таблетки, покрытые пленочной оболочкой","0.5 мг, 1 мг",
Лактинет®-Рихтер,Дезогестрел,"таблетки, покрытые пленочной оболочкой",0.075 мг,
Модэлль® Мам,Дезогестрел,"таблетки, покрытые пленочной оболочкой",75 мкг,
ДЕЗЕРИЯ®,Дезогестрел,"таблетки, покрытые пленочной оболочкой",75 мкг,
ПланиЖенс® лакто,Дезогестрел,"таблетки, покрытые пленочной оболочкой",75 мкг,"Пациенты с дефицитом сахаразы/изомальтазы, непереносимостью фруктозы, глюкозо-галактозной мальабсорбцией"
Клофарабин-Тева,Клофарабин,концентрат для приготовления раствора для инфузий,1 мг/мл,
Клофарабин,Клофарабин,концентрат для приготовления раствора для инфузий,1 мг/мл,
Сульпирид,Сульпирид,раствор для внутримышечного введения,50 мг/мл,
Сульпирид,Сульпирид,таблетки,"50 мг, 200 мг",
Просульпин®,Сульпирид,таблетки,"50 мг, 200 мг",
Бетамакс,Сульпирид,таблетки,"50 мг, 100 мг, 200 мг",
РИЛПИРИВО®,Рилпивирин,"таблетки, покрытые пленочной оболочкой",25 мг,
Рилпивирин,Рилпивирин,"таблетки, покрытые пленочной оболочкой",25 мг,
Эзетимиб,Эзетимиб,таблетки,10 мг,кроме применения по показанию «гомозиготная ситостеролемия (фитостеролемия)»
Эзетимиб Канон,Эзетимиб,таблетки,10 мг,кроме применения по показанию «гомозиготная ситостеролемия (фитостеролемия)»
Эзетимиб,Эзетимиб,таблетки,10 мг,
Липобон®,Эзетимиб,таблетки,10 мг,кроме применения по показанию «гомозиготная ситостеролемия (фитостеролемия)»
Эземирт,Эзетимиб,таблетки,10 мг,
Эзетимиб-Тева,Эзетимиб,таблетки,10 мг,
Континия®,Афлиберцепт,раствор для внутриглазного введения,40 мг/мл,
Микодерил,Нафтифин,спрей для наружного применения,0.01,
Эпидерил,Нафтифин,раствор для наружного применения,0.01,
Фунгомикол,Нафтифин,раствор для наружного применения,0.01,
Нафтифин Медисорб,Нафтифин,раствор для наружного применения,0.01,
Нафтифин,Нафтифин,раствор для наружного применения,0.01,
ЭРКАДЕРИЛ,Нафтифин,раствор для наружного применения,0.01,
НАФТИФИН,Нафтифин,раствор для наружного применения,0.01,
Нафтифин,Нафтифин,раствор для наружного применения,0.01,
Нафтифин,Нафтифин,раствор для наружного применения,0.01,
Экзостат,Нафтифин,раствор для наружного применения,0.01,
Микодерил,Нафтифин,раствор для наружного применения,0.01,
Стопфунгил®,Нафтифин,раствор для наружного применения,10 мг/мл,
Нафтифин,Нафтифин,раствор для наружного применения,0.01,
НАФТИФИН,Нафтифин,раствор для наружного применения,0.01,
Нафтифин-АВВА,Нафтифин,раствор для наружного применения,0.01,
Мизол Эвалар,Нафтифин,раствор для наружного применения,0.01,
НАФТИФИН,Нафтифин,раствор для наружного применения,0.01,
Экзонафтин®,Нафтифин,раствор для наружного применения,0.01,
НАФТИФИН,Нафтифин,раствор для наружного применения,0.01,
Экзохелп,Нафтифин,раствор для наружного применения,0.01,
Нафтодерил,Нафтифин,раствор для наружного применения,0.01,
Фунгодерил,Нафтифин,раствор для наружного применения,0.01,
Нафтифин-Тева,Нафтифин,раствор для наружного применения,0.01,
ЭКЗОНОРМ,Нафтифин,раствор для наружного применения,0.01,
Нафтифин,Нафтифин,раствор для наружного применения,0.01,
Нафтифорт,Нафтифин,раствор для наружного применения,0.01,
Нафтифин,Нафтифин,раствор для наружного применения,10 мг/мл,
Форседено® Онко,Деносумаб,раствор для подкожного введения,120 мг,
Ривастигмин Канон,Ривастигмин,капсулы,"1.5 мг, 3 мг",
Ривастигмин-ЭТ,Ривастигмин,пластырь трансдермальный,"4.6 мг/24 ч, 9.5 мг/24 ч, 13.3 мг/24 ч",
Оксалиплатин-Деко,Оксалиплатин,лиофилизат для приготовления концентрата для приготовления раствора для инфузий,"50 мг, 100 мг, 150 мг, 200 мг",
Оксалиплатин-АМЕДАРТ,Оксалиплатин,лиофилизат для приготовления концентрата для приготовления раствора для инфузий,"50 мг, 100 мг, 150 мг, 200 мг",
ПЛАТИКАД®,Оксалиплатин,лиофилизат для приготовления концентрата для приготовления раствора для инфузий,"50 мг, 100 мг",
Оксалиплатин,Оксалиплатин,лиофилизат для приготовления концентрата для приготовления раствора для инфузий,"50 мг, 100 мг",
ОКСАЛИПЛАТИН-ПРОМОМЕД,Оксалиплатин,лиофилизат для приготовления концентрата для приготовления раствора для инфузий,"50 мг, 100 мг, 150 мг, 200 мг",
Оксалиплатин медак,Оксалиплатин,лиофилизат для приготовления раствора для инфузий,"50 мг, 100 мг, 150 мг",
Экзорум,Оксалиплатин,лиофилизат для приготовления раствора для инфузий,150 мг,
Экзорум,Оксалиплатин,лиофилизат для приготовления раствора для инфузий,"50 мг, 100 мг",
Плаксат,Оксалиплатин,лиофилизат для приготовления раствора для инфузий,"50 мг, 100 мг",
Окситан,Оксалиплатин,концентрат для приготовления раствора для инфузий,5 мг/мл,
Оксалиплатин Эбеве,Оксалиплатин,концентрат для приготовления раствора для инфузий,5 мг/мл,
Оксалиплатин медак®,Оксалиплатин,концентрат для приготовления раствора для инфузий,5 мг/мл,
ОКСАЛИПЛАТИН-ПРОМОМЕД,Оксалиплатин,концентрат для приготовления раствора для инфузий,"2 мг/мл, 5 мг/мл",
Оксалиплатин-РОНЦ,Оксалиплатин,концентрат для приготовления раствора для инфузий,5 мг/мл,
Апрепитант,Апрепитант,набор капсул,80 мг и 125 мг,
Апрепитант-29Ф,Апрепитант,набор капсул,80 мг и 125 мг,
АПРЕПИТАНТ,Апрепитант,набор капсул,80 мг и 125 мг,
Апрепитант ПСК,Апрепитант,набор капсул,80 мг и 125 мг,
Фосапрепитант ПСК,Фосапрепитант,лиофилизат для приготовления раствора для инфузий,150 мг,
Фосапрепитант,Фосапрепитант,лиофилизат для приготовления раствора для инфузий,150 мг,
Фосапрепитант-Тева,Фосапрепитант,лиофилизат для приготовления концентрата для приготовления раствора для инфузий,150 мг,
Фосапрепитант-ЭТ,Фосапрепитант,лиофилизат для приготовления концентрата для приготовления раствора для инфузий,150 мг,
Фосапрепитант ТРИВИУМ®,Фосапрепитант,лиофилизат для приготовления концентрата для приготовления раствора для инфузий,150 мг,
Фосапрепитант,Фосапрепитант,лиофилизат для приготовления концентрата для приготовления раствора для инфузий,150 мг,
Фосапрепитант,Фосапрепитант,лиофилизат для приготовления концентрата для приготовления раствора для инфузий,150 мг,
ФОСАПРЕПИТАНТ,Фосапрепитант,лиофилизат для приготовления концентрата для приготовления раствора для инфузий,150 мг,
Ривия,Этанерцепт,раствор для подкожного введения,"25 мг/мл, 50 мг/мл",
Эрелзи®,Этанерцепт,раствор для подкожного введения,50 мг/мл,
Циклофосфан-ЛЭНС® быстрорастворимый,Циклофосфамид,лиофилизат для приготовления раствора для внутривенного введения,200 мг,
Циклофосфамид,Циклофосфамид,лиофилизат для приготовления раствора для внутривенного введения,200 мг,
Циклофоцил,Циклофосфамид,порошок для приготовления раствора для внутривенного введения,"200 мг, 500 мг, 1000 мг",
Циклофосфан,Циклофосфамид,порошок для приготовления раствора для внутривенного и внутримышечного введения,200 мг,
Циклофосфан,Циклофосфамид,порошок для приготовления раствора для внутривенного и внутримышечного введения,200 мг,
Стимплейт,Ромиплостим,лиофилизат для приготовления раствора для подкожного введения,"250 мкг, 500 мкг",
Ромиплостим-ГЕРОФАРМ,Ромиплостим,лиофилизат для приготовления раствора для подкожного введения,"250 мкг, 500 мкг",
Энтероактин,Полиметилсилоксана полигидрат,паста для приема внутрь,,
ЛАМИВУДИН,Ламивудин,"таблетки, покрытые пленочной оболочкой","100 мг, 150 мг, 300 мг",
Ламивудин,Ламивудин,"таблетки, покрытые пленочной оболочкой",150 мг,"Пациенты с непереносимостью лактозы, дефицитом лактазы, глюкозо-галактозной мальабсорбцией"
Гептавир-150,Ламивудин,"таблетки, покрытые пленочной оболочкой",150 мг,
Ламивудин,Ламивудин,"таблетки, покрытые пленочной оболочкой",150 мг,
Ламивудин-Виал,Ламивудин,"таблетки, покрытые пленочной оболочкой",150 мг,
Ламивудин Канон,Ламивудин,"таблетки, покрытые пленочной оболочкой",150 мг,
Ламивудин Канон,Ламивудин,"таблетки, покрытые пленочной оболочкой",300 мг,
Амивирен®,Ламивудин,раствор для приема внутрь,10 мг/мл,
Ламивудин,Ламивудин,раствор для приема внутрь,10 мг/мл,
Ламивудин,Ламивудин,раствор для приема внутрь,10 мг/мл,
Ламивудин,Ламивудин,раствор для приема внутрь,10 мг/мл,
Ламивудин,Ламивудин,раствор для приема внутрь,10 мг/мл,
Эральфон®,Эпоэтин альфа,раствор для внутривенного и подкожного введения,"1000 МЕ, 2000 МЕ, 2500 МЕ, 4000 МЕ, 6000 МЕ, 8000 МЕ, 10000 МЕ",
Эральфон®,Эпоэтин альфа,раствор для внутривенного и подкожного введения,"3000 МЕ, 5000 МЕ, 20000 МЕ",
Эральфон®,Эпоэтин альфа,раствор для внутривенного и подкожного введения,"12000 МЕ, 40000 МЕ",
Эральфон®,Эпоэтин альфа,раствор для внутривенного и подкожного введения,"30000 МЕ/0.75мл, 36000 МЕ/0.9 мл",
Бинокрит®,Эпоэтин альфа,раствор для внутривенного и подкожного введения,"2000 МЕ/мл, 1000 МЕ/0.5 мл, 3000 МЕ/0.3 мл, 4000 МЕ/0.4 мл, 5000 МЕ/0.5 мл, 6000 МЕ/0.6 мл, 8000 МЕ/0.8 мл, 20000 МЕ/0.5мл, 30000 МЕ/0.75мл, 40000 МЕ/мл, 10000 МЕ/мл",
Анидулафунгин-И,Анидулафунгин,лиофилизат для приготовления концентрата для приготовления раствора для инфузий,100 мг,
Анидулафунгин,Анидулафунгин,лиофилизат для приготовления концентрата для приготовления раствора для инфузий,100 мг,
Анидулафунгин,Анидулафунгин,лиофилизат для приготовления концентрата для приготовления раствора для инфузий,100 мг,
Анидулафунгин ПСК,Анидулафунгин,лиофилизат для приготовления концентрата для приготовления раствора для инфузий,100 мг,
Иловерум,Анидулафунгин,лиофилизат для приготовления концентрата для приготовления раствора для инфузий,100 мг,
Анидулафунгин-АЛВИЛС,Анидулафунгин,лиофилизат для приготовления концентрата для приготовления раствора для инфузий,100 мг,
Анидулафунгин-АМЕДАРТ,Анидулафунгин,лиофилизат для приготовления концентрата для приготовления раствора для инфузий,100 мг,
Анидулафунгин,Анидулафунгин,лиофилизат для приготовления концентрата для приготовления раствора для инфузий,100 мг,
Анидулафунгин-Тева,Анидулафунгин,лиофилизат для приготовления концентрата для приготовления раствора для инфузий,100 мг,
Анидулафунгин,Анидулафунгин,лиофилизат для приготовления концентрата для приготовления раствора для инфузий,100 мг,
ВИСМОДЕГИБ-ПРОМОМЕД,Висмодегиб,капсулы,150 мг,
Апалутамид-Промомед,Апалутамид,"таблетки, покрытые пленочной оболочкой",60 мг,
Апалутамид-АМЕДАРТ,Апалутамид,"таблетки, покрытые пленочной оболочкой",60 мг,
Эльмуцин,Эрдостеин,капсулы,300 мг,
Дезал,Дезлоратадин,раствор для приема внутрь,0.5 мг/мл,
Дезлоратадин ВП,Дезлоратадин,раствор для приема внутрь,0.5 мг/мл,
Лорказид®,Дезлоратадин,сироп,0.5 мг/мл,
Дезлоратадин,Дезлоратадин,сироп,0.5 мг/мл,
Лордестин,Дезлоратадин,"таблетки, покрытые пленочной оболочкой",5 мг,
Дезлоратадин-ВЕРТЕКС,Дезлоратадин,"таблетки, покрытые пленочной оболочкой",5 мг,
ДЕЗЛОРАТАДИН,Дезлоратадин,"таблетки, покрытые пленочной оболочкой",5 мг,
Дезлоратадин,Дезлоратадин,"таблетки, покрытые пленочной оболочкой",5 мг,
Дезлоратадин-АКОС,Дезлоратадин,"таблетки, покрытые пленочной оболочкой",5 мг,
Фрицел,Дезлоратадин,"таблетки, покрытые пленочной оболочкой",5 мг,
Дезлоратадин,Дезлоратадин,"таблетки, покрытые пленочной оболочкой",5 мг,
Дезал,Дезлоратадин,"таблетки, покрытые пленочной оболочкой",5 мг,
Эзлор,Дезлоратадин,"таблетки, покрытые пленочной оболочкой",5 мг,
Дезлоратадин Реневал,Дезлоратадин,"таблетки, покрытые пленочной оболочкой",5 мг,
Лазамирт®,Дезлоратадин,"таблетки, покрытые пленочной оболочкой",5 мг,
Айвест® Канон,Дезлоратадин,"таблетки, покрытые пленочной оболочкой",5 мг,
Дезлоратадин-СЗ,Дезлоратадин,"таблетки, покрытые пленочной оболочкой",5 мг,
НАЛОРИУС®,Дезлоратадин,"таблетки, покрытые пленочной оболочкой",5 мг,
Блогир-3,Дезлоратадин,таблетки диспергируемые в полости рта,5 мг,Пациенты с фенилкетонурией
Стопдиар,Нифуроксазид,"таблетки, покрытые пленочной оболочкой",100 мг,
Адисорд,Нифуроксазид,капсулы,"100 мг, 200 мг",
Экофурил,Нифуроксазид,капсулы,"100 мг, 200 мг",
Стопдиар,Нифуроксазид,капсулы,200 мг,
Эндифурил,Нифуроксазид,капсулы,200 мг,
Давларт,Нифуроксазид,капсулы,200 мг,
Нифуроксазид,Нифуроксазид,капсулы,"100 мг, 200 мг",
Диафурил,Нифуроксазид,капсулы,"100 мг, 200 мг",
Стопдиар,Нифуроксазид,суспензия для приема внутрь,220 мг/5 мл,
ПИРФАСПЕК®,Пирфенидон,капсулы,267 мг,
Пирфенидон МИРФАРМ,Пирфенидон,капсулы,267 мг,
ПИРФЕНИДОН-ХИМРАР,Пирфенидон,"таблетки, покрытые пленочной оболочкой","267 мг, 801 мг",
Пирфенидон ПСК,Пирфенидон,"таблетки, покрытые пленочной оболочкой","267 мг, 801 мг",
МОДЭЛЛЬ® 911,Левоноргестрел,таблетки,1.5 мг,
РОКУРОНИЯ БРОМИД,Рокурония бромид,раствор для внутривенного введения,10 мг/мл,
Рокуроний-Бинергия,Рокурония бромид,раствор для внутривенного введения,10 мг/мл,
Рокуроний Каби,Рокурония бромид,раствор для внутривенного введения,10 мг/мл,
Рокурония бромид Велфарм,Рокурония бромид,раствор для внутривенного введения,10 мг/мл,
Меркуронт,Рокурония бромид,раствор для внутривенного введения,10 мг/мл,
Рокуроний,Рокурония бромид,раствор для внутривенного введения,10 мг/мл,
Круарон,Рокурония бромид,раствор для внутривенного введения,10 мг/мл,
Этацунорм,Диэтиламинопропионилэтоксикарбониламинофенотиазин,"таблетки, покрытые оболочкой",50 мг,
Тофара®,Тофацитиниб,"таблетки, покрытые пленочной оболочкой","5 мг, 10 мг",
Тофацитиниб Фармасинтез,Тофацитиниб,"таблетки, покрытые пленочной оболочкой","5 мг, 10 мг","Пациенты с дефицитом сахаразы/изомальтазы, непереносимостью фруктозы"
Тофацитиниб Дж,Тофацитиниб,"таблетки, покрытые пленочной оболочкой","5 мг, 10 мг",
КСЕЛТИЦИН,Тофацитиниб,"таблетки, покрытые пленочной оболочкой","5 мг, 10 мг",
ТОФАЦИТИНИБ-ХИМРАР,Тофацитиниб,"таблетки, покрытые пленочной оболочкой","5 мг, 10 мг",
ТОФАЦИТИНИБ,Тофацитиниб,"таблетки, покрытые пленочной оболочкой","5 мг, 10 мг",
Ацинатиб®,Тофацитиниб,"таблетки, покрытые пленочной оболочкой","5 мг, 10 мг",
Тофацитиниб Кроно,Тофацитиниб,"таблетки, покрытые пленочной оболочкой","5 мг, 10 мг",
Тофацитиниб,Тофацитиниб,"таблетки, покрытые пленочной оболочкой","5 мг, 10 мг",
Сиглетик,Ситаглиптин,"таблетки, покрытые пленочной оболочкой","25 мг, 50 мг, 100 мг",
Ситаглиптин Гриндекс,Ситаглиптин,"таблетки, покрытые пленочной оболочкой","25 мг, 50 мг, 100 мг",
Ситаглиптин-Акрихин,Ситаглиптин,"таблетки, покрытые пленочной оболочкой","25 мг, 50 мг, 100 мг",
СелгиМоно® ПРО,Ситаглиптин,"таблетки, покрытые пленочной оболочкой","25 мг, 50 мг, 100 мг",
Ситаглиптин,Ситаглиптин,"таблетки, покрытые пленочной оболочкой","25 мг, 50 мг, 100 мг",
Ситаглиптин Медисорб,Ситаглиптин,"таблетки, покрытые пленочной оболочкой","25 мг, 50 мг, 100 мг",
Ситаглиптин Канон,Ситаглиптин,"таблетки, покрытые пленочной оболочкой","25 мг, 50 мг, 100 мг",
СИТАГЛИКС®,Ситаглиптин,"таблетки, покрытые пленочной оболочкой","25 мг, 50 мг, 100 мг",
Ситаглиптин ПСК,Ситаглиптин,"таблетки, покрытые пленочной оболочкой","25 мг, 50 мг, 100 мг",
СИТАГЛИПТИН,Ситаглиптин,"таблетки, покрытые пленочной оболочкой","25 мг, 50 мг, 100 мг",
Ситаглиптин,Ситаглиптин,"таблетки, покрытые пленочной оболочкой","25 мг, 50 мг, 100 мг",
Асиглия,Ситаглиптин,"таблетки, покрытые пленочной оболочкой","25 мг, 50 мг, 100 мг",
Абакавир,Абакавир,"таблетки, покрытые пленочной оболочкой",600 мг,
Абакавир,Абакавир,"таблетки, покрытые пленочной оболочкой",300 мг,
Абакавир,Абакавир,"таблетки, покрытые пленочной оболочкой","150 мг, 300 мг, 600 мг",
Абакавир,Абакавир,раствор для приема внутрь,20 мг/мл,
Трактен-Н,Тенофовир и Эмтрицитабин и Эфавиренз,"набор таблеток, покрытых пленочной оболочкой",300 мг и 200 мг и 600 мг,
Абакавир+Зидовудин+Ламивудин,Абакавир+Зидовудин+Ламивудин,"таблетки, покрытые пленочной оболочкой",300 мг+300 мг+150 мг,
Абакавир+Ламивудин,Абакавир+Ламивудин,"таблетки, покрытые пленочной оболочкой",600 мг+300 мг,
Алагет,Абакавир+Ламивудин,"таблетки, покрытые пленочной оболочкой",600 мг+300 мг,
Абитера,Абиратерон,таблетки,250 мг,
АБИРАТЕРОН САН,Абиратерон,таблетки,250 мг,
Абират®,Абиратерон,таблетки,250 мг,
Абиратерон-ТЛ,Абиратерон,таблетки,250 мг,
Абиратерон АФ,Абиратерон,таблетки,250 мг,
Тесинвис®,Абиратерон,"таблетки, покрытые пленочной оболочкой",250 мг,
Абиратерон,Абиратерон,"таблетки, покрытые пленочной оболочкой",250 мг,
Далибра®,Адалимумаб,раствор для подкожного введения,40 мг/0.8 мл,
Азитромицин,Азитромицин,"таблетки, покрытые пленочной оболочкой","125 мг, 250 мг, 500 мг",
АЗИТРОМИЦИН АВЕКСИМА,Азитромицин,"таблетки, покрытые пленочной оболочкой","125 мг, 250 мг, 500 мг",
Азитромицин,Азитромицин,капсулы,500 мг,
Азитромицин,Азитромицин,лиофилизат для приготовления концентрата для приготовления раствора для инфузий,500 мг,
Аллопуринол,Аллопуринол,таблетки,"100 мг, 300 мг",
Ревелиза®,Алтеплаза,лиофилизат для приготовления раствора для инфузий,50 мг,
Амброксол,Амброксол,сироп,30 мг/5 мл,
Амброксол,Амброксол,сироп,15 мг/5 мл,
ОРВИС® Бронхо Амброксол,Амброксол,раствор для приема внутрь и ингаляций,7.5 мг/мл,
Звездочка Бронхо,Амброксол,раствор для приема внутрь,"15 мг/5 мл, 30 мг/5 мл",
Амброксол Реневал,Амброксол,раствор для приема внутрь и ингаляций,7.5 мг/мл,
Бераксол-СОЛОфарм,Амброксол,раствор для приема внутрь и ингаляций,7.5 мг/мл,
Амброксол-Акрихин,Амброксол,таблетки,30 мг,
Амброксол,Амброксол,раствор для приема внутрь и ингаляций,7.5 мг/мл,
Амброксол-ВЕРТЕКС,Амброксол,раствор для приема внутрь и ингаляций,7.5 мг/мл,
Амброксол,Амброксол,раствор для приема внутрь и ингаляций,7.5 мг/мл,
Амброксол,Амброксол,раствор для приема внутрь,15 мг/5 мл,
Актипол®-М,Аминобензойная кислота,капли глазные,0.007%,
Натрия пара-аминосалицилат,Аминосалициловая кислота,"таблетки кишечнорастворимые, покрытые пленочной оболочкой","200 мг, 500 мг",
Фенибут,Аминофенилмасляная кислота,таблетки,250 мг,
Фенибут,Аминофенилмасляная кислота,таблетки,250 мг,
Фенибут-Акрихин,Аминофенилмасляная кислота,таблетки,250 мг,
Валз Комби,Амлодипин+Валсартан,"таблетки, покрытые пленочной оболочкой","5 мг+80 мг, 5 мг+160 мг, 10 мг+160 мг",
Ко-Вамлосет,Амлодипин+Валсартан+Гидрохлоротиазид,"таблетки, покрытые пленочной оболочкой","5 мг+160 мг+12.5 мг, 10 мг+160 мг+12.5 мг, 10 мг+160 мг+25 мг",
Амлодипин+Периндоприл-СЗ,Амлодипин+Периндоприл,таблетки,"10 мг+4 мг, 10 мг+8 мг, 5 мг+4 мг, 5 мг+8 мг",
Телзап® АМ,Амлодипин+Телмисартан,таблетки,"5 мг+80 мг, 10 мг+40 мг, 10 мг+80 мг, 5 мг+40 мг",
Амоксициллин ЭКСПРЕСС,Амоксициллин,таблетки диспергируемые,"125 мг, 250 мг, 500 мг, 1000 мг",
Амоксициллин + Клавулановая кислота ЭКСПРЕСС,Амоксициллин+Клавулановая кислота,таблетки диспергируемые,"125 мг+31.25 мг, 250 мг+62.5 мг, 500 мг+125 мг, 875 мг+125 мг",
Анагрелид,Анагрелид,капсулы,0.5 мг,
Анастрозол,Анастрозол,"таблетки, покрытые пленочной оболочкой",1 мг,
АТАЗАНАВИР-НАНОЛЕК®,Атазанавир,капсулы,"150 мг, 200 мг",
Атазанавир Канон,Атазанавир,капсулы,"150 мг, 200 мг, 300 мг",
Атазанавир,Атазанавир,капсулы,"150 мг, 200 мг, 300 мг",
Атазанавир-ТЛ,Атазанавир,капсулы,"150 мг, 200 мг, 300 мг",
Атазанавир,Атазанавир,капсулы,"150 мг, 200 мг, 300 мг",
Аторвастатин,Аторвастатин,"таблетки, покрытые пленочной оболочкой","10 мг, 20 мг, 40 мг, 80 мг",
АТОРВАСТАТИН,Аторвастатин,"таблетки, покрытые пленочной оболочкой","10 мг, 20 мг, 40 мг",
Тромбитал,Ацетилсалициловая кислота+[Магния гидроксид],"таблетки, покрытые пленочной оболочкой",75 мг+15.2 мг,
Тромбитал Форте,Ацетилсалициловая кислота+[Магния гидроксид],"таблетки, покрытые пленочной оболочкой",150 мг+30.39 мг,
Фазостабил,Ацетилсалициловая кислота+[Магния гидроксид],"таблетки, покрытые пленочной оболочкой","150 мг+30.39 мг, 75 мг+15.2 мг",
Клопидогрел/АСК-Тева,Ацетилсалициловая кислота+Клопидогрел,таблетки,100 мг+75 мг,
РОЗУСТИН®,Бендамустин,лиофилизат для приготовления концентрата для приготовления раствора для инфузий,"25 мг, 100 мг",
Ковада®,Бендамустин,лиофилизат для приготовления концентрата для приготовления раствора для инфузий,"25 мг, 100 мг",
Бивалирудин Дж,Бивалирудин,лиофилизат для приготовления концентрата для приготовления раствора для внутривенного введения,250 мг,
Бикалутамид,Бикалутамид,"таблетки, покрытые пленочной оболочкой","50 мг, 150 мг",
Бимикомби Антиглау ЭКО,Биматопрост+Тимолол,капли глазные,0.3 мг/мл+5 мг/мл,
БИМОПТИК ПЛЮС,Биматопрост+Тимолол,капли глазные,0.3 мг/мл+5 мг/мл,
Тизоптан®,Биматопрост+Тимолол,капли глазные,0.3 мг/мл+5 мг/мл,
Бозентан,Бозентан,"таблетки, покрытые пленочной оболочкой","125 мг, 62.5 мг",
Бозентан Канон,Бозентан,"таблетки, покрытые пленочной оболочкой","125 мг, 62.5 мг",
Вазенекс,Бозентан,"таблетки, покрытые пленочной оболочкой","125 мг, 62.5 мг",
Милатиб,Бортезомиб,лиофилизат для приготовления раствора для внутривенного и подкожного введения,"3 мг, 3.5 мг",
Бортезол,Бортезомиб,лиофилизат для приготовления раствора для внутривенного и подкожного введения,3.5 мг,
Велмиб®3.5,Бортезомиб,лиофилизат для приготовления раствора для внутривенного и подкожного введения,3.5 мг,
Миотокс®,Ботулинический токсин типа A-гемагглютинин комплекс,раствор для внутримышечного введения,100 ЕД,
Брим Антиглау ЭКО,Бримонидин,капли глазные,2 мг/мл,
Бринекс®-М,Бринзоламид,капли глазные,0.01,
Лабриз,Бринзоламид,капли глазные,0.01,
Бромгексин,Бромгексин,капли для приема внутрь,8 мг/мл,
БРОГСАРИЛ,Бромгексин+Гвайфенезин+Сальбутамол,сироп,~,
Респифорб® Комби,Будесонид и Формотерол,набор капсул с порошком для ингаляций,"200 мкг/доза и 12 мкг/доза, 400 мкг/доза и 12 мкг/доза",
Туссикод,Бутамират,раствор для приема внутрь,1.5 мг/мл,
Фармакод,Бутамират,сироп,1.5 мг/мл,
Омнитус®,Бутамират,капли для приема внутрь,5 мг/мл,
Валацикловир Канон,Валацикловир,"таблетки, покрытые пленочной оболочкой",1000 мг,
ВАЛГАНОЛЕК®,Валганцикловир,"таблетки, покрытые пленочной оболочкой",450 мг,
Валганцикловир,Валганцикловир,"таблетки, покрытые пленочной оболочкой",450 мг,
Валганцикловир,Валганцикловир,"таблетки, покрытые пленочной оболочкой",450 мг,
Валганцикловир,Валганцикловир,"таблетки, покрытые пленочной оболочкой",450 мг,
Валганцикловир,Валганцикловир,"таблетки, покрытые пленочной оболочкой",450 мг,
Валговир® 450,Валганцикловир,"таблетки, покрытые пленочной оболочкой",450 мг,
Валганцикловир Канон,Валганцикловир,"таблетки, покрытые пленочной оболочкой",450 мг,
Валсартан-СЗ,Валсартан,"таблетки, покрытые пленочной оболочкой","40 мг, 80 мг, 160 мг",
Валраксет,Валсартан+Розувастатин,"таблетки, покрытые пленочной оболочкой","80 мг+10 мг, 160 мг+20 мг, 80 мг+20 мг, 160 мг+10 мг",
Вальпроевая кислота,Вальпроевая кислота,"таблетки с пролонгированным высвобождением, покрытые пленочной оболочкой","300 мг, 500 мг",
Варденафил-Акрихин,Варденафил,"таблетки, покрытые пленочной оболочкой","10 мг, 20 мг, 5 мг",
Вилдаглиптин Медисорб,Вилдаглиптин,таблетки,50 мг,
Винпоцетин Форте-АКОС,Винпоцетин,таблетки,10 мг,
Винпоцетин Экспресс,Винпоцетин,"таблетки, диспергируемые в полости рта",10 мг,
Бифлурин,Вориконазол,лиофилизат для приготовления концентрата для приготовления раствора для инфузий,200 мг,
Вориконазол,Вориконазол,лиофилизат для приготовления концентрата для приготовления раствора для инфузий,200 мг,
Вориконазол,Вориконазол,"таблетки, покрытые пленочной оболочкой","50 мг, 200 мг",
Вориконазол,Вориконазол,лиофилизат для приготовления концентрата для приготовления раствора для инфузий,200 мг,
Вориконазол Канон,Вориконазол,лиофилизат для приготовления концентрата для приготовления раствора для инфузий,200 мг,
Галантамин Канон,Галантамин,капсулы с пролонгированным высвобождением,"8 мг, 16 мг, 24 мг",
Фемисс Гинеста Мини,Гестоден+Этинилэстрадиол,"таблетки, покрытые оболочкой",75 мкг+20 мкг,
Гефитиниб Канон,Гефитиниб,"таблетки, покрытые пленочной оболочкой",250 мг,
Гефитиниб-ТЛ,Гефитиниб,"таблетки, покрытые пленочной оболочкой",250 мг,
Гефиба® онко,Гефитиниб,"таблетки, покрытые пленочной оболочкой",250 мг,
Гефитиниб-натив,Гефитиниб,"таблетки, покрытые пленочной оболочкой",250 мг,
ЛАНГОТЕР®,Гефитиниб,"таблетки, покрытые пленочной оболочкой",250 мг,
Гидроксизин-натив,Гидроксизин,"таблетки, покрытые пленочной оболочкой",25 мг,
Гидроксикарбамид-натив,Гидроксикарбамид,капсулы,500 мг,
ИОНОХЕС,Гидроксиэтилкрахмал+[натрия хлорид+калия хлорид+кальция хлорид+магния хлорид+натрия ацетат+яблочная кислота],раствор для инфузий,"10 %, 6 %",
Гидрохлоротиазид + Лозартан,Гидрохлоротиазид+Лозартан,"таблетки, покрытые пленочной оболочкой","12.5 мг+50 мг, 25 мг+100 мг",
Телмиста® Н,Гидрохлоротиазид+Телмисартан,таблетки,"12.5 мг+40 мг, 12.5 мг+80 мг, 25 мг+80 мг",
Телпрес Плюс,Гидрохлоротиазид+Телмисартан,таблетки,"12.5 мг+40 мг, 12.5 мг+80 мг, 25 мг+80 мг",
МИКАФОР,Гидрохлоротиазид+Телмисартан,таблетки,"12.5 мг+40 мг, 12.5 мг+80 мг, 25 мг+80 мг",
Телмисартан-Н ШТАДА,Гидрохлоротиазид+Телмисартан,таблетки,"12.5 мг+40 мг, 12.5 мг+80 мг",
Гимекромон-СЗ,Гимекромон,таблетки,200 мг,
Тимексон®,Глатирамера ацетат,раствор для подкожного введения,20 мг/мл,
Тимексон®,Глатирамера ацетат,раствор для подкожного введения,40 мг/мл,
Статиглин,Глибенкламид,таблетки,"1.75 мг, 3.5 мг, 5 мг",
Метглиб® Форс,Глибенкламид+Метформин,"таблетки, покрытые пленочной оболочкой","2.5 мг+500 мг, 5 мг+500 мг",
Глибенфаж,Глибенкламид+Метформин,"таблетки, покрытые пленочной оболочкой","2.5 мг+500 мг, 5 мг+500 мг",
Юглин,Гликвидон,таблетки,30 мг,
Гликлазид-СЗ,Гликлазид,таблетки с пролонгированным высвобождением,60 мг,
Гликлазид МВ - ВЕРТЕКС,Гликлазид,таблетки с пролонгированным высвобождением,"30 мг, 60 мг",
Гликлазид МВ Фармстандарт,Гликлазид,таблетки с пролонгированным высвобождением,"30 мг, 60 мг",
Глимепирид,Глимепирид,таблетки,"2 мг, 3 мг, 4 мг",
Инстолит,Глимепирид,таблетки,"1 мг, 2 мг, 3 мг, 4 мг",
Глидика® М,Глимепирид+Метформин,"таблетки, покрытые пленочной оболочкой","1 мг+250 мг, 2 мг+500 мг",
Гозерелин-лонг,Гозерелин,имплантат,3.6 мг,
Гопантеновая кислота-ЛекТ,Гопантеновая кислота,таблетки,250 мг,
Гопантомид®,Гопантеновая кислота,раствор для приема внутрь,100 мг/мл,
Пантокальцин®,Гопантеновая кислота,раствор для приема внутрь,150 мг/мл,
Дазатиниб,Дазатиниб,"таблетки, покрытые пленочной оболочкой","20 мг, 50 мг, 70 мг, 80 мг, 100 мг, 140 мг",
Дапоксетин-СЗ,Дапоксетин,"таблетки, покрытые пленочной оболочкой","30 мг, 60 мг",
Дарбэстим®,Дарбэпоэтин альфа,раствор для инъекций,"25 мкг/мл, 40 мкг/мл, 100 мкг/мл, 200 мкг/мл, 500 мкг/мл",
Дарунавир Канон,Дарунавир,"таблетки, покрытые пленочной оболочкой","75 мг, 150 мг, 400 мг, 600 мг, 800 мг",
Дарунавир,Дарунавир,"таблетки, покрытые пленочной оболочкой","150 мг, 400 мг, 600 мг, 800 мг",
Дарунавир,Дарунавир,"таблетки, покрытые пленочной оболочкой","300 мг, 400 мг, 600 мг, 800 мг",
Дарунавир,Дарунавир,"таблетки, покрытые пленочной оболочкой","75 мг, 150 мг, 300 мг, 400 мг, 600 мг, 800 мг",
ДАРУНАВИР-НАНОЛЕК®,Дарунавир,"таблетки, покрытые пленочной оболочкой","600 мг, 400 мг",
Дезлоратадин,Дезлоратадин,"таблетки, покрытые пленочной оболочкой",5 мг,
Дезлоратадин Велфарм,Дезлоратадин,"таблетки, покрытые пленочной оболочкой",5 мг,
Эзлор Солюшн Таблетс,Дезлоратадин,таблетки диспергируемые,"2.5 мг, 5 мг",
Эслонтин,Дезлоратадин,"таблетки, покрытые пленочной оболочкой",5 мг,
Делорсин,Дезлоратадин,таблетки,5 мг,
Эритадин,Дезлоратадин,сироп,0.5 мг/мл,
Дезлоратадин,Дезлоратадин,сироп,0.5 мг/мл,
Дезогестрел,Дезогестрел,"таблетки, покрытые пленочной оболочкой",75 мкг,
Дезогестрел+Этинилэстрадиол,Дезогестрел+Этинилэстрадиол,"таблетки, покрытые пленочной оболочкой",150 мкг+20 мкг,
Фемисс Виджина,Дезогестрел+Этинилэстрадиол,таблетки,0.15 мг+0.03 мг,
Дезогестрел+Этинилэстрадиол,Дезогестрел+Этинилэстрадиол,"таблетки, покрытые пленочной оболочкой",150 мкг+30 мкг,
Септофемин,Деквалиния хлорид,таблетки вагинальные,10 мг,
Декскетопрофен,Декскетопрофен,раствор для внутривенного и внутримышечного введения,25 мг/мл,
Велдексал®,Декскетопрофен,раствор для внутривенного и внутримышечного введения,25 мг/мл,
Декскетопрофен,Декскетопрофен,раствор для внутривенного и внутримышечного введения,25 мг/мл,
ДЕКСКЕТОПРОФЕН,Декскетопрофен,раствор для внутривенного и внутримышечного введения,25 мг/мл,
МОРСАДЕКС®,Декскетопрофен,раствор для внутривенного и внутримышечного введения,25 мг/мл,
Дексмедетомидин Калцекс,Дексмедетомидин,концентрат для приготовления раствора для инфузий,100 мкг/мл,
Дексмедин®,Дексмедетомидин,концентрат для приготовления раствора для инфузий,100 мкг/мл,
Дексмедетомидин,Дексмедетомидин,концентрат для приготовления раствора для инфузий,100 мкг/мл,
Дексмедетомидин,Дексмедетомидин,концентрат для приготовления раствора для инфузий,100 мкг/мл,
Антиква® Рапид,Десмопрессин,"таблетки, диспергируемые в полости рта","60 мкг, 120 мкг",
Ноурем Экспресс,Десмопрессин,таблетки подъязычные,"60 мкг, 120 мкг, 240 мкг",
Децитана,Децитабин,лиофилизат для приготовления концентрата для приготовления раствора для инфузий,50 мг,
Фадинозин,Диданозин,капсулы кишечнорастворимые,"125 мг, 250 мг, 400 мг",
Диданозин-натив,Диданозин,порошок для приготовления раствора для приема внутрь,2 г,
ЗАФРИЛЛА®,Диеногест,таблетки,2 мг,
Алвовизан®,Диеногест,"таблетки, покрытые пленочной оболочкой",2 мг,
Феницитол,Диметинден,капли для приема внутрь,1 мг/мл,
Диосмин,Диосмин,"таблетки, покрытые пленочной оболочкой",600 мг,
Слипзон®,Доксиламин,"таблетки, покрытые пленочной оболочкой",15 мг,
Доксиламин-СЗ,Доксиламин,"таблетки, покрытые пленочной оболочкой",15 мг,
Доксициклин ЭКСПРЕСС,Доксициклин,таблетки диспергируемые,100 мг,
Домперидон,Домперидон,"таблетки, покрытые пленочной оболочкой",10 мг,
Пассажикс® Экспресс,Домперидон,"таблетки, диспергируемые в полости рта",10 мг,
Дорзолан® экстра,Дорзоламид+Тимолол,капли глазные,20 мг/мл+5 мг/мл,
Дортимол Антиглау ЭКО,Дорзоламид+Тимолол,капли глазные,20 мг/мл+5 мг/мл,
Саноцеф®,Дорипенем,порошок для приготовления раствора для инфузий,500 мг,
Дорипенем Эльфа,Дорипенем,порошок для приготовления раствора для инфузий,500 мг,
Дорипенем,Дорипенем,порошок для приготовления раствора для инфузий,500 мг,
Дорипенем,Дорипенем,порошок для приготовления раствора для инфузий,"250 мг, 500 мг",
Тигераза®,Дорназа альфа,раствор для ингаляций,2.5 мг/2.5 мл,
Дроспиренон+Этинилэстрадиол,Дроспиренон+Этинилэстрадиол,таблетки покрытые пленочной оболочкой,3 мг+0.03 мг,
Фемисс® Анжета®,Дроспиренон+Этинилэстрадиол,"таблетки, покрытые пленочной оболочкой",3 мг+0.03 мг,
Депратал®,Дулоксетин,"таблетки кишечнорастворимые, покрытые пленочной оболочкой","30 мг, 60 мг",
Дутастерид-Тева,Дутастерид,капсулы,0.5 мг,
Дутастерид Канон,Дутастерид,капсулы,0.5 мг,
Зидовудин,Зидовудин,капсулы,300 мг,
Зидовудин+Ламивудин,Зидовудин+Ламивудин,"таблетки, покрытые пленочной оболочкой",300 мг+150 мг,
Зидовудин+Ламивудин,Зидовудин+Ламивудин,"таблетки, покрытые пленочной оболочкой",300 мг+150 мг,
Зидовудин+Ламивудин,Зидовудин+Ламивудин,"таблетки, покрытые пленочной оболочкой",300 мг+150 мг,
Золера,Золедроновая кислота,лиофилизат для приготовления раствора для инфузий,4 мг,
Остеостатикс,Золедроновая кислота,раствор для инфузий,5 мг/100 мл,
Метастазол,Золедроновая кислота,раствор для инфузий,4 мг/100 мл,
Таргезол,Золедроновая кислота,концентрат для приготовления раствора для инфузий,0.8 мг/мл,
ЗОЛЕДРОНОВАЯ КИСЛОТА,Золедроновая кислота,концентрат для приготовления раствора для инфузий,0.8 мг/мл,
Золедроновая кислота,Золедроновая кислота,лиофилизат для приготовления концентрата для приготовления раствора для инфузий,4 мг,
Золмитриптан-СЗ,Золмитриптан,"таблетки, покрытые пленочной оболочкой",2.5 мг,
Нурофактор,Ибупрофен,суспензия для приема внутрь для детей,100 мг/5 мл,
МИГ® для малышей,Ибупрофен,суспензия для приема внутрь,100 мг/5 мл,
Ибупрофен,Ибупрофен,"таблетки, покрытые пленочной оболочкой","200 мг, 400 мг",
Некст Уно Экспресс,Ибупрофен,капсулы,200 мг,
МИГ® для детей,Ибупрофен,суспензия для приема внутрь,200 мг/5 мл,
Ибупрофен,Ибупрофен,суспензия для приема внутрь,100 мг/5 мл,
Ивабрадин Канон,Ивабрадин,"таблетки, покрытые пленочной оболочкой","5 мг, 7.5 мг",
Албитиниб,Иматиниб,капсулы,100 мг,
Глуразим,Имиглюцераза,лиофилизат для приготовления раствора для инфузий,400 ЕД,
Индап®,Индапамид,таблетки,2.5 мг,
Индапамид Реневал,Индапамид,"таблетки с пролонгированным высвобождением, покрытые пленочной оболочкой",1.5 мг,
Индапамид-Акрихин,Индапамид,"таблетки, покрытые пленочной оболочкой",2.5 мг,
Периндоприл ПЛЮС,Индапамид+Периндоприл,таблетки,"0.625 мг+2 мг, 1.25 мг+4 мг, 2.5 мг+8 мг",
Ко-ПЕРИНДОПРИЛ,Индапамид+Периндоприл,"таблетки, покрытые пленочной оболочкой","0.625 мг+2 мг, 1.25 мг+4 мг, 2.5 мг+8 мг",
Роксатенз-инда,Индапамид+Периндоприл+Розувастатин,"таблетки, покрытые пленочной оболочкой","2.5 мг+8 мг+20 мг, 1.25 мг+4 мг+10 мг, 1.25 мг+4 мг+20 мг, 2.5 мг+8 мг+10 мг",
Базаглар®,Инсулин гларгин,раствор для подкожного введения,100 ЕД/мл,
РинГлар®,Инсулин гларгин,раствор для подкожного введения,100 ЕД/мл,
РинЛиз®,Инсулин лизпро,раствор для внутривенного и подкожного введения,100 МЕ/мл,
РинЛиз® Микс 25,Инсулин лизпро двухфазный,суспензия для подкожного введения,100 МЕ/мл,
Тебериф®,Интерферон бета-1a,раствор для подкожного введения,"22 мкг/0.5 мл, 44 мкг/0.5 мл",
Инфликсимаб,Инфликсимаб,лиофилизат для приготовления концентрата для приготовления раствора для инфузий,100 мг,
Ропаксим,Ипратропия бромид+Ксилометазолин,спрей назальный дозированный,84 мкг/доза+70 мкг/доза,
КСИЛОНГ КОМБО,Ипратропия бромид+Ксилометазолин,спрей назальный дозированный,84 мкг+70 мкг/доза,
Ретч,Итоприд,таблетки,50 мг,
Кизабо®,Кабазитаксел,концентрат для приготовления раствора для инфузий,40 мг/мл,
Кандесартан,Кандесартан,таблетки,"8 мг, 16 мг, 32 мг",
Капецитабин,Капецитабин,"таблетки, покрытые пленочной оболочкой","150 мг, 500 мг",
Капецитабин,Капецитабин,"таблетки, покрытые пленочной оболочкой","150 мг, 500 мг",
Карбетоцин,Карбетоцин,раствор для внутривенного и внутримышечного введения,100 мкг/мл,
Карбоцистеин-ВЕРТЕКС,Карбоцистеин,сироп,"20 мг/мл, 50 мг/мл",
Касцебене,Карбоцистеин,капсулы,375 мг,
ИММЕРАН,Картофеля ростков экстракт,раствор для внутривенного введения,0.5 мг/мл,
Каспофунгин,Каспофунгин,лиофилизат для приготовления раствора для инфузий,"50 мг, 70 мг",
Максканд®,Каспофунгин,лиофилизат для приготовления концентрата для приготовления раствора для инфузий,"50 мг, 70 мг",
Квентиакс® СР,Кветиапин,"таблетки с пролонгированным высвобождением, покрытые пленочной оболочкой",50 мг,
Кьюпинекс®,Кветиапин,"таблетки, покрытые пленочной оболочкой","25 мг, 100 мг, 200 мг, 300 мг",
Кветиапин,Кветиапин,"таблетки, покрытые пленочной оболочкой","25 мг, 100 мг, 150 мг, 200 мг, 300 мг",
Кетонал® Актив,Кетопрофен,гранулы для приготовления раствора для приема внутрь,40 мг,
Кетонал® Актив Плюс,Кетопрофен,гранулы для приготовления раствора для приема внутрь,80 мг,
Кеторолак Реневал,Кеторолак,"таблетки, покрытые пленочной оболочкой",10 мг,
Бактикап,Кларитромицин,капсулы,"250 мг, 500 мг",
Кларитромицин,Кларитромицин,"таблетки, покрытые пленочной оболочкой","250 мг, 500 мг",
Клопидогрел,Клопидогрел,"таблетки, покрытые пленочной оболочкой",75 мг,
Страйк Плюс,Кофеин+Парацетамол,таблетки,65 мг+500 мг,
Наксимин,Ксилометазолин+[Декспантенол],спрей назальный дозированный,"0.1 мг+5 мг/доза, 0.05 мг+5 мг/доза",
Риностоп® Двойная помощь,Ксилометазолин+[Декспантенол],спрей назальный дозированный,0.1 мг+5 мг/доза,
КСИЛОНГ,Ксилометазолин+[Декспантенол],спрей назальный дозированный,0.1 мг/доза+5 мг/доза,
КСИЛОНГ Кидс,Ксилометазолин+[Декспантенол],спрей назальный дозированный,0.05 мг+5 мг/доза,
Ламивудин,Ламивудин,"таблетки, покрытые пленочной оболочкой",300 мг,
Ламивудин,Ламивудин,раствор для приема внутрь,10 мг/мл,
Трилактан®,Латанопрост,капли глазные,0.005%,
Леветинол®,Леветирацетам,раствор для приема внутрь,100 мг/мл,
Леветирацетам,Леветирацетам,"таблетки, покрытые пленочной оболочкой","250 мг, 500 мг, 1000 мг",
Леветирацетам Канон,Леветирацетам,раствор для приема внутрь,100 мг/мл,
Левоноргестрел,Левоноргестрел,таблетки,1.5 мг,
Меллева®,Левоноргестрел+Этинилэстрадиол,"таблетки, покрытые пленочной оболочкой",0.1 мг+0.02 мг,
Левосимендан-натив,Левосимендан,концентрат для приготовления раствора для инфузий,2.5 мг/мл,
Левофлоксацин-КРКА,Левофлоксацин,"таблетки, покрытые пленочной оболочкой","250 мг, 500 мг",
Левофлоксацин,Левофлоксацин,раствор для инфузий,5 мг/мл,
Левофлоксацин,Левофлоксацин,раствор для инфузий,5 мг/мл,
ЛЕВОФЛОКСАЦИН,Левофлоксацин,"таблетки, покрытые пленочной оболочкой","250 мг, 500 мг",
Бактофлокс,Левофлоксацин,раствор для инфузий,5 мг/мл,
Левофлоксацин-Оптик,Левофлоксацин,капли глазные,0.5%,
Корфецин-СОЛОфарм,Левофлоксацин,капли глазные,0.5%,
Левофлоксацин,Левофлоксацин,капли глазные,0.5%,
Левоцетиризин-ВЕРТЕКС,Левоцетиризин,"таблетки, покрытые пленочной оболочкой",5 мг,
Монтлезир,Левоцетиризин+Монтелукаст,"таблетки, покрытые пленочной оболочкой",5 мг+10 мг,
Мулмилида®,Леналидомид,капсулы,"5 мг, 10 мг, 15 мг, 25 мг",
Леналидомид,Леналидомид,капсулы,"5 мг, 10 мг, 15 мг, 25 мг",
Леналидомид-ТЛ,Леналидомид,капсулы,"5 мг, 10 мг, 15 мг, 25 мг",
Леналидомид,Леналидомид,капсулы,"2.5 мг, 5 мг, 7.5 мг, 10 мг, 15 мг, 20 мг, 25 мг",
Лерникор®,Лерканидипин,"таблетки, покрытые пленочной оболочкой","10 мг, 20 мг",
Лерканидипин-СЗ,Лерканидипин,"таблетки, покрытые пленочной оболочкой","10 мг, 20 мг",
Летрозол,Летрозол,"таблетки, покрытые пленочной оболочкой",2.5 мг,
Анеста®-А,Лидокаин+Прилокаин,крем для местного и наружного применения,2.5%+2.5%,
Акриол Про,Лидокаин+Прилокаин,крем для местного и наружного применения,2.5%+2.5%,
Толизор® инъект,Толперизон+[Лидокаин],раствор для внутримышечного введения,100 мг/мл+2.5 мг/мл,
Амизолид,Линезолид,"таблетки, покрытые пленочной оболочкой",300 мг,
Линезолид,Линезолид,"таблетки, покрытые пленочной оболочкой","200 мг, 600 мг, 400 мг",
Линезолид,Линезолид,раствор для инфузий,2 мг/мл,
Линезолид,Линезолид,раствор для инфузий,2 мг/мл,
Линезолид Канон,Линезолид,"таблетки, покрытые пленочной оболочкой","200 мг, 300 мг, 400 мг",
Линезолид,Линезолид,"таблетки, покрытые пленочной оболочкой","200 мг, 300 мг, 600 мг, 400 мг",
Селезолид,Линезолид,раствор для инфузий,2 мг/мл,
Линезолид,Линезолид,раствор для инфузий,2 мг/мл,
Линезолид,Линезолид,"таблетки, покрытые пленочной оболочкой",600 мг,
Линезолид,Линезолид,"таблетки, покрытые пленочной оболочкой","200 мг, 600 мг, 400 мг",
ЛИНЕЗОЛИД,Линезолид,"таблетки, покрытые пленочной оболочкой","300 мг, 600 мг",
ЛОЗАРТАН,Лозартан,"таблетки, покрытые пленочной оболочкой","12.5 мг, 25 мг, 50 мг, 100 мг",
Лозартан,Лозартан,"таблетки, покрытые пленочной оболочкой","100 мг, 12.5 мг, 25 мг, 50 мг",
Лозартан,Лозартан,"таблетки, покрытые пленочной оболочкой","12.5 мг, 50 мг",
ЛОПИРИТА®,Лопинавир+Ритонавир,"таблетки, покрытые пленочной оболочкой","100 мг+25 мг, 200 мг+50 мг",
Лопинавир+Ритонавир,Лопинавир+Ритонавир,"таблетки, покрытые пленочной оболочкой","100 мг+25 мг, 200 мг+50 мг",
Лоразепам,Лоразепам,"таблетки, покрытые пленочной оболочкой","1 мг, 2.5 мг",
Лоратадин,Лоратадин,таблетки,10 мг,
Лорноксикам,Лорноксикам,лиофилизат для приготовления раствора для внутривенного и внутримышечного введения,8 мг,
Мебеверин-СЗ,Мебеверин,"таблетки, покрытые пленочной оболочкой",135 мг,
Дютан®,Мебеверин,"таблетки, покрытые пленочной оболочкой",135 мг,
Спарекс®,Мебеверин,"таблетки, покрытые пленочной оболочкой",135 мг,
Мелатонин-СЗ,Мелатонин,"таблетки, покрытые пленочной оболочкой",3 мг,
Мелатонин Эвалар,Мелатонин,"таблетки, покрытые пленочной оболочкой",3 мг,
Велсон®,Мелатонин,"таблетки, покрытые пленочной оболочкой",3 мг,
Мелоксикам буфус,Мелоксикам,раствор для внутримышечного введения,10 мг/мл,
Мелоксикам,Мелоксикам,раствор для внутримышечного введения,10 мг/мл,
Элокс-СОЛОфарм,Мелоксикам,раствор для внутримышечного введения,10 мг/мл,
Мелоксикам,Мелоксикам,раствор для внутримышечного введения,10 мг/мл,
Флексибон,Мелоксикам,таблетки,"15 мг, 7.5 мг",
Мелоксикам,Мелоксикам,суппозитории ректальные,"15 мг, 7.5 мг",
Мелоксикам Канон,Мелоксикам,гель для наружного применения,0.01,
Мелоксикам-Лекфарм,Мелоксикам,раствор для внутримышечного введения,10 мг/мл,
Генитрон®,Мелоксикам,раствор для внутримышечного введения,10 мг/мл,
Репронат® ВМ,Мельдоний,капсулы,"250 мг, 500 мг",
Мельдоний,Мельдоний,капсулы,"250 мг, 500 мг",
Мельдоний Органика,Мельдоний,капсулы,"250 мг, 500 мг",
Мемантин,Мемантин,"таблетки, покрытые пленочной оболочкой","10 мг, 20 мг",
Мемантинол®,Мемантин,"таблетки, покрытые пленочной оболочкой",20 мг,
Меркаптопурин-натив,Меркаптопурин,таблетки,50 мг,
МЕТОПРОЛОЛ,Метопролол,таблетки,"25 мг, 50 мг, 100 мг",
Метформин Лонг,Метформин,таблетки с пролонгированным высвобождением,"500 мг, 750 мг, 1000 мг",
Ринформин® Лонг,Метформин,таблетки с пролонгированным высвобождением,"500 мг, 750 мг",
Ринформин®,Метформин,"таблетки, покрытые пленочной оболочкой","500 мг, 850 мг, 1000 мг",
Мерифатин МВ,Метформин,таблетки с пролонгированным высвобождением,"500 мг, 750 мг, 1000 мг",
Мерифатин,Метформин,"таблетки, покрытые пленочной оболочкой","500 мг, 850 мг, 1000 мг",
Метформин Лонг Канон,Метформин,таблетки с пролонгированным высвобождением,"500 мг, 750 мг, 1000 мг",
Метформин Пролонг-Акрихин,Метформин,"таблетки с пролонгированным высвобождением, покрытые пленочной оболочкой",750 мг,
Микафунгин,Микафунгин,лиофилизат для приготовления раствора для инфузий,"50 мг, 100 мг",
Фломирен,Микофенолата мофетил,таблетки покрытые пленочной оболочкой,"250 мг, 500 мг",
Микофеноловая кислота-ТЛ,Микофеноловая кислота,"таблетки кишечнорастворимые, покрытые оболочкой","180 мг, 360 мг",
Микофеноловая кислота,Микофеноловая кислота,"таблетки кишечнорастворимые, покрытые пленочной оболочкой","180 мг, 360 мг",
Никвесел,Микофеноловая кислота,"таблетки кишечнорастворимые, покрытые пленочной оболочкой","180 мг, 360 мг",
ФЕЛОМИКА,Микофеноловая кислота,"таблетки кишечнорастворимые, покрытые оболочкой","180 мг, 360 мг",
Моксифлоксацин,Моксифлоксацин,раствор для инфузий,1.6 мг/мл,
Моксифлоксацин,Моксифлоксацин,раствор для инфузий,1.6 мг/мл,
Мокси®,Моксифлоксацин,"таблетки, покрытые пленочной оболочкой",400 мг,
Моксифлоксацин-Ферейн®,Моксифлоксацин,"таблетки, покрытые пленочной оболочкой",400 мг,
Кимокс®,Моксифлоксацин,"таблетки, покрытые пленочной оболочкой",400 мг,
Моксифлоксацин,Моксифлоксацин,"таблетки, покрытые пленочной оболочкой",400 мг,
Моксифлоксацин,Моксифлоксацин,раствор для инфузий,1.6 мг/мл,
Моксифлоксацин-Оптик,Моксифлоксацин,капли глазные,0.5%,
Моксифлоксацин,Моксифлоксацин,раствор для инфузий,1.6 мг/мл,
Моксифлоксацин-ТЛ,Моксифлоксацин,"таблетки, покрытые пленочной оболочкой",400 мг,
Бивокса ВМ,Моксифлоксацин,капли глазные,5 мг/мл,
Моксифлоксацин,Моксифлоксацин,раствор для инфузий,1.6 мг/мл,
Моксифлоксацин,Моксифлоксацин,"таблетки, покрытые пленочной оболочкой",400 мг,
Моксифло,Моксифлоксацин,"таблетки, покрытые пленочной оболочкой",400 мг,
Моксифлоксацин,Моксифлоксацин,раствор для инфузий,1.6 мг/мл,
Моксифлоксацин,Моксифлоксацин,"таблетки, покрытые пленочной оболочкой",400 мг,
Моксифлоксацин-Бинергия,Моксифлоксацин,раствор для инфузий,1.6 мг/мл,
Моксифлоксацин,Моксифлоксацин,раствор для инфузий,1.6 мг/мл,
Флоксепол,Моксифлоксацин,капли глазные,0.5%,
Моксикум® ВМ,Моксифлоксацин,"таблетки, покрытые пленочной оболочкой",400 мг,
Моксифлоксацин,Моксифлоксацин,"таблетки, покрытые пленочной оболочкой",400 мг,
Моксонидин,Моксонидин,"таблетки, покрытые пленочной оболочкой","0.4 мг, 0.2 мг, 0.3 мг",
Мометазон Сандоз®,Мометазон,спрей назальный,50 мкг/доза,
МОМАТ РИНО,Мометазон,спрей назальный дозированный,50 мкг/доза,
Монтелукаст,Монтелукаст,"таблетки, покрытые пленочной оболочкой",10 мг,
Монте-Р®,Монтелукаст,таблетки жевательные,"4 мг, 5 мг",
Глемонт,Монтелукаст,таблетки жевательные,"4 мг, 5 мг",
Глемонт,Монтелукаст,"таблетки, покрытые пленочной оболочкой",10 мг,
Морфин,Морфин,раствор для приема внутрь,"2 мг/мл, 6 мг/мл, 20 мг/мл",
НИАПРОФФ,Напроксен,"таблетки, покрытые пленочной оболочкой",550 мг,
Клин Би,Натрия гидрофосфат+Натрия дигидрофосфат,раствор для приема внутрь,~,
Энемаксал®,Натрия гидрофосфат+Натрия дигидрофосфат,раствор ректальный,~,
СИГИДА кристалл,Нафазолин,капли глазные,0.05%,
Нефопам,Нефопам,раствор для инфузий и внутримышечного введения,10 мг/мл,
Нефопам,Нефопам,раствор для инфузий и внутримышечного введения,10 мг/мл,
КОРЕВИНТЕ,Никорандил,таблетки,"10 мг, 20 мг",
Нилотиниб,Нилотиниб,капсулы,"150 мг, 200 мг",
Найсулид®,Нимесулид,гранулы для приготовления суспензии для приема внутрь,100 мг,
Нимесулид-МБФ,Нимесулид,гранулы для приготовления суспензии для приема внутрь,100 мг,
НИДОРФАН,Нитизинон,капсулы,"2 мг, 5 мг, 10 мг",
ТИРЭУС®,Нитизинон,капсулы,"2 мг, 5 мг, 10 мг",
Флатиплат,Оксалиплатин,концентрат для приготовления раствора для инфузий,2 мг/мл,
Оксалиплатин,Оксалиплатин,концентрат для приготовления раствора для инфузий,2 мг/мл,
Платикад®,Оксалиплатин,лиофилизат для приготовления концентрата для приготовления раствора для инфузий,"150 мг, 200 мг",
Оксалиплатин,Оксалиплатин,лиофилизат для приготовления концентрата для приготовления раствора для инфузий,"100 мг, 50 мг",
Окскарбазепин-натив,Окскарбазепин,"таблетки, покрытые пленочной оболочкой","150 мг, 300 мг, 600 мг",
Оланзапин Медисорб,Оланзапин,"таблетки, покрытые пленочной оболочкой","5 мг, 10 мг",
Олоридин,Олопатадин,капли глазные,0.1%,
Омепразол,Омепразол,лиофилизат для приготовления раствора для инфузий,40 мг,
Омепразол,Омепразол,лиофилизат для приготовления раствора для инфузий,40 мг,
ОРЦЕПОЛ ВМ,Орнидазол+Ципрофлоксацин,"таблетки, покрытые пленочной оболочкой",500 мг+500 мг,
Орнитин-МБФ,Орнитин,гранулы для приготовления раствора для приема внутрь,3 г,
Орниприм,Орнитин,гранулы для приготовления раствора для приема внутрь,3 г,
Осельтамивир-натив,Осельтамивир,капсулы,75 мг,
Гриптера®,Осельтамивир,капсулы,75 мг,
Сельтавир®,Осельтамивир,капсулы,75 мг,
Осельтамивир,Осельтамивир,капсулы,"30 мг, 75 мг, 45 мг",
ОСЕЛЬТАМИВИР АВЕКСИМА,Осельтамивир,капсулы,"30 мг, 75 мг, 45 мг",
Осельтамивир-Акрихин,Осельтамивир,капсулы,75 мг,
Инфлюцеин®,Осельтамивир,капсулы,"30 мг, 45 мг75 мг",
Осельтамивир,Осельтамивир,капсулы,"30 мг, 45 мг, 75 мг",
Лафракс,Офлоксацин,капли глазные и ушные,0.3%,
Пазопаниб,Пазопаниб,"таблетки, покрытые пленочной оболочкой","200 мг, 400 мг",
Пазопаниб,Пазопаниб,"таблетки, покрытые пленочной оболочкой","200 мг, 400 мг",
Пазопаниб-ТЛ,Пазопаниб,"таблетки, покрытые пленочной оболочкой","200 мг, 400 мг",
ПОТАРБИН®,Пазопаниб,"таблетки, покрытые пленочной оболочкой","200 мг, 400 мг",
Пантопразол-Акрихин,Пантопразол,"таблетки кишечнорастворимые, покрытые пленочной оболочкой","20 мг, 40 мг",
ПАНУМ®,Пантопразол,"таблетки кишечнорастворимые, покрытые пленочной оболочкой",20 мг,
Парацетамол-Алиум,Парацетамол,раствор для инфузий,10 мг/мл,
Пароксетин-СЗ,Пароксетин,"таблетки, покрытые пленочной оболочкой",20 мг,
Пеметрексед,Пеметрексед,лиофилизат для приготовления раствора для инфузий,500 мг,
Пемелан®,Пеметрексед,лиофилизат для приготовления раствора для инфузий,"100 мг, 500 мг",
Пеметрексед-ТЛ,Пеметрексед,лиофилизат для приготовления раствора для инфузий,"100 мг, 500 мг",
ПЕМЕТРЕКСЕД Дж,Пеметрексед,лиофилизат для приготовления раствора для инфузий,"100 мг, 500 мг",
Пеметрексед,Пеметрексед,лиофилизат для приготовления раствора для инфузий,500 мг,
Комбилипен® НЕО,Пиридоксин+Тиамин+Цианокобаламин,раствор для внутримышечного введения,~,
Помалидомид-ТЛ,Помалидомид,капсулы,"1 мг, 3 мг, 4 мг",
ПРАМИПЕКСОЛ-АЛИУМ,Прамипексол,таблетки,"0.25 мг, 1 мг",
Прегабалин-натив,Прегабалин,капсулы,"100 мг, 150 мг, 200 мг, 300 мг, 25 мг, 50 мг, 75 мг",
Миражэль,Прогестерон,гель вагинальный,90 мг/доза,
Рабепразол,Рабепразол,"таблетки кишечнорастворимые, покрытые оболочкой","10 мг, 20 мг",
Разагилин Медисорб,Разагилин,таблетки,1 мг,
Гастростат®,Ребамипид,"таблетки, покрытые пленочной оболочкой",100 мг,
Иглинид,Репаглинид,таблетки,"0.5 мг, 1 мг, 2 мг,",
Лаконивир,Рилпивирин,"таблетки, покрытые пленочной оболочкой",25 мг,
Тенрилтаб,Рилпивирин+Тенофовир+Эмтрицитабин,"таблетки, покрытые пленочной оболочкой",25 мг+300 мг+200 мг,
Римантадин Кидс,Римантадин,сироп,2 мг/мл,
Рисперидон,Рисперидон,раствор для приема внутрь,1 мг/мл,
Ритонавир-ТЛ,Ритонавир,капсулы,100 мг,
Ретвисет,Ритонавир,капсулы,100 мг,
Альфаксим®,Рифаксимин,"таблетки, покрытые пленочной оболочкой",200 мг,
Розувастатин-Акрихин,Розувастатин,"таблетки, покрытые пленочной оболочкой","5 мг, 10 мг, 20 мг, 40 мг",
Розувастатин-Ксантис,Розувастатин,"таблетки, покрытые пленочной оболочкой","5 мг, 10 мг, 20 мг",
Розувастатин,Розувастатин,"таблетки, покрытые пленочной оболочкой","10 мг, 20 мг, 40 мг, 5 мг",
Розувастатин ФТ,Розувастатин,"таблетки, покрытые пленочной оболочкой","5 мг, 10 мг, 20 мг",
Розувастатин Медисорб,Розувастатин,"таблетки, покрытые пленочной оболочкой","5 мг, 10 мг, 20 мг",
Кардиолип,Розувастатин,"таблетки, покрытые пленочной оболочкой",40 мг,
Зенон®,Розувастатин+Эзетимиб,"таблетки, покрытые пленочной оболочкой","10 мг+10 мг, 20 мг+10 мг, 40 мг+10 мг",
Розулип® Плюс,Розувастатин+Эзетимиб,капсулы,"10 мг+10 мг, 20 мг+10 мг, 5 мг+10 мг",
Рорелакс,Рокурония бромид,раствор для внутривенного введения,10 мг/мл,
Рокуроний,Рокурония бромид,раствор для внутривенного введения,10 мг/мл,
Ропивакаин,Ропивакаин,раствор для инъекций,"2 мг/мл, 5 мг/мл, 7.5 мг/мл, 10 мг/мл",
Ропивакаин Велфарм,Ропивакаин,раствор для инъекций,"2 мг/мл, 5 мг/мл, 7.5 мг/мл, 10 мг/мл",
Ропивакаин,Ропивакаин,раствор для инъекций,"2 мг/мл, 5 мг/мл, 7.5 мг/мл, 10 мг/мл",
Ропивакаин-Бинергия,Ропивакаин,раствор для инъекций,"2 мг/мл, 5 мг/мл, 7.5 мг/мл, 10 мг/мл",
Рапинов,Ропивакаин,раствор для инъекций,"2 мг/мл, 5 мг/мл, 7.5 мг/мл, 10 мг/мл",
Ропивакаин,Ропивакаин,раствор для инъекций,"2 мг/мл, 5 мг/мл, 7.5 мг/мл, 10 мг/мл",
Ропивакаин,Ропивакаин,раствор для инъекций,"2 мг/мл, 5 мг/мл, 7.5 мг/мл, 10 мг/мл",
Ропивабин®,Ропивакаин,раствор для инъекций,"2 мг/мл, 5 мг/мл, 7.5 мг/мл, 10 мг/мл",
Респисальф®,Салметерол+Флутиказон,капсулы с порошком для ингаляций,"50 мкг+100 мкг/доза, 50 мкг+250 мкг/доза, 50 мкг+500 мкг/доза",
СЕРОФЛО,Салметерол+Флутиказон,капсулы с порошком для ингаляций,"50 мкг+100 мкг/доза, 50 мкг+250 мкг/доза, 50 мкг+500 мкг/доза",
Севофлуран,Севофлуран,жидкость для ингаляций,~,
Севофлуран Медисорб,Севофлуран,жидкость для ингаляций,~,
Соджурн®,Севофлуран,жидкость для ингаляций,~,
Силденафил-ФПО®,Силденафил,"таблетки, покрытые пленочной оболочкой","25 мг, 50 мг, 100 мг",
Силденафил Кардио,Силденафил,"таблетки, покрытые пленочной оболочкой",20 мг,
Силденафил,Силденафил,"таблетки, покрытые пленочной оболочкой",20 мг,
Джент®,Силденафил,спрей для приема внутрь дозированный,12.5 мг/доза,
Силденафил,Силденафил,"таблетки, покрытые пленочной оболочкой","100 мг, 50 мг",
Яситара,Ситаглиптин,таблетки покрытые пленочной оболочкой,"100 мг, 25 мг, 50 мг",
Везигамп,Солифенацин,таблетки покрытые пленочной оболочкой,"5 мг, 10 мг",
Соликса-Ксантис,Солифенацин,таблетки покрытые пленочной оболочкой,"5 мг, 10 мг",
Сорафениб,Сорафениб,таблетки покрытые пленочной оболочкой,200 мг,
Сорафениб,Сорафениб,таблетки покрытые пленочной оболочкой,200 мг,
СОТАЛОЛ АВЕКСИМА,Соталол,таблетки,"80 мг, 160 мг",
Соталол,Соталол,таблетки,"80 мг, 160 мг",
Флоксимар,Спарфлоксацин,"таблетки, покрытые пленочной оболочкой",200 мг,
СПИРОНОЛАКТОН,Спиронолактон,капсулы,"50 мг, 100 мг",
Сунитиниб,Сунитиниб,капсулы,"12.5 мг, 25 мг, 50 мг",
Тадалафил Канон,Тадалафил,"таблетки, покрытые пленочной оболочкой","2.5 мг, 5 мг, 20 мг",
Фреймитус,Тадалафил,"таблетки, покрытые пленочной оболочкой","5 мг, 20 мг",
Ситара®,Тадалафил,"таблетки, покрытые пленочной оболочкой",20 мг,
Тадалафил-Акрихин,Тадалафил,"таблетки, покрытые пленочной оболочкой","10 мг, 2.5 мг, 20 мг, 5 мг",
Тадалафил-СЗ,Тадалафил,"таблетки, покрытые пленочной оболочкой","5 мг, 20 мг",
Тадалафил ВЕРТЕКС,Тадалафил,"таблетки, покрытые пленочной оболочкой","5 мг, 20 мг",
Прилуксид,Такролимус,капсулы,"0.5 мг, 1 мг, 5 мг",
Такролимус,Такролимус,капсулы,"1 мг, 5 мг, 0.5 мг",
Тамсулозин-ВЕРТЕКС,Тамсулозин,"таблетки с пролонгированным высвобождением, покрытые пленочной оболочкой",0.4 мг,
Тафлопресс Ромфарм,Тафлупрост,капли глазные,0.015 мг/мл,
Телпрес,Телмисартан,таблетки,"20 мг, 40 мг, 80 мг",
Телмисартан-СЗ,Телмисартан,таблетки,"40 мг, 80 мг",
Телмисартан ШТАДА,Телмисартан,таблетки,"40 мг, 80 мг",
Телминорм®,Телмисартан,таблетки,"40 мг, 80 мг",
Темозолекс,Темозоломид,капсулы,"5 мг, 20 мг, 100 мг, 130 мг, 140 мг, 180 мг, 250 мг",
Теноксикам,Теноксикам,лиофилизат для приготовления раствора для внутривенного и внутримышечного введения,20 мг,
Тенофовир Канон,Тенофовир,"таблетки, покрытые пленочной оболочкой",300 мг,
Доквир,Тенофовир+Эмтрицитабин,"таблетки, покрытые пленочной оболочкой",300 мг+200 мг,
НОФОРЕНА®,Тенофовир+Эмтрицитабин,"таблетки, покрытые пленочной оболочкой",245 мг+200 мг,
ТЕРИФЛУНОМИД-ХИМРАР,Терифлуномид,"таблетки, покрытые пленочной оболочкой",14 мг,
Терифлуномид,Терифлуномид,"таблетки, покрытые пленочной оболочкой",14 мг,
Тигециклин,Тигециклин,лиофилизат для приготовления раствора для инфузий,50 мг,
Тизанидин-СЗ,Тизанидин,таблетки,"2 мг, 4 мг",
Тизанидин,Тизанидин,таблетки,"2 мг, 4 мг",
Травапресс Дуо,Тимолол+Травопрост,капли глазные,5 мг/мл+0.04 мг/мл,
Толперизон Медисорб,Толперизон,"таблетки, покрытые пленочной оболочкой","50 мг, 150 мг",
Лидамитол,Толперизон+[Лидокаин],раствор для внутримышечного введения,100 мг/мл+2.5 мг/мл,
ТОЛПИРИЛИД®,Толперизон+[Лидокаин],раствор для внутримышечного введения,100 мг/мл+2.5 мг/мл,
Толмио,Толперизон+[Лидокаин],раствор для внутривенного и внутримышечного введения,100 мг/мл+2.5 мг/мл,
Топирамат-АЛСИ,Топирамат,"таблетки, покрытые пленочной оболочкой",50 мг,
Топирамат Канон,Топирамат,"таблетки, покрытые пленочной оболочкой",50 мг,
Торасемид Медисорб,Торасемид,таблетки,"5 мг, 10 мг",
Торасемид,Торасемид,таблетки,"5 мг, 10 мг",
Торасемид,Торасемид,таблетки,"5 мг, 10 мг",
Торасемид,Торасемид,таблетки,"5 мг, 10 мг",
Траваксал,Травопрост,капли глазные,0.04 мг/мл,
Трамадол ретард,Трамадол,"таблетки с пролонгированным высвобождением, покрытые пленочной оболочкой","100 мг, 200 мг",
Циклогемал®,Транексамовая кислота,"таблетки, покрытые пленочной оболочкой",250 мг,
Санксамик,Транексамовая кислота,"таблетки, покрытые пленочной оболочкой","250 мг, 500 мг",
Тразимера®,Трастузумаб,лиофилизат для приготовления концентрата для приготовления раствора для инфузий,"150 мг, 440 мг",
Тримебутин-СЗ,Тримебутин,таблетки,"100 мг, 200 мг",
Триметазидин,Триметазидин,"таблетки с пролонгированным высвобождением, покрытые пленочной оболочкой",35 мг,
Феникамид,Тропикамид+Фенилэфрин,капли глазные,8 мг/мл+50 мг/мл,
Умифеновир,Умифеновир,капсулы,"50 мг, 100 мг, 200 мг",
Урдокса® 500,Урсодезоксихолевая кислота,"таблетки, покрытые пленочной оболочкой",500 мг,
Эксхол®,Урсодезоксихолевая кислота,суспензия для приема внутрь,250 мг/5 мл,
Экурохол,Урсодезоксихолевая кислота,капсулы,"250 мг, 500 мг",
Фавирокс,Фамцикловир,"таблетки, покрытые пленочной оболочкой","125 мг, 250 мг, 500 мг",
Бебифрин,Фенилэфрин,капли назальные,0.125%,
Бебифрин®,Фенилэфрин,"спрей назальный дозированный, [ДЛЯ ДЕТЕЙ]",0.125 мг/доза,
Финголимод,Финголимод,капсулы,0.5 мг,
Финголимод Медисорб,Финголимод,капсулы,0.5 мг,
Модена,Финголимод,капсулы,0.5 мг,
Финголимод,Финголимод,капсулы,0.5 мг,
Лифеспан®,Финголимод,таблетки,0.5 мг,
Рокона®,Флувоксамин,"таблетки, покрытые пленочной оболочкой","50 мг, 100 мг",
Дарбинес,Флударабин,"таблетки, покрытые пленочной оболочкой",10 мг,
"Фтордезоксиглюкоза, 18F",Флудезоксиглюкоза [18F],раствор для внутривенного введения,20-3200 МБк/мл,
"Фтордезоксиглюкоза, 18F",Флудезоксиглюкоза [18F],раствор для внутривенного введения,40-9250 МБк/мл,
"Фтордезоксиглюкоза, 18F",Флудезоксиглюкоза [18F],раствор для внутривенного введения,500-3700 МБк/мл,
"Фтордезоксиглюкоза, 18F",Флудезоксиглюкоза [18F],раствор для внутривенного введения,40-2500 МБК/мл,
Флуконазол-Акрихин,Флуконазол,капсулы,"50 мг, 150 мг",
Флупентиксол-натив,Флупентиксол,"таблетки, покрытые пленочной оболочкой","0.5 мг, 1 мг, 5 мг",
Нанотропил® ново,Фонтурацетам,таблетки,"50 мг, 100 мг",
Формотерол ПСК,Формотерол,капсулы с порошком для ингаляций,12 мкг/доза,
Уронормин-Ф,Фосфомицин,порошок для приготовления раствора для приема внутрь,"2 г, 3 г",
Фосфомицин,Фосфомицин,порошок для приготовления раствора для внутривенного введения,"2 г, 4 г",
Фоторан Е6,Хлорин Е6,лиофилизат для приготовления раствора для инфузий,"50 мг, 100 мг",
ЦЕРЕТОН®,Холина альфосцерат,раствор для приема внутрь,120 мг/мл,
Хальцерат®,Холина альфосцерат,раствор для приема внутрь,600 мг/7 мл,
Целекоксиб,Целекоксиб,капсулы,200 мг,
Симкоксиб,Целекоксиб,капсулы,"100 мг, 200 мг",
Целекоксиб-ВЕРТЕКС,Целекоксиб,капсулы,"100 мг, 200 мг",
Цетиризин-ВЕРТЕКС,Цетиризин,капли для приема внутрь,10 мг/мл,
Цетиризин,Цетиризин,капли для приема внутрь,10 мг/мл,
Цетиризин Реневал,Цетиризин,капли для приема внутрь,10 мг/мл,
Солонэкс,Цетиризин,капли для приема внутрь,10 мг/мл,
Цефепим,Цефепим,порошок для приготовления раствора для внутривенного и внутримышечного введения,1 г,
Винцепим,Цефепим,порошок для приготовления раствора для внутривенного и внутримышечного введения,2 г,
Цефиксим ЭКСПРЕСС,Цефиксим,таблетки диспергируемые,"200 мг, 400 мг",
Сультриаксон,Цефтриаксон+[Сульбактам],порошок для приготовления раствора для внутривенного и внутримышечного введения,1 г+0.5 г,
Цинатипар,Цинакальцет,"таблетки, покрытые пленочной оболочкой",30 мг,
ЦИТАЛОПРАМ,Циталопрам,"таблетки, покрытые пленочной оболочкой","10 мг, 20 мг, 40 мг",
ЦЕРЕМЕКСИН,Цитиколин,раствор для приема внутрь,100 мг/мл,
Нооцил®,Цитиколин,раствор для приема внутрь,100 мг/мл,
Нейропол,Цитиколин,"таблетки, покрытые пленочной оболочкой",500 мг,
Энцетрон-СОЛОфарм,Цитиколин,раствор для приема внутрь,100 мг/мл,
Энцетрон-СОЛОфарм,Цитиколин,раствор для внутривенного и внутримышечного введения,"125 мг/мл, 250 мг/мл",
Церемексин,Цитиколин,раствор для внутривенного и внутримышечного введения,"125 мг/мл, 250 мг/мл",
Цересил® Канон,Цитиколин,раствор для приема внутрь,100 мг/мл,
ЦИТИКОЛИН-АЛИУМ,Цитиколин,раствор для внутривенного и внутримышечного введения,"500 мг/4 мл, 1000 мг/4 мл",
Цитиколин,Цитиколин,раствор для внутривенного и внутримышечного введения,"125 мг/мл, 250 мг/мл",
Цитиколин Велфарм,Цитиколин,раствор для внутривенного и внутримышечного введения,"125 мг/мл, 250 мг/мл",
Цересил® Канон,Цитиколин,раствор для внутривенного и внутримышечного введения,"125 мг/мл, 250 мг/мл",
Цералин-Лекфарм,Цитиколин,раствор для внутривенного и внутримышечного введения,"125 мг/мл, 250 мг/мл",
Нейрохолин,Цитиколин,раствор для приема внутрь,100 мг/мл,
Эзетимиб-СЗ,Эзетимиб,таблетки,10 мг,
Отрио,Эзетимиб,таблетки,10 мг,
Эзомепразол Дж,Эзомепразол,лиофилизат для приготовления раствора для внутривенного введения,"20 мг, 40 мг",
Эзомепразол Канон,Эзомепразол,лиофилизат для приготовления раствора для внутривенного введения,40 мг,
Эзомепразол,Эзомепразол,"таблетки кишечнорастворимые, покрытые оболочкой","20 мг, 40 мг",
Эзомепразол-ГЕН,Эзомепразол,лиофилизат для приготовления раствора для внутривенного введения,40 мг,
Эзомепразол,Эзомепразол,лиофилизат для приготовления раствора для внутривенного введения,40 мг,
Эксеместан-ТЛ,Эксеместан,"таблетки, покрытые пленочной оболочкой",25 мг,
Элизария®,Экулизумаб,концентрат для приготовления раствора для инфузий,10 мг/мл,
Эналаприл ФОРТЕ,Эналаприл,таблетки,20 мг,
Квадрапарин®-СОЛОфарм,Эноксапарин натрия,раствор для инъекций,10000 анти-Ха МЕ/мл,
Кленикс,Эноксапарин натрия,раствор для инъекций,"2000 анти-Ха МЕ/0.2 мл, 4000 анти-Ха МЕ/0.4 мл, 6000 анти-Ха МЕ/0.6 мл, 8000 анти-Ха МЕ/0.8 мл",
Энтекавир,Энтекавир,"таблетки, покрытые пленочной оболочкой","0.5 мг, 1 мг",
Элгравир,Энтекавир,"таблетки, покрытые пленочной оболочкой","0.5 мг, 1 мг",
Энтекавир Сан,Энтекавир,"таблетки, покрытые пленочной оболочкой","0.5 мг, 1 мг",
Энтекавир Сандоз®,Энтекавир,"таблетки, покрытые пленочной оболочкой","0.5 мг, 1 мг",
Иплерон®,Эплеренон,"таблетки, покрытые пленочной оболочкой","25 мг, 50 мг",
Эрлотиниб,Эрлотиниб,"таблетки, покрытые пленочной оболочкой","25 мг, 100 мг, 150 мг",
Метостабил,Этилметилгидроксипиридина сукцинат,"таблетки, покрытые пленочной оболочкой",125 мг,
Нейрокс®,Этилметилгидроксипиридина сукцинат,"таблетки, покрытые пленочной оболочкой","125 мг, 250 мг",
Эторикоксиб-Тева,Эторикоксиб,"таблетки, покрытые пленочной оболочкой","30 мг, 60 мг, 90 мг, 120 мг",
ЭТАРИЯ,Эторикоксиб,"таблетки, покрытые пленочной оболочкой","60 мг, 90 мг, 120 мг",
Эториакс,Эторикоксиб,"таблетки, покрытые пленочной оболочкой","30 мг, 60 мг, 90 мг, 120 мг",
Костарокс®,Эторикоксиб,"таблетки, покрытые пленочной оболочкой","30 мг, 60 мг, 90 мг, 120 мг",
Эторикоксиб,Эторикоксиб,"таблетки, покрытые пленочной оболочкой","30 мг, 60 мг, 90 мг, 120 мг",
Бикситор®,Эторикоксиб,"таблетки, покрытые пленочной оболочкой","60 мг, 90 мг, 120 мг",
Риксия®,Эторикоксиб,"таблетки, покрытые пленочной оболочкой","30 мг, 60 мг, 90 мг, 120 мг",
Аторика® табс,Эторикоксиб,"таблетки, покрытые пленочной оболочкой","60 мг, 90 мг, 120 мг",
Эторелекс®,Эторикоксиб,"таблетки, покрытые пленочной оболочкой","30 мг, 60 мг, 90 мг, 120 мг",
Этосуксимид-натив,Этосуксимид,капсулы,250 мг,
Эфавиренз Канон,Эфавиренз,"таблетки, покрытые пленочной оболочкой","200 мг, 600 мг",
Эфавиренз,Эфавиренз,"таблетки, покрытые пленочной оболочкой",600 мг,
Эфавиренз-ТЛ,Эфавиренз,"таблетки, покрытые пленочной оболочкой","100 мг, 200 мг, 400 мг, 600 мг",
