ID;TYPENPA;DATEOFADOPTION;NUMBERDOCUMENT;NAME;DATEOFLASTADOPTION;DATEOUT;UNDOCUMENT;SUBJECT
1;"Федеральный закон";"29.12.2012";"273-ФЗ";"«Об образовании в Российской Федерации»";"01.09.2026";;false;00000
2;"Федеральный закон";"20.07.2012";"125-ФЗ";"«О донорстве крови и ее компонентов»";"01.09.2026";;false;00000
3;"Федеральный закон";"21.11.2011";"323-ФЗ";"«Об основах охраны здоровья граждан в Российской Федерации»";"04.08.2026";;false;00000
4;"Федеральный закон";"12.04.2010";"61-ФЗ";"«Об обращении лекарственных средств»";"01.09.2026";;false;00000
5;"Федеральный закон";"27.07.2006";"149-ФЗ";"«Об информации, информационных технологиях и о защите информации»";"01.09.2026";;false;00000
6;"Федеральный закон";"17.07.1999";"178-ФЗ";"«О государственной социальной помощи»";"26.07.2026";;false;00000
7;"Федеральный закон";"17.09.1998";"157-ФЗ";"«Об иммунопрофилактике инфекционных болезней»";"25.12.2023";;false;00000
8;"Федеральный закон";"09.01.1997";"5-ФЗ";"«О предоставлении социальных гарантий Героям Социалистического Труда, Героям Труда Российской Федерации и полным кавалерам ордена Трудовой Славы»";"01.09.2025";;false;00000
9;"Федеральный закон";"24.11.1995";"181-ФЗ";"«О социальной защите инвалидов в Российской Федерации»";"01.09.2026";;false;00000
10;"Федеральный закон";"12.01.1995";"5-ФЗ";"«О ветеранах»";"04.08.2026";;false;00000
11;"Закон РФ";"15.01.1993";"4301-1";"«О статусе Героев Советского Союза, Героев Российской Федерации и полных кавалеров ордена Славы»";"26.07.2026";;false;00000
12;"Закон РФ";"15.05.1991";"1244-1";"«О социальной защите граждан, подвергшихся воздействию радиации вследствие катастрофы на Чернобыльской АЭС»";"01.09.2025";;false;00000
13;"Указ Президента РФ";"15.09.2018";519;"«Об учреждении медали «За отвагу на пожаре» и установлении почетного звания «Заслуженный работник пожарной охраны Российской Федерации»»";"19.11.2021";;false;00000
14;"Указ Президента РФ";"19.07.2018";437;"«О некоторых вопросах государственной наградной системы Российской Федерации»";"19.11.2021";;false;00000
15;"Указ Президента РФ";"02.03.2018";94;"«Об учреждении знака отличия «За наставничество»»";"19.11.2021";;false;00000
16;"Указ Президента РФ";"29.03.2013";294;"«Об установлении звания Героя Труда Российской Федерации»";"19.11.2021";;false;00000
17;"Указ Президента РФ";"03.05.2012";573;"«Об учреждении ордена Святой великомученицы Екатерины и знака отличия «За благодеяние»»";"19.11.2021";;false;00000
18;"Указ Президента РФ";"03.02.2011";144;"«О премии Президента Российской Федерации для молодых деятелей культуры»";"06.10.2025";;false;00000
19;"Указ Президента РФ";"07.09.2010";1099;"«О мерах по совершенствованию государственной наградной системы Российской Федерации»";"22.12.2025";;false;00000
20;"Указ Президента РФ";"11.04.2008";487;"«О Почетной грамоте Президента Российской Федерации и благодарности Президента Российской Федерации»";"07.12.2016";;false;00000
21;"Приказ Минздрава России";"28.02.2019";"108н";"«Об утверждении Правил обязательного медицинского страхования»";"04.09.2024";"08.09.2025";false;00000
22;"Приказ Минздрава России";"14.01.2019";"4н";"«Об утверждении порядка назначения лекарственных препаратов, форм рецептурных бланков на лекарственные препараты, порядка оформления указанных бланков, их учета и хранения»";"08.10.2020";"28.02.2022";false;00000
23;"Приказ Минздрава России";"13.10.2017";"804н";"«Об утверждении номенклатуры медицинских услуг»";"24.09.2020";;false;00000
24;"Приказ Минздрава России";"10.05.2017";"203н";"«Об утверждении критериев оценки качества медицинской помощи»";;"01.09.2025";false;00000
25;"Приказ Минздрава России";"08.06.2016";"355н";"«Об утверждении порядка учета донорских органов и тканей человека, доноров органов и тканей, пациентов (реципиентов), форм медицинской документации и формы статистической отчетности в целях осуществления учета донорских органов и тканей человека, доноров органов и тканей, пациентов (реципиентов) и порядка их заполнения»";;;false;00000
26;"Приказ Минздрава России";"02.06.2016";"334н";"«Об утверждении Положения об аккредитации специалистов»";"28.09.2020";"28.02.2022";false;00000
27;"Приказ Минздрава России";"24.03.2016";"179н";"«О Правилах проведения патолого-анатомических исследований»";"25.03.2019";"01.09.2025";false;00000
28;"Приказ Минздрава России";"07.10.2015";"700н";"«О номенклатуре специальностей специалистов, имеющих высшее медицинское и фармацевтическое образование»";"09.12.2019";"31.08.2026";false;00000
29;"Приказ Минздрава России";"15.06.2015";"344н";"«О проведении обязательного медицинского освидетельствования водителей транспортных средств (кандидатов в водители транспортных средств)»";"24.11.2021";"28.02.2022";false;00000
30;"Приказ Минздрава России";"30.01.2015";"29н";"«О формах статистического учета и отчетности, используемых при организации оказания высокотехнологичной медицинской помощи с применением единой государственной информационной системы в сфере здравоохранения, порядках их заполнения и сроках представления»";"30.01.2018";;false;00000
31;"Приказ Минздрава России";"15.12.2014";"834н";"«Об утверждении унифицированных форм медицинской документации, используемых в медицинских организациях, оказывающих медицинскую помощь в амбулаторных условиях, и порядков по их заполнению»";"18.04.2024";"01.09.2025";false;00000
32;"Приказ Минздрава России";"21.03.2014";"125н";"«Об утверждении национального календаря профилактических прививок и календаря профилактических прививок по эпидемическим показаниям»";"03.02.2021";"30.12.2021";false;00000
33;"Приказ Минздрава России";"02.04.2013";"183н";"«Об утверждении правил клинического использования донорской крови и (или) ее компонентов»";;"01.01.2021";false;00000
34;"Приказ Минздрава России";"23.04.2013";"240н";"«О Порядке и сроках прохождения медицинскими работниками и фармацевтическими работниками аттестации для получения квалификационной категории»";"28.09.2020";"01.01.2022";false;00000
35;"Приказ Минздрава России";"20.12.2012";"1183н";"«Об утверждении Номенклатуры должностей медицинских работников и фармацевтических работников»";"04.09.2020";"31.08.2023";false;00000
36;"Приказ Минздрава России";"10.08.2012";"78н";"«О ведомственных наградах Министерства здравоохранения Российской Федерации»";"24.06.2021";"01.01.2026";false;00000
37;"Приказ Минздравсоцразвития России";"17.05.2012";"555н";"«Об утверждении номенклатуры коечного фонда по профилям медицинской помощи»";"16.12.2014";;false;00000
38;"Приказ Минздрава России";"06.06.2012";"4н";"«Об утверждении номенклатурной классификации медицинских изделий»";"17.08.2025";;false;00000
39;"Приказ Минздравсоцразвития России";"29.06.2011";"624н";"«Об утверждении Порядка выдачи листков нетрудоспособности»";"10.06.2019";"13.12.2020";false;00000
40;"Приказ Минздравсоцразвития России";"12.04.2011";"302н";"«Об утверждении перечней вредных и (или) опасных производственных факторов и работ, при выполнении которых проводятся обязательные предварительные и периодические медицинские осмотры (обследования), и Порядка проведения обязательных предварительных и периодических медицинских осмотров (обследований) работников, занятых на тяжелых работах и на работах с вредными и (или) опасными условиями труда»";"18.05.2020";"31.03.2021";false;00000
41;"Приказ Минздравсоцразвития России";"11.01.2011";"1н";"«Об утверждении Единого квалификационного справочника должностей руководителей, специалистов и служащих, раздел «Квалификационные характеристики должностей руководителей и специалистов высшего профессионального и дополнительного профессионального образования»";"25.01.2023";;false;00000
42;"Приказ Минздравсоцразвития России";"29.10.2010";938;"«Об утверждении перечней федеральных бюджетных и федеральных казенных учреждений, находящихся в ведении Министерства здравоохранения и социального развития Российской Федерации»";;;false;00000
43;"Приказ Минздравсоцразвития России";"16.04.2008";"176н";"«О Номенклатуре специальностей специалистов со средним медицинским и фармацевтическим образованием в сфере здравоохранения Российской Федерации»";"30.03.2010";"31.08.2026";false;00000
44;"Приказ Минздравсоцразвития России";"03.07.2008";"305н";"«Об утверждении профессиональных квалификационных групп должностей работников сферы научных исследований и разработок»";"19.12.2008";;false;00000
45;"Приказ Минздравсоцразвития России";"23.06.2006";500;"«О совершенствовании учета и анализа случаев материнской смерти в Российской Федерации»";;"01.01.2021";false;00000
46;"Приказ Минздравсоцразвития России";"22.11.2004";255;"«О Порядке оказания первичной медико-санитарной помощи гражданам, имеющим право на получение набора социальных услуг»";"15.12.2014";"01.09.2025";false;00000
47;"Приказ Минздравсоцразвития России";"21.02.2005";152;"«О дальнейшем развитии информационно-консультативной токсикологической помощи населению Российской Федерации»";;;false;00000
48;"Приказ Минздрава России";"21.03.2003";109;"«О совершенствовании противотуберкулезных мероприятий в Российской Федерации»";"05.06.2017";;false;00000
49;"Приказ Минздрава России";"05.08.2003";330;"«О мерах по совершенствованию лечебного питания в лечебно-профилактических учреждениях Российской Федерации»";"19.02.2024";;false;00000
50;"Приказ Минздрава России";"30.12.2002";413;"«Об утверждении учетной и отчетной медицинской документации»";;;false;00000
51;"Приказ Минздрава России";"21.02.2000";64;"«Об утверждении Номенклатуры клинических лабораторных исследований»";;;false;00000
52;"Приказ Минздрава России";"19.04.1999";135;"«О совершенствовании системы Государственного Ракового Регистра»";;;false;00000
53;"Приказ Минздрава России";"03.08.1999";303;"«О введении в действие Отраслевого стандарта «Протоколы ведения больных. Общие требования»»";;;false;00000
54;"Приказ Минздрава России";"25.12.1997";380;"«О состоянии и мерах по совершенствованию лабораторного обеспечения диагностики и лечения пациентов в учреждениях здравоохранения Российской Федерации»";;;false;00000
55;"Приказ Минздрава России";"27.05.1997";170;"«О переходе органов и учреждений здравоохранения Российской Федерации на Международную статистическую классификацию болезней и проблем, связанных со здоровьем, Х пересмотра»";"12.01.1998";;false;00000
56;"Приказ Минздрава России";"17.09.1993";220;"«О мерах по развитию и совершенствованию инфекционной службы в Российской Федерации»";;"19.05.2021";false;00000
57;"Приказ Минздрава СССР";"04.10.1980";1030;"«Об утверждении форм первичной медицинской документации учреждений здравоохранения»";"18.06.2007";"05.10.1988";false;00000
58;"Приказ Минздравсоцразвития России, Минобрнауки России";"11.03.2012";"213н; 178";"«Об утверждении методических рекомендаций по организации питания обучающихся и воспитанников образовательных учреждений»";;;true;00000
59;"Приказ Минтруда России, Минздрава России";"06.09.2018";"578н; 606н";"«Об утверждении формы направления на медико-социальную экспертизу медицинской организацией»";"28.08.2019";"01.01.2022";true;00000
60;"Приказ Минздрава России, РАН";"04.06.2015";"306н; 3";"«Об утверждении перечня объектов трансплантации»";"27.10.2020";"01.09.2025";true;00000
61;"Приказ Минтруда России";"13.06.2019";"398н";"«Об учреждении знака отличия Министерства труда и социальной защиты Российской Федерации «Почетный наставник Минтруда России»»";"09.07.2021";;false;00000
62;"Приказ Минтруда России";"19.09.2016";"533н";"«О ведомственном знаке отличия министерства труда и социальной защиты Российской Федерации»";"20.05.2020";;false;00000
63;"Приказ Минтруда России";"17.12.2015";"1024н";"«О классификациях и критериях, используемых при осуществлении медико-социальной экспертизы граждан федеральными государственными учреждениями медико-социальной экспертизы»";"05.07.2016";"01.01.2020";false;00000
64;"Приказ Минтруда России";"13.04.2015";"228н";"«Об утверждении формы акта медико-социальной экспертизы гражданина и Порядка его составления»";"06.04.2017";"21.10.2022";false;00000
65;"Приказ Минтруда России";"27.06.2000";190;"«О ведомственной награде Министерства труда и социального развития Российской Федерации»";;;false;00000
66;"Приказ Минпросвещения России, Минобрнауки России";"22.04.2019";"191; 35н";"«О признании утратившими силу некоторых приказов Министерства образования и науки Российской Федерации по вопросу награждения ведомственными наградами»";;;true;00000
67;"Приказ Минпросвещения России";"09.01.2019";1;"«О ведомственных наградах Министерства просвещения Российской Федерации»";;"30.09.2021";false;00000
68;"Приказ Минобрнауки России";"11.12.2018";"71н";"«О ведомственных наградах Министерства науки и высшего образования Российской Федерации»";;"25.09.2020";false;00000
69;"Приказ Минобрнауки России";"23.10.2017";1027;"«Об утверждении номенклатуры научных специальностей, по которым присуждаются ученые степени»";"23.03.2018";"16.04.2021";false;00000
70;"Приказ Минобрнауки России";"29.10.2013";1199;"«Об утверждении перечней профессий и специальностей среднего профессионального образования»";"02.03.2021";;false;00000
71;"Приказ Минобрнауки России";"12.09.2013";1060;"«Об утверждении перечней специальностей и направлений подготовки высшего образования, применяемых при реализации образовательных программ высшего образования, содержащих сведения, составляющие государственную тайну или служебную информацию ограниченного распространения»";"29.08.2022";;false;00000
72;"Приказ Минобрнауки России";"12.09.2013";1061;"«Об утверждении перечней специальностей и направлений подготовки высшего образования»";"13.12.2021";;false;00000
73;"Приказ Росстата";"03.08.2018";483;"«Об утверждении статистического инструментария для организации Министерством здравоохранения Российской Федерации федерального статистического наблюдения в сфере охраны здоровья»";"01.10.2018";"30.12.2019";false;00000
74;"Приказ Росстата";"27.12.2016";866;"«Об утверждении статистического инструментария для организации Министерством здравоохранения Российской Федерации федерального статистического наблюдения в сфере охраны здоровья»";"30.08.2019";;false;00000
75;"Приказ Росстата";"25.12.2014";723;"«Об утверждении статистического инструментария для организации Министерством здравоохранения Российской Федерации федерального статистического наблюдения в сфере здравоохранения»";"30.12.2015";"26.12.2022";false;00000
76;"Приказ Росстандарта";"12.12.2014";"2019-ст";"«О принятии и введении в действие Общероссийского классификатора информации о населении (ОКИН) ОК 018-2014»";;;false;00000
77;"Приказ Роспотребнадзора";"02.12.2014";1203;"«Об утверждении инструкций по заполнению форм федерального статистического наблюдения»";;;false;00000
78;"Приказ Роспатента";"04.04.2008";45;"«Об использовании базы данных международных непатентованных наименований (МНН)»";;;false;00000
79;"Распоряжение Правительства РФ";"22.10.2018";"2273-р";"«Об утверждении перечня специализированных продуктов лечебного питания для детей-инвалидов на 2019 год»";;;false;00000
80;"Постановление Правительства РФ";"10.12.2018";1506;"«О программе государственных гарантий бесплатного оказания гражданам медицинской помощи на 2019 год и на плановый период 2020 и 2021 годов»";"12.04.2019";"01.01.2020";false;00000
81;"Постановление Правительства РФ";"16.07.2016";674;"«О формировании и ведении федерального реестра инвалидов и об использовании содержащихся в нем сведений»";"24.03.2022";"31.12.2023";false;00000
82;"Постановление Правительства РФ";"25.06.2016";578;"«О порядке учреждения ведомственных знаков отличия, дающих право на присвоение звания «Ветеран труда», федеральными органами исполнительной власти, руководство деятельностью которых осуществляет Правительство Российской Федерации, и награждения указанными знаками отличия»";;;false;00000
83;"Постановление Правительства РФ";"06.08.2015";813;"«Об утверждении положения о государственной системе миграционного и регистрационного учета, а также изготовления, оформления и контроля обращения документов, удостоверяющих личность»";"21.10.2024";;false;00000
84;"Постановление Правительства РФ";"08.08.2013";678;"«Об утверждении номенклатуры должностей педагогических работников организаций, осуществляющих образовательную деятельность, должностей руководителей образовательных организаций»";;"01.03.2022";false;00000
85;"Постановление Правительства РФ";"26.11.2012";1228;"«О порядке награждения доноров крови и (или) ее компонентов нагрудным знаком «Почетный донор России»»";"24.01.2023";;false;00000
86;"Постановление Правительства РФ";"31.01.2009";73;"«О Почетной грамоте Правительства Российской Федерации и благодарности Правительства Российской Федерации»";"24.09.2025";;false;00000
87;"Постановление Правительства РФ";"26.05.2008";388;"«О медали Столыпина П.А.»";"18.06.2020";;false;00000
88;"Постановление Правительства РФ";"20.02.2006";95;"«О порядке и условиях признания лица инвалидом»";"26.11.2020";"30.06.2022";false;00000
89;"Постановление Правительства РФ";"12.02.2003";91;"«Об удостоверении военнослужащего Российской Федерации»";"29.12.2016";;false;00000
90;"Постановление Правительства РФ";"26.08.1995";842;"«Об утверждении Положения о нагрудном знаке «Почетный донор России» и описания этого знака»";"04.09.2012";"31.12.2023";false;00000
91;"Постановление Минтруда России";"21.08.1998";37;"«Об утверждении Квалификационного справочника должностей руководителей, специалистов и других служащих»";"27.03.2018";;false;00000
92;"Приказ Росстата";"30.12.2019";830;"«Об утверждении форм федерального статистического наблюдения с указаниями по их заполнению для организации Министерством здравоохранения Российской Федерации федерального статистического наблюдения в сфере охраны здоровья»";;"30.12.2020";false;00000
93;"Распоряжение Правительства РФ";"11.12.2019";"2984-р";"«Об утверждении перечня специализированных продуктов лечебного питания для детей-инвалидов на 2020 год»";;;false;00000
94;"Приказ Минтруда России";"27.08.2019";"585н";"«О классификациях и критериях, используемых при осуществлении медико-социальной экспертизы граждан федеральными государственными учреждениями медико-социальной экспертизы»";"06.10.2021";"01.03.2025";false;00000
95;"Приказ Минздравсоцразвития России";"15.05.2012";"543н";"«Об утверждении Положения об организации оказания первичной медико-санитарной помощи взрослому населению»";"08.08.2020";"01.09.2025";false;00000
96;"Приказ Минздравсоцразвития России";"17.03.2006";166;"«Об утверждении Инструкции по заполнению годовой формы федерального государственного статистического наблюдения №61 «Сведения о контингентах больных ВИЧ-инфекцией»»";;;false;00000
97;"Федеральный закон";"15.12.2001";"167-ФЗ";"«Об обязательном пенсионном страховании в Российской Федерации»";"01.07.2026";;false;00000
98;"Постановление Правительства РФ";"07.12.2019";1610;"«О Программе государственных гарантий бесплатного оказания гражданам медицинской помощи на 2020 год и на плановый период 2021 и 2022 годов»";"05.06.2020";"01.01.2021";false;00000
99;"Постановление Правительства РФ";"26.11.2018";1416;"«О порядке организации обеспечения лекарственными препаратами лиц, больных гемофилией, муковисцидозом, гипофизарным нанизмом, болезнью Гоше, злокачественными новообразованиями лимфоидной, кроветворной и родственных им тканей, рассеянным склерозом, гемолитико-уремическим синдромом, юношеским артритом с системным началом, мукополисахаридозом I, II и VI типов, лиц после трансплантации органов и (или) тканей, а также о признании утратившими силу некоторых актов Правительства Российской Федерации»";"19.06.2025";;false;00000
100;"Распоряжение Правительства РФ";"12.10.2019";"2406-р";"«Об утверждении перечня жизненно необходимых и важнейших лекарственных препаратов, а также перечней лекарственных препаратов для медицинского применения и минимального ассортимента лекарственных препаратов, необходимых для оказания медицинской помощи»";"20.03.2025";"24.02.2026";false;00000
101;"Постановление Правительства РФ";"26.04.2012";403;"«О порядке ведения Федерального регистра лиц, страдающих жизнеугрожающими и хроническими прогрессирующими редкими (орфанными) заболеваниями, приводящими к сокращению продолжительности жизни граждан или их инвалидности, и его регионального сегмента»";"05.06.2020";;false;00000
102;"Постановление Правительства РФ";"30.07.1994";890;"«О государственной поддержке развития медицинской промышленности и улучшении обеспечения населения и учреждений здравоохранения лекарственными средствами и изделиями медицинского назначения»";"14.02.2002";;false;00000
103;"Приказ Минздрава России";"31.05.2019";"348н";"«Об утверждении перечня медицинских изделий, предназначенных для поддержания функций органов и систем организма человека, предоставляемых для использования на дому»";"02.11.2020";"24.08.2025";false;00000
104;"Федеральный закон";"04.05.2011";"99-ФЗ";"«О лицензировании отдельных видов деятельности»";"15.08.2026";;false;00000
105;"Федеральный закон";"27.11.2010";"311-ФЗ";"«О таможенном регулировании в Российской Федерации»";"24.02.2021";;false;00000
106;"Федеральный закон";"08.08.2001";"129-ФЗ";"«О государственной регистрации юридических лиц и индивидуальных предпринимателей»";"04.08.2026";;false;00000
107;"Федеральный закон";"24.06.1999";"120-ФЗ";"«Об основах системы профилактики безнадзорности и правонарушений несовершеннолетних»";"04.08.2026";;false;00000
108;"Федеральный закон";"23.02.1995";"26-ФЗ";"«О природных лечебных ресурсах, лечебно-оздоровительных местностях и курортах»";"28.12.2024";;false;00000
109;"Приказ Минздрава России";"06.08.2013";"529н";"«Об утверждении номенклатуры медицинских организаций»";"19.02.2020";;false;00000
110;"Приказ Минздрава России";"15.02.2013";"72н";"«О проведении диспансеризации пребывающих в стационарных учреждениях детей-сирот и детей, находящихся в трудной жизненной ситуации»";"19.11.2020";"01.09.2025";false;00000
111;"Приказ Минздрава России";"15.11.2012";"928н";"«Об утверждении Порядка оказания медицинской помощи больным с острыми нарушениями мозгового кровообращения»";"21.02.2020";;false;00000
112;"Приказ Минздрава России";"01.11.2012";"572н";"«Об утверждении Порядка оказания медицинской помощи по профилю «акушерство и гинекология» (за исключением использования вспомогательных репродуктивных технологий)»";"21.02.2020";"01.01.2021";false;00000
113;"Приказ Минздравсоцразвития России";"01.08.2007";513;"«Об утверждении стандарта медицинской помощи больным с инсультом (при оказании специализированной помощи)»";;"09.07.2024";false;00000
114;"Приказ Минздравсоцразвития России";"25.12.2006";874;"«Об утверждении формы Направления на медико-социальную экспертизу, выдаваемого органом, осуществляющим пенсионное обеспечение, или органом социальной защиты населения»";"28.10.2009";;false;00000
115;"Приказ Минздрава России";"04.03.2003";79;"«Об утверждении формы заявки на приобретение медицинской техники»";;;false;00000
116;"Приказ Минздрава России";"31.12.2002";420;"«Об утверждении форм первичной медицинской документации для психиатрических и наркологических учреждений»";;;false;00000
117;"Приказ Минздрава России";"28.04.1998";140;"«Об утверждении Стандартов (моделей протоколов) диагностики и лечения наркологических больных»";;;false;00000
118;"Приказ Минздрава России";"14.02.1997";46;"«О внедрении «Талона амбулаторного пациента»»";;;false;00000
119;"Приказ Минтруда России";"29.12.2015";"1171н";"«Об утверждении формы протокола проведения медико-социальной экспертизы гражданина в федеральном государственном учреждении медико-социальной экспертизы»";"04.04.2019";"26.09.2022";false;00000
120;"Приказ Росстандарта";"22.09.2014";"1161-ст";"«Об утверждении национального стандарта»";;;false;00000
121;"Приказ ФФОМС";"07.04.2011";79;"«Об утверждении Общих принципов построения и функционирования информационных систем и порядка информационного взаимодействия в сфере обязательного медицинского страхования»";"16.11.2021";;false;00000
122;"Приказ ФФОМС";"20.01.2011";16;"«Об утверждении отчетных форм по проведению дополнительной диспансеризации»";;;false;00000
123;"Приказ Росстата";"30.12.2015";672;"«Об утверждении статистического инструментария для организации Министерством здравоохранения Российской Федерации федерального статистического наблюдения в сфере здравоохранения»";"24.01.2020";;false;00000
124;"Приказ Росстата";"29.12.2011";520;"«Об утверждении статистического инструментария для организации Минздравсоцразвития России федерального статистического наблюдения за деятельностью учреждений системы здравоохранения»";"24.12.2018";;false;00000
125;"Постановление Росстата";"01.04.2005";25;"«Об утверждении статистического инструментария для организации статистического наблюдения за беспризорными и безнадзорными несовершеннолетними»";"29.12.2018";;false;00000
126;"Приказ Минрегиона России";"29.12.2011";"635/10";"«Об утверждении свода правил СНиП 31-06-2009 «Общественные здания и сооружения»»";;"31.08.2022";false;00000
127;"Приказ Ростехрегулирования";"27.12.2007";"559-ст";"«Об утверждении национального стандарта»";;;false;00000
128;"Постановление Правительства РФ";"16.04.2012";291;"«О лицензировании медицинской деятельности (за исключением указанной деятельности, осуществляемой медицинскими организациями и другими организациями, входящими в частную систему здравоохранения, на территории инновационного центра«Сколково»)»";"28.11.2020";"31.08.2021";false;00000
129;"Постановление Госстандарта России";"14.12.2001";"529-ст";"«О принятии и введении в действие Общероссийского классификатора стран мира» (вместе с «ОК (МК (ИСО 3166) 004-97) 025-2001...»)";"05.06.2024";;false;00000
130;"Приказ Ростехрегулирования";"27.12.2007";"555-ст";"«Об утверждении национального стандарта»";;"01.12.2021";false;00000
132;"Приказ Росстандарта";"17.10.2013";"1172-ст";"«Об утверждении национального стандарта»";;;false;00000
133;"Приказ Минздравсоцразвития России";"26.12.2008";"782н";"«Об утверждении и порядке ведения медицинской документации, удостоверяющей случаи рождения и смерти»";"27.12.2011";"31.08.2021";false;00000
134;"Приказ Минздравсоцразвития России";"27.12.2011";"1687н";"«О медицинских критериях рождения, форме документа о рождении и порядке его выдачи»";"13.10.2021";;false;00000
135;"Закон РФ";"25.06.1993";"5242-1";"«О праве граждан Российской Федерации на свободу передвижения, выбор места пребывания и жительства в пределах Российской Федерации»";"01.05.2026";;false;00000
136;"Приказ Минздрава России";"24.04.2003";174;"«Об утверждении учетных форм для цитологических исследований»";;;false;00000
139;"Приказ Минздрава России, Минюста России";"09.08.2001";"311; 242";"«Об освобождении от отбывания наказания осужденных к лишению свободы в связи с тяжелой болезнью»";"01.11.2002";"01.01.2021";true;00000
140;"Приказ Минздрава России";"21.08.2017";"538н";"«Об утверждении примерных дополнительных профессиональных программ по специальности «Рентгенология»»";"30.09.2020";;false;00000
141;"Приказ Минздрава России";"23.03.2015";"134н";"«О формах Национального радиационно-эпидемиологического регистра, порядке верификации информации, включенной в единую федеральную базу данных Национального радиационно-эпидемиологического регистра, а также доступа к ней»";;;false;00000
142;"Приказ Минздрава России";"11.03.2013";"121н";"«Об утверждении Требований к организации и выполнению работ (услуг) при оказании первичной медико-санитарной, специализированной (в том числе высокотехнологичной), скорой (в том числе скорой специализированной), паллиативной медицинской помощи, оказании медицинской помощи при санаторно-курортном лечении, при проведении медицинских экспертиз, медицинских осмотров, медицинских освидетельствований и санитарно-противоэпидемических (профилактических) мероприятий в рамках оказания медицинской помощи, при трансплантации (пересадке) органов и (или) тканей, обращении донорской крови и (или) ее компонентов в медицинских целях»";"25.03.2019";"10.09.2021";false;00000
143;"Приказ Минздрава России";"24.12.2012";"1355н";"«Об утверждении формы типового договора на оказание и оплату медицинской помощи по обязательному медицинскому страхованию»";"25.03.2016";"23.01.2021";false;00000
144;"Приказ Минздрава России";"15.11.2012";"922н";"«Об утверждении Порядка оказания медицинской помощи взрослому населению по профилю «хирургия»»";;;false;00000
145;"Приказ Минздрава России";"09.01.2020";"1н";"«Об утверждении перечня лекарственных препаратов для медицинского применения для обеспечения в течение одного года в амбулаторных условиях лиц, которые перенесли острое нарушение мозгового кровообращения, инфаркт миокарда, а также которым были выполнены аортокоронарное шунтирование, ангиопластика коронарных артерий со стентированием и катетерная абляция по поводу сердечно-сосудистых заболеваний»";;"25.10.2021";false;00000
146;"Указ Президента РФ";"15.10.1992";1235;"«О предоставлении льгот бывшим несовершеннолетним узникам концлагерей, гетто и других мест принудительного содержания, созданных фашистами и их союзниками в период второй мировой войны»";;;false;00000
147;"Закон РФ";"18.10.1991";"1761-1";"«О реабилитации жертв политических репрессий»";"25.12.2023";;false;00000
148;"Указ Президента РФ";"19.06.2020";404;"«Об учреждении ордена Пирогова и медали Луки Крымского»";"01.02.2024";;false;00000
149;"Приказ Министра обороны РФ";"20.10.2014";770;"«О мерах по реализации в Вооруженных Силах Российской Федерации правовых актов по вопросам проведения военно-врачебной экспертизы»";"16.10.2019";;false;00000
150;"Постановление Правительства РФ";"04.07.2013";565;"«Об утверждении Положения о военно-врачебной экспертизе»";"25.03.2026";;false;00000
151;"Постановление Правительства РФ";"27.12.2004";856;"«Об утверждении Правил обеспечения бесплатными медикаментами для лечения ВИЧ-инфекции в амбулаторных условиях в федеральных специализированных медицинских учреждениях»";;;false;00000
152;"Постановление Правительства РФ";"26.12.2017";1640;"«Об утверждении государственной программы Российской Федерации «Развитие здравоохранения»»";"12.06.2026";;false;00000
153;"Федеральный закон";"26.11.1998";"175-ФЗ";"«О социальной защите граждан Российской Федерации, подвергшихся воздействию радиации вследствие аварии в 1957 году на производственном объединении «Маяк» и сбросов радиоактивных отходов в реку Теча»";"10.07.2023";;false;00000
154;"Федеральный закон";"10.01.2002";"2-ФЗ";"«О социальных гарантиях гражданам, подвергшимся радиационному воздействию вследствие ядерных испытаний на Семипалатинском полигоне»";"10.07.2023";;false;00000
155;"Приказ Минздрава России";"04.06.2020";"548н";"«Об утверждении порядка диспансерного наблюдения за взрослыми с онкологическими заболеваниями»";;;false;00000
156;"Приказ Минздрава России";"11.07.2017";"403н";"«Об утверждении правил отпуска лекарственных препаратов для медицинского применения, в том числе иммунобиологических лекарственных препаратов, аптечными организациями, индивидуальными предпринимателями, имеющими лицензию на фармацевтическую деятельность»";"07.07.2020";"28.02.2022";false;00000
157;"Федеральный закон";"18.06.2001";"77-ФЗ";"«О предупреждении распространения туберкулеза в Российской Федерации»";"03.08.2018";;false;00000
158;"Приказ Минздрава России";"10.08.2017";"514н";"«О Порядке проведения профилактических медицинских осмотров несовершеннолетних»";"19.11.2020";"01.09.2025";false;00000
159;"Приказ Минздрава РСФСР";"02.08.1991";132;"«О совершенствовании службы лучевой диагностики»";;"03.12.2020";false;00000
160;"Приказ Роспотребнадзора";"25.05.2012";582;"«О Почетной грамоте Федеральной службы по надзору в сфере защиты прав потребителей и благополучия человека»";"28.09.2020";;false;00000
161;"Приказ Роспотребнадзора";"13.06.2017";438;"«Об учреждении памятной медали «95 лет ГОССАНЭПИДСЛУЖБЕ РОССИИ» Федеральной службы по надзору в сфере защиты прав потребителей и благополучия человека»";"03.06.2020";;false;00000
162;"Приказ Роспотребнадзора";"01.08.2012";802;"«Об учреждении памятной медали «90 лет Госсанэпидслужбе России» Федеральной службы по надзору в сфере защиты прав потребителей и благополучия человека»";"28.09.2020";;false;00000
163;"Приказ Роспотребнадзора";"20.01.2017";22;"«Об учреждении нагрудного знака «Почетный работник Роспотребнадзора»»";"28.09.2020";;false;00000
164;"Приказ Минздравсоцразвития России";"09.02.2007";102;"«О паспорте врачебного участка (педиатрического)»";;;false;00000
165;"Приказ Минздрава России";"15.11.2012";"915н";"«Об утверждении Порядка оказания медицинской помощи населению по профилю «онкология»»";"05.02.2019";"01.01.2022";false;00000
166;"Постановление Правительства РФ";"14.10.2010";834;"«Об особенностях списания федерального имущества»";"17.04.2024";;false;00000
167;"Приказ Минфина России";"13.10.2003";"91н";"«Об утверждении Методических указаний по бухгалтерскому учету основных средств»";"24.12.2010";"01.01.2022";false;00000
168;"Указ Президента РФ";"07.05.2018";204;"«О национальных целях и стратегических задачах развития Российской Федерации на период до 2024 года»";"21.07.2020";;false;00000
169;"Постановление ВС РФ";"27.12.1991";"2123-1";"«О распространении действия Закона РСФСР «О социальной защите граждан, подвергшихся воздействию радиации вследствие катастрофы на Чернобыльской АЭС» на граждан из подразделений особого риска»";"29.06.2015";;false;00000
170;"Федеральный закон";"22.08.2004";"122-ФЗ";"«О внесении изменений в законодательные акты Российской Федерации и признании утратившими силу некоторых законодательных актов Российской Федерации в связи с принятием федеральных законов «О внесении изменений и дополнений в Федеральный закон «Об общих принципах организации законодательных (представительных) и исполнительных органов государственной власти субъектов Российской Федерации»» и «Об общих принципах организации местного самоуправления в Российской Федерации»»";"01.09.2026";;false;00000
171;"Приказ Минздрава России";"27.07.2016";"538н";"«Об утверждении Перечня наименований лекарственных форм лекарственных препаратов для медицинского применения»‎";;"27.06.2024";false;00000
172;"Приказ Минздравсоцразвития России";"12.05.2010";"346н";"«Об утверждении Порядка организации и производства судебно-медицинских экспертиз в государственных судебно-экспертных учреждениях Российской Федерации»";;"01.09.2024";false;00000
173;"Приказ Минздравсоцразвития России";"12.02.2007";110;"«О порядке назначения и выписывания лекарственных препаратов, изделий медицинского назначения и специализированных продуктов лечебного питания»";"24.11.2021";;false;00000
174;"Приказ Минздрава России";"20.12.2012";"1181н";"«Об утверждении порядка назначения и выписывания медицинских изделий, а также форм рецептурных бланков на медицинские изделия и порядка оформления указанных бланков, их учета и хранения»";;;false;00000
175;"Приказ Минфина России";"31.08.2018";"186н";"«О Требованиях к составлению и утверждению плана финансово-хозяйственной деятельности государственного (муниципального) учреждения»";"25.08.2022";;false;00000
176;"Постановление Правительства РФ";"12.10.2020";1656;"«Об утверждении Правил ведения Федерального регистра граждан, имеющих право на обеспечение лекарственными препаратами, медицинскими изделиями и специализированными продуктами лечебного питания за счет бюджетных ассигнований федерального бюджета и бюджетов субъектов Российской Федерации»";"01.03.2026";;false;00000
177;"Постановление Правительства РФ";"08.04.2017";426;"«Об утверждении Правил ведения Федерального регистра лиц, инфицированных вирусом иммунодефицита человека, и Федерального регистра лиц, больных туберкулезом»";"26.06.2021";;false;00000
178;"Приказ Росстата";"24.01.2020";26;"«Об утверждении формы федерального статистического наблюдения с указаниями по ее заполнению для организации Министерством здравоохранения Российской Федерации федерального статистического наблюдения в сфере охраны здоровья»";;"30.12.2020";false;00000
179;"Постановление Правительства РФ";"24.09.2013";842;"«О порядке присуждения ученых степеней»";"26.07.2026";;false;00000
180;"Указ Президента РФ";"13.05.2000";849;"«О полномочном представителе Президента Российской Федерации в федеральном округе»";"26.06.2023";;false;00000
181;"Приказ Минздрава России";"15.11.2012";"918н";"«Об утверждении порядка оказания медицинской помощи больным с сердечно-сосудистыми заболеваниями»";"21.02.2020";;false;00000
182;"Приказ Минздравсоцразвития России";"27.01.2006";40;"«Об организации проведения химико-токсикологических исследований при аналитической диагностике наличия в организме человека алкоголя, наркотических средств, психотропных и других токсических веществ»";;"01.09.2025";false;00000
183;"Постановление Правительства РФ";"30.10.2020";1762;"«О государственной социальной поддержке в 2020 - 2022 годах медицинских и иных работников медицинских и иных организаций (их структурных подразделений), оказывающих медицинскую помощь (участвующих в оказании, обеспечивающих оказание медицинской помощи) по диагностике и лечению новой коронавирусной инфекции (COVID-19), медицинских работников, контактирующих с пациентами с установленным диагнозом новой коронавирусной инфекции (COVID-19), внесении изменений во Временные правила учета информации в целях предотвращения распространения новой коронавирусной инфекции (COVID-19) и признании утратившими силу отдельных актов Правительства Российской Федерации»";"23.12.2021";;false;00000
184;"Приказ Минтруда России";"21.06.2019";"435н";"«Об утверждении формы сведений о результатах проведенной медико-социальной экспертизы»";;;false;00000
185;"Распоряжение Правительства РФ";"31.12.2018";"3053-р";"«Об утверждении перечня медицинских изделий, имплантируемых в организм человека при оказании медицинской помощи в рамках программы государственных гарантий бесплатного оказания гражданам медицинской помощи, а также перечня медицинских изделий, отпускаемых по рецептам на медицинские изделия при предоставлении набора социальных услуг»";"20.02.2024";;false;00000
186;"Приказ Минздрава России";"29.03.2019";"173н";"«‎Об утверждении порядка проведения диспансерного наблюдения за взрослыми»‎";;"31.08.2022";false;00000
187;"Приказ Минздрава России";"13.03.2019";"127н";"«‎Об утверждении порядка диспансерного наблюдения за больными туберкулезом, лицами, находящимися или находившимися в контакте с источником туберкулеза, а также лицами с подозрением на туберкулез и излеченными от туберкулеза и признании утратившими силу пунктов 16 - 17 Порядка оказания медицинской помощи больным туберкулезом, утвержденного приказом Министерства здравоохранения Российской Федерации от 15 ноября 2012 г. №932н»‎";;;false;00000
188;"Постановление Главного государственного санитарного врача РФ";"11.01.2011";1;"«‎Об утверждении СП 3.1.5.2826-10 «‎Профилактика ВИЧ-инфекции»»‎";;"31.08.2021";false;00000
189;"Постановление Правительства РФ";"28.12.2020";2299;"«О Программе государственных гарантий бесплатного оказания гражданам медицинской помощи на 2021 год и на плановый период 2022 и 2023 годов»";"19.11.2021";"01.01.2022";false;00000
190;"Приказ Минздравсоцразвития России";"02.12.2009";942;"«Об утверждении статистического инструментария станции (отделения), больницы скорой медицинской помощи»";"15.09.2020";;false;00000
191;"Приказ Минздрава России";"31.07.2020";"780н";"«Об утверждении видов аптечных организаций»";;;false;00000
192;"Приказ Росстата";"30.12.2020";863;"«Об утверждении форм федерального статистического наблюдения с указаниями по их заполнению для организации Министерством здравоохранения Российской Федерации федерального статистического наблюдения в сфере охраны здоровья»";"15.12.2025";"29.12.2025";false;00000
193;"Приказ Росстата";"18.12.2020";812;"«Об утверждении форм федерального статистического наблюдения с указаниями по их заполнению для организации Министерством здравоохранения Российской Федерации федерального статистического наблюдения в сфере охраны здоровья»";;"20.12.2021";false;00000
194;"Приказ Росстата";"31.12.2020";876;"«Об утверждении форм федерального статистического наблюдения с указаниями по их заполнению для организации Министерством здравоохранения Российской Федерации федерального статистического наблюдения в сфере охраны здоровья»";"20.12.2021";"08.04.2024";false;00000
195;"Федеральный закон";"29.11.2010";"326-ФЗ";"«Об обязательном медицинском страховании в Российской Федерации»";"01.09.2026";;false;00000
196;"Постановление Правительства РФ";"04.10.2012";1006;"«Об утверждении Правил предоставления медицинскими организациями платных медицинских услуг»";;"01.09.2023";false;00000
197;"Постановление Правительства РФ";"22.06.2019";797;"«Об утверждении Правил заготовки, хранения, транспортировки и клинического использования донорской крови и ее компонентов и о признании утратившими силу некоторых актов Правительства Российской Федерации»";;"01.09.2025";false;00000
198;"Приказ Минздрава России";"14.09.2020";"972н";"«Об утверждении Порядка выдачи медицинскими организациями справок и медицинских заключений»";"12.11.2021";"31.08.2026";false;00000
199;"Приказ Минздрава России";"30.06.2016";"441н";"«О порядке проведения медицинского освидетельствования на наличие медицинских противопоказаний к владению оружием и химико-токсикологических исследований наличия в организме человека наркотических средств, психотропных веществ и их метаболитов»";;"28.02.2022";false;00000
200;"Приказ Минздрава России";"23.10.2020";"1144н";"«Об утверждении порядка организации оказания медицинской помощи лицам, занимающимся физической культурой и спортом (в том числе при подготовке и проведении физкультурных мероприятий и спортивных мероприятий), включая порядок медицинского осмотра лиц, желающих пройти спортивную подготовку, заниматься физической культурой и спортом в организациях и (или) выполнить нормативы испытаний (тестов) Всероссийского физкультурно-спортивного комплекса ««Готов к труду и обороне» (ГТО)» и форм медицинских заключений о допуске к участию физкультурных и спортивных мероприятиях»";"22.02.2022";"31.08.2026";false;00000
201;"Приказ Минздрава России";"31.07.2020";"788н";"«Об утверждении Порядка организации медицинской реабилитации взрослых»";"04.11.2025";;false;00000
202;"Приказ Минздрава России";"06.06.2013";"354н";"«О порядке проведения патолого-анатомических вскрытий»";;"01.09.2025";false;00000
203;"Распоряжение Правительства РФ";"07.12.2020";"3242-р";"«Об утверждении перечня специализированных продуктов лечебного питания для детей-инвалидов на 2021 год»";;;false;00000
204;"Приказ Росгвардии";"02.10.2018";444;"«Об утверждении Инструкции об особенностях организации оказания медицинской помощи в медицинских организациях войск национальной гвардии Российской Федерации, в том числе при санаторно-курортном лечении»";"22.11.2021";;false;00000
205;"Приказ Минздрава России";"01.09.2020";"925н";"«Об утверждении порядка выдачи и оформления листков нетрудоспособности, включая порядок формирования листков нетрудоспособности в форме электронного документа»";;"31.12.2021";false;00000
206;"Приказ Минобрнауки России";"24.02.2021";118;"«Об утверждении номенклатуры научных специальностей, по которым присуждаются ученые степени, и внесении изменения в Положение о совете по защите диссертаций на соискание ученой степени кандидата наук, на соискание ученой степени доктора наук, утвержденное приказом Министерства образования и науки Российской Федерации от 10 ноября 2017 г. №1093»";"01.09.2026";;false;00000
207;"Приказ Минздрава России";"13.03.2019";"124н";"«Об утверждении порядка проведения профилактического медицинского осмотра и диспансеризации определенных групп взрослого населения»";"02.12.2020";"30.06.2021";false;00000
208;"Приказ Минздрава России";"20.10.2020";"1130н";"«Об утверждении Порядка оказания медицинской помощи по профилю «акушерство и гинекология»»";"10.01.2026";;false;00000
209;"Приказ Минздрава России";"30.11.2017";"965н";"«Об утверждении порядка организации и оказания медицинской помощи с применением телемедицинских технологий»";;"01.09.2025";false;00000
210;"Приказ Минздрава России";"30.12.2020";"1417н";"«Об утверждении формы типового договора на оказание и оплату медицинской помощи по обязательному медицинскому страхованию»";;"01.09.2025";false;00000
211;"Приказ Минздрава России";"07.09.2020";"947н";"«Об утверждении Порядка организации системы документооборота в сфере охраны здоровья в части ведения медицинской документации в форме электронных документов»";;"31.08.2026";false;00000
212;"Приказ Минздрава России";"28.07.2000";286;"«Об утверждении «Медицинской карты ребенка, воспитывающегося в доме ребенка»»";;;false;00000
213;"Приказ Минтруда России";"28.11.2019";"742н";"«Об утверждении Порядка установления причин инвалидности»";"17.11.2020";"03.04.2023";false;00000
214;"Приказ Минздрава России";"03.02.2021";"47н";"«О внесении изменения в календарь профилактических прививок по эпидемическим показаниям, утвержденный приказом Министерства здравоохранения Российской Федерации от 21 марта 2014 г. №125н»";;"31.12.2021";false;00000
215;"Приказ Минкомсвязи России";"10.01.2018";1;"«Об утверждении Правил электронного обмена данными в национальном сегменте Российской Федерации интегрированной информационной системы Евразийского экономического союза»";;;false;00000
216;"Приказ Минздрава России";"27.04.2021";"404н";"«Об утверждении Порядка проведения профилактического медицинского осмотра и диспансеризации определенных групп взрослого населения»";"01.09.2026";;false;00000
217;"Приказ Минздрава России, Роспотребнадзора";"10.10.2013";"726н; 740";"«Об оптимизации системы информирования о случаях инфекционных и паразитарных болезней»";"10.11.2016";;true;00000
218;"Приказ Минтруда России, Минздрава России";"31.12.2020";"988н; 1420н";"«Об утверждении перечня вредных и (или) опасных производственных факторов и работ, при выполнении которых проводятся обязательные предварительные медицинские осмотры при поступлении на работу и периодические медицинские осмотры»";;;true;00000
219;"Приказ Минздрава России";"28.01.2021";"29н";"«Об утверждении Порядка проведения обязательных предварительных и периодических медицинских осмотров работников, предусмотренных частью четвертой статьи 213 Трудового кодекса Российской Федерации, перечня медицинских противопоказаний к осуществлению работ с вредными и (или) опасными производственными факторами, а также работам, при выполнении которых проводятся обязательные предварительные и периодические медицинские осмотры»";"01.09.2026";;false;00000
220;"Приказ Минздрава России, МНС РФ";"25.07.2001";"289; БГ-3-04/256";"«О реализации Постановления Правительства Российской Федерации от 19 марта 2001 г. №201 «Об утверждении перечней медицинских услуг и дорогостоящих видов лечения в медицинских учреждениях Российской Федерации, лекарственных средств, суммы оплаты которых за счет собственных средств налогоплательщика учитываются при определении суммы социального налогового вычета»»";;;true;00000
221;"Федеральный закон";"27.07.2006";"152-ФЗ";"«О персональных данных»";"26.07.2026";;false;00000
222;"Постановление Правительства РФ";"01.06.2021";852;"«О лицензировании медицинской деятельности (за исключением указанной деятельности, осуществляемой медицинскими организациями и другими организациями, входящими в частную систему здравоохранения, на территории инновационного центра «Сколково») и признании утратившими силу некоторых актов Правительства Российской Федерации»";"10.05.2025";;false;00000
223;"Приказ Минздрава России";"15.04.2021";"352н";"«Об утверждении учетных форм медицинской документации, удостоверяющей случаи смерти, и порядка их выдачи»";;;false;00000
224;"Постановление Главного государственного санитарного врача РФ";"28.01.2021";4;"«‎Об утверждении санитарных правил и норм СанПиН 3.3686-21 «‎Санитарно-эпидемиологические требования по профилактике инфекционных болезней»‎»‎";"05.08.2025";;false;00000
225;"Приказ Минздрава России";"19.08.2021";"866н";"«Об утверждении классификатора работ (услуг), составляющих медицинскую деятельность»";"11.07.2025";;false;00000
226;"Постановление Правительства РФ";"16.10.2020";1697;"«О Временном порядке признания лица инвалидом»";"17.02.2022";"01.07.2022";false;00000
227;"Постановление Госстандарта России";"26.12.1994";367;"«О принятии и введении в действие Общероссийского классификатора профессий рабочих, должностей служащих и тарифных разрядов ОК 016-94»";"01.01.1996";;false;00000
228;"Приказ Минтруда России, Минздрава России";"01.02.2021";"27н; 36н";"«Об утверждении формы направления на медико-социальную экспертизу медицинской организацией и порядка ее заполнения»";;"20.11.2022";true;00000
229;"Приказ Минтруда России, Минздрава России";"10.06.2021";"402н; 631н";"«Об утверждении перечня медицинских обследований, необходимых для получения клинико-функциональных данных в зависимости от заболевания в целях проведения медико-социальной экспертизы»";;"19.08.2024";true;00000
230;"Приказ Росстандарта";"02.10.2020";"737-ст";"«О введении в действие межгосударственного стандарта»";;;false;00000
231;"Приказ Минздрава России";"25.02.2021";133;"«Об утверждении общих фармакопейных статей и фармакопейной статьи и внесении изменений в приказ Министерства здравоохранения Российской Федерации от 31 октября 2018 г. №749 «Об утверждении общих фармакопейных статей и фармакопейных статей и признании утратившими силу некоторых приказов Минздравмедпрома России, Минздравсоцразвития России и Минздрава России»»";"21.10.2022";;false;00000
232;"Приказ Минздрава России";"31.07.2020";"803н";"«О порядке использования вспомогательных репродуктивных технологий, противопоказаниях и ограничениях к их применению»";;;false;00000
233;"Приказ Минздрава России";"27.06.2016";"419н";"«Об утверждении Порядка допуска лиц, не завершивших освоение образовательных программ высшего медицинского или высшего фармацевтического образования, а также лиц с высшим медицинским или высшим фармацевтическим образованием к осуществлению медицинской деятельности или фармацевтической деятельности на должностях среднего медицинского или среднего фармацевтического персонала»";;"31.12.2022";false;00000
234;"Приказ Минздрава России";"29.12.2000";460;"«Об утверждении учетной документации токсикологического мониторинга»";;;false;00000
235;"Приказ Минпросвещения России";"01.07.2021";400;"«О ведомственных наградах Министерства просвещения Российской Федерации»";"07.06.2026";;false;00000
236;"Приказ Минздравсоцразвития России";"26.08.2011";"989н";"«Об утверждении перечня медицинских противопоказаний для работы с использованием сведений, составляющих государственную тайну, порядка получения и формы справки об отсутствии медицинских противопоказаний для работы с использованием сведений, составляющих государственную тайну»";;;false;00000
237;"Приказ Минздрава России";"24.09.2021";"936н";"«Об утверждении перечня лекарственных препаратов для медицинского применения для обеспечения в амбулаторных условиях лиц, которые перенесли острое нарушение мозгового кровообращения, инфаркт миокарда, а также которым были выполнены аортокоронарное шунтирование, ангиопластика коронарных артерий со стентированием и катетерная абляция по поводу сердечно-сосудистых заболеваний»";;"07.11.2022";false;00000
238;"Приказ Минздравсоцразвития России";"05.10.2005";617;"«О Порядке направления граждан органами исполнительной власти субъектов Российской Федерации в сфере здравоохранения к месту лечения при наличии медицинских показаний»";"04.08.2022";;false;00000
239;"Приказ Минздрава России";"28.09.2020";"1029н";"«Об утверждении перечней медицинских показаний и противопоказаний для санаторно-курортного лечения»";"26.04.2023";"01.09.2024";false;00000
240;"Постановление Правительства РФ";"28.12.2021";2505;"«О Программе государственных гарантий бесплатного оказания гражданам медицинской помощи на 2022 год и на плановый период 2023 и 2024 годов»";"14.04.2022";"01.01.2023";false;00000
241;"Приказ Минздрава России";"22.11.2021";"1083н";"«О порядке и сроках прохождения медицинскими работниками и фармацевтическими работниками аттестации для получения квалификационной категории»";;"31.12.2023";false;00000
242;"Приказ Минфина России";"17.09.2020";"204н";"«Об утверждении Федеральных стандартов бухгалтерского учета ФСБУ 6/2020 «Основные средства» и ФСБУ 26/2020 «Капитальные вложения»»";"30.05.2022";;false;00000
243;"Приказ Минздрава России";"19.02.2021";"116н";"«Об утверждении Порядка оказания медицинской помощи взрослому населению при онкологических заболеваниях»";"19.07.2026";;false;00000
244;"Приказ Минздрава России";"06.12.2021";"1122н";"«Об утверждении национального календаря профилактических прививок, календаря профилактических прививок по эпидемическим показаниям и порядка проведения профилактических прививок»";"12.12.2023";;false;00000
245;"Приказ Минздрава России";"24.06.2021";"664н";"«Об утверждении Порядка информирования медицинскими организациями органов внутренних дел в случаях, установленных пунктом 5 части 4 статьи 13 Федерального закона «Об основах охраны здоровья граждан в Российской Федерации»»";"01.03.2025";;false;00000
246;"Приказ Минздравсоцразвития России";"03.12.2007";736;"«Об утверждении перечня медицинских показаний для искусственного прерывания беременности»";"27.12.2011";;false;00000
247;"Приказ Росстата";"20.12.2021";932;"«Об утверждении форм федерального статистического наблюдения с указаниями по их заполнению для организации Министерством здравоохранения Российской Федерации федерального статистического наблюдения в сфере охраны здоровья»";;"26.12.2022";false;00000
248;"Постановление Правительства РФ";"21.02.2022";225;"«Об утверждении номенклатуры должностей педагогических работников организаций, осуществляющих образовательную деятельность, должностей руководителей образовательных организаций»";"11.07.2024";;false;00000
249;"Приказ Минздравсоцразвития России";"31.03.2008";"149н";"«Об утверждении профессиональных квалификационных групп должностей работников, занятых в сфере здравоохранения и предоставления социальных услуг»";"03.03.2017";;false;00000
250;"Приказ Минздрава России";"24.11.2021";"1094н";"«Об утверждении Порядка назначения лекарственных препаратов, форм рецептурных бланков на лекарственные препараты, Порядка оформления указанных бланков, их учета и хранения, форм бланков рецептов, содержащих назначение наркотических средств или психотропных веществ, Порядка их изготовления, распределения, регистрации, учета и хранения, а также Правил оформления бланков рецептов, в том числе в форме электронных документов»";;;false;00000
251;"Приказ Минздрава России";"24.11.2021";"1093н";"«Об утверждении Правил отпуска лекарственных препаратов для медицинского применения аптечными организациями, индивидуальными предпринимателями, имеющими лицензию на осуществление фармацевтической деятельности, медицинскими организациями, имеющими лицензию на осуществление фармацевтической деятельности, и их обособленными подразделениями (амбулаториями, фельдшерскими и фельдшерско-акушерскими пунктами, центрами (отделениями) общей врачебной (семейной) практики), расположенными в сельских поселениях, в которых отсутствуют аптечные организации, а также Правил отпуска наркотических средств и психотропных веществ, зарегистрированных в качестве лекарственных препаратов для медицинского применения, лекарственных препаратов для медицинского применения, содержащих наркотические средства и психотропные вещества в том числе Порядка отпуска аптечными организациями иммунобиологических лекарственных препаратов»";"24.11.2021";"01.09.2025";false;00000
252;"Приказ Минздрава России";"22.11.2021";"1081н";"«Об утверждении Положения об аккредитации специалистов»";;"31.12.2022";false;00000
253;"Приказ Минздрава России";"24.11.2021";"1092н";"«Об утверждении порядка проведения обязательного медицинского освидетельствования водителей транспортных средств (кандидатов в водители транспортных средств), порядка выдачи и формы медицинского заключения о наличии (об отсутствии) у водителей транспортных средств (кандидатов в водители транспортных средств) медицинских противопоказаний, медицинских показаний или медицинских ограничений к управлению транспортными средствами, а также о признании утратившими силу отдельных приказов Министерства здравоохранения Российской Федерации»";;;false;00000
254;"Приказ Минздрава России";"26.11.2021";"1104н";"«Об утверждении порядка проведения медицинского освидетельствования на наличие медицинских противопоказаний к владению оружием, в том числе внеочередного, и порядка оформления медицинских заключений по его результатам, форм медицинского заключения об отсутствии медицинских противопоказаний к владению оружием и медицинского заключения об отсутствии в организме наркотических средств, психотропных веществ и их метаболитов»";;;false;00000
255;"Приказ Минздрава России";"23.11.2021";"1089н";"«Об утверждении Условий и порядка формирования листков нетрудоспособности в форме электронного документа и выдачи листков нетрудоспособности в форме документа на бумажном носителе в случаях, установленных законодательством Российской Федерации»";"26.04.2026";;false;00000
256;"Приказ Минздравсоцразвития России";"05.05.2012";"502н";"«Об утверждении порядка создания и деятельности врачебной комиссии медицинской организации»";"02.12.2013";"01.09.2025";false;00000
257;"Приказ Минздрава России";"02.12.2014";"796н";"«Об утверждении Положения об организации оказания специализированной, в том числе высокотехнологичной, медицинской помощи»";"27.08.2015";"01.09.2025";false;00000
258;"Постановление Правительства РФ";"02.08.1999";885;"«Об утверждении перечня поствакцинальных осложнений, вызванных профилактическими прививками, включенными в национальный календарь профилактических прививок, и профилактическими прививками по эпидемическим показаниям, дающих право гражданам на получение государственных единовременных пособий»";;;false;00000
259;"Приказ Минздрава России";"21.05.2002";154;"«О введении формы учета клинико-экспертной работы в лечебно-профилактических учреждениях»";;;false;00000
260;"Приказ Минздрава России";"09.06.2020";"560н";"«Об утверждении Правил проведения рентгенологических исследований»";"18.02.2021";"31.08.2026";false;00000
261;"Постановление Правительства РФ";"14.04.2022";656;"«О внесении изменений в Программу государственных гарантий бесплатного оказания гражданам медицинской помощи на 2022 год и на плановый период 2023 и 2024 годов»";;;false;00000
262;"Приказ Минздрава России";"30.06.2016";"436н";"«Об утверждении перечня заболеваний, наличие которых дает право на обучение по основным общеобразовательным программам на дому»";;;false;00000
263;"Приказ Минздрава России";"13.11.2003";545;"«Об утверждении инструкций по заполнению учетной медицинской документации»";;;false;00000
264;"Приказ Минздрава России";"10.11.2020";"1207н";"«Об утверждении учетной формы медицинской документации №131/у «Карта учета профилактического медицинского осмотра (диспансеризации)», порядка ее ведения и формы отраслевой статистической отчетности №131/о «Сведения о проведении профилактического медицинского осмотра и диспансеризации определенных групп взрослого населения», порядка ее заполнения и сроков представления»";;"31.08.2026";false;00000
265;"Приказ Минздрава России";"20.10.2020";"1128н";"«О порядке представления информации о реакциях и об осложнениях, возникших у реципиентов в связи с трансфузией (переливанием) донорской крови и (или) ее компонентов, в уполномоченный федеральный орган исполнительной власти, осуществляющий функции по организации деятельности службы крови»";;"31.08.2026";false;00000
266;"Постановление Правительства РФ";"05.04.2022";588;"«О признании лица инвалидом»";"01.03.2026";;false;00000
267;"Приказ Минобрнауки России";"24.08.2021";786;"«Об установлении соответствия направлений подготовки научно-педагогических кадров в аспирантуре (адъюнктуре) научным специальностям, предусмотренным номенклатурой научных специальностей, по которым присуждаются ученые степени, утвержденной приказом Министерства науки и высшего образования Российской Федерации от 24 февраля 2021 г. №118»";"24.07.2023";;false;00000
268;"Приказ Минздрава России";"12.11.2021";"1053н";"«Об утверждении формы медицинской документации «Справка о проведенных профилактических прививках против новой коронавирусной инфекции (COVID-19) или наличии медицинских противопоказаний к вакцинации» и порядка ее выдачи, формы медицинской документации «Медицинский сертификат о профилактических прививках против новой коронавирусной инфекции (COVID-19) или медицинских противопоказаниях к вакцинации и (или) перенесенном заболевании, вызванном новой коронавирусной инфекцией (COVID-19)» и порядка ее ведения, а также формы «Сертификат о профилактических прививках против новой коронавирусной инфекции (COVID-19) или медицинских противопоказаниях к вакцинации и (или) перенесенном заболевании, вызванном новой коронавирусной инфекцией (COVID-19)»»";"04.02.2022";;false;00000
269;"Приказ Минздрава России";"02.10.2019";"824н";"«Об утверждении Порядка организации оказания высокотехнологичной медицинской помощи с применением единой государственной информационной системы в сфере здравоохранения»";;"01.09.2025";false;00000
270;"Приказ Минздрава России";"12.11.2021";"1051н";"«Об утверждении Порядка дачи информированного добровольного согласия на медицинское вмешательство и отказа от медицинского вмешательства, формы информированного добровольного согласия на медицинское вмешательство и формы отказа от медицинского вмешательства»";;;false;00000
271;"Приказ Минздрава России";"19.11.2021";"1079н";"«Об утверждении Порядка проведения медицинского освидетельствования, включая проведение химико-токсикологических исследований наличия в организме иностранного гражданина или лица без гражданства наркотических средств или психотропных веществ либо новых потенциально опасных психоактивных веществ и их метаболитов, на наличие или отсутствие у иностранного гражданина или лица без гражданства инфекционных заболеваний, представляющих опасность для окружающих, и заболевания, вызываемого вирусом иммунодефицита человека (ВИЧ-инфекции), формы бланка и срока действия медицинского заключения об отсутствии факта употребления наркотических средств или психотропных веществ без назначения врача либо новых потенциально опасных психоактивных веществ, а также формы, описания бланка и срока действия медицинского заключения о наличии (отсутствии) инфекционных заболеваний, представляющих опасность для окружающих»";;;false;00000
272;"Приказ Минздравсоцразвития России";"14.12.2009";"984н";"«Об утверждении Порядка прохождения диспансеризации государственными гражданскими служащими Российской Федерации и муниципальными служащими, перечня заболеваний, препятствующих поступлению на государственную гражданскую службу Российской Федерации и муниципальную службу или ее прохождению, а также формы заключения медицинского учреждения»";;"01.09.2025";false;00000
273;"Приказ Минздрава России";"18.06.2014";"290н";"«Об утверждении Порядка медицинского освидетельствования граждан, намеревающихся усыновить (удочерить), взять под опеку (попечительство), в приемную или патронатную семью детей-сирот и детей, оставшихся без попечения родителей, а также формы заключения о результатах медицинского освидетельствования таких граждан»";;"01.09.2025";false;00000
274;"Приказ Минздрава России";"10.09.1998";268;"«О мониторинге врожденных пороков развития у детей»";"02.11.1999";;false;00000
275;"Приказ Минздрава России";"29.01.2016";"39н";"«Об утверждении Порядка прохождения работниками подразделений транспортной безопасности ежегодного медицинского осмотра, предусмотренного статьей 12.3 Федерального закона от 9 февраля 2007 г. №16-ФЗ «О транспортной безопасности», включающего в себя химико-токсикологические исследования наличия в организме человека наркотических средств, психотропных веществ и их метаболитов, и формы заключения, выдаваемого по его результатам»";"22.06.2018";"01.09.2025";false;00000
276;"Приказ Минздравсоцразвития России";"31.03.2005";246;"«Об утверждении форм представления гражданина Российской Федерации к награждению нагрудным знаком «Почетный донор России» и перечня документов, подтверждающих сдачу крови или плазмы крови»";"05.04.2012";"31.08.2023";false;00000
277;"Приказ Минздрава России";"10.08.1993";189;"«О дальнейшем развитии и совершенствовании трансплантологической помощи населению Российской Федерации»";;"20.04.2001";false;00000
278;"Приказ Министра обороны РФ";"16.09.2015";533;"«Об определении форм документов, заполняемых врачами-специалистами, врачами, руководящими работой по медицинскому освидетельствованию граждан, при первоначальной постановке граждан на воинский учет, при призыве граждан на военную службу, при медицинском осмотре граждан, не пребывающих в запасе, призванных на военную службу, перед направлением их к месту прохождения военной службы, при контрольном медицинском освидетельствовании граждан, получивших отсрочку или освобождение от призыва на военную службу по состоянию здоровья, и граждан, заявивших о несогласии с заключением об их годности к военной службе по результатам медицинского освидетельствования, и правил их заполнения»";"12.09.2018";;false;00000
279;"Приказ Минздрава России";"18.12.2015";"933н";"«О порядке проведения медицинского освидетельствования на состояние опьянения (алкогольного, наркотического или иного токсического)»";"25.03.2019";"01.09.2025";false;00000
280;"Приказ Минздрава России";"28.05.2001";176;"«О совершенствовании системы расследования и учета профессиональных заболеваний в Российской Федерации»";"15.08.2011";"01.09.2025";false;00000
281;"Приказ Минздрава России";"27.10.2020";"1157н";"«Об утверждении унифицированных форм медицинской документации, в том числе в форме электронных документов, связанных с донорством крови и (или) ее компонентов и клиническим использованием донорской крови и (или) ее компонентов, и порядков их заполнения»";;"31.08.2026";false;00000
282;"Приказ Минздрава России";"26.10.2020";"1149н";"«Об утверждении унифицированных форм медицинской документации и формы статистического учета и отчетности, используемых при проведении судебно-психиатрической экспертизы, порядков ведения форм медицинской документации, порядка заполнения и сроков представления формы статистической отчетности»";;"31.08.2026";false;00000
283;"Приказ Минздрава России";"26.11.2020";"1252н";"«Об утверждении Порядка проведения медицинского освидетельствования на наличие медицинских противопоказаний к исполнению обязанностей частного охранника, включающего в себя химико-токсикологические исследования наличия в организме человека наркотических средств, психотропных веществ и их метаболитов, формы медицинского заключения об отсутствии медицинских противопоказаний к исполнению обязанностей частного охранника, формы журнала регистрации выданных медицинских заключений об отсутствии медицинских противопоказаний к исполнению обязанностей частного охранника»";"25.06.2024";"31.08.2026";false;00000
284;"Приказ Минздравмедпрома РФ";"03.07.1995";195;"«Об утверждении медицинской карты на ребенка, направляемого во Всероссийские детские центры «Океан», «Орленок», и медицинского заключения на ребенка, оформляющегося на усыновление (удочерение)»";"20.02.2002";;false;00000
285;"Приказ Минздравмедпрома РФ, Минобразования РФ";"25.12.1995";"369; 641";"«О медицинском освидетельствовании детей, передаваемых на воспитание в семью»";;;true;00000
286;"Приказ Минздрава России";"05.05.2016";"282н";"«Об утверждении Порядка проведения экспертизы профессиональной пригодности и формы медицинского заключения о пригодности или непригодности к выполнению отдельных видов работ»";;"01.09.2025";false;00000
287;"Приказ Минздравсоцразвития России";"15.04.2005";275;"«О формах документов, необходимых для расследования несчастных случаев на производстве»";;"01.09.2025";false;00000
288;"Приказ Минздрава России";"28.07.2020";"749н";"«Об утверждении требований к проведению медицинских осмотров и психофизиологических обследований работников объектов использования атомной энергии, порядка их проведения, перечня медицинских противопоказаний для выдачи разрешения на выполнение определенных видов деятельности в области использования атомной энергии и перечня должностей работников объектов использования атомной энергии, на которые распространяются данные противопоказания, а также формы медицинского заключения о наличии (отсутствии) медицинских противопоказаний для выдачи разрешения на выполнение определенных видов деятельности в области использования атомной энергии»";;;false;00000
289;"Приказ Минздрава России";"20.02.2002";58;"«О направлении детей во Всероссийские детские центры «Океан» и «Орленок»»";;;false;00000
290;"Приказ Минздрава России";"26.03.2020";"240н";"«Об утверждении учетной формы медицинской документации «Карта персонального учета пациента с ВИЧ-инфекцией» и порядка ее ведения»";;;false;00000
291;"Приказ Минздравсоцразвития России";"26.04.2011";"347н";"«Об утверждении формы бланка листка нетрудоспособности»";;;false;00000
292;"Приказ МВД России, Минздрава России";"05.10.2016";"624; 766н";"«Об утверждении формы и порядка выдачи листка освобождения от выполнения служебных обязанностей по временной нетрудоспособности»";"31.05.2023";"05.02.2025";true;00000
293;"Приказ Минздрава России, Минюста России";"15.09.2020";"983н; 201";"«Об утверждении формы и порядка выдачи листка освобождения от выполнения служебных обязанностей по временной нетрудоспособности сотруднику органов принудительного исполнения Российской Федерации»";"01.09.2024";"02.09.2024";true;00000
294;"Приказ Минздрава России";"22.12.2016";"988н";"«О Порядке выдачи справки об отсутствии у работников, которые в соответствии со своими трудовыми обязанностями должны иметь доступ к наркотическим средствам, психотропным веществам, внесенным в список I и таблицу I списка IV перечня наркотических средств, психотропных веществ и их прекурсоров, подлежащих контролю в Российской Федерации, прекурсорам или культивируемым наркосодержащим растениям, заболеваний наркоманией, токсикоманией, хроническим алкоголизмом»";;"31.08.2022";false;00000
295;"Приказ Минздравсоцразвития России";"24.11.2010";"1031н";"«О формах справки, подтверждающей факт установления инвалидности, и выписки из акта освидетельствования гражданина, признанного инвалидом, выдаваемых федеральными государственными учреждениями медико-социальной экспертизы, и порядке их составления»";"02.01.2021";"01.03.2026";false;00000
296;"Приказ Минздрава России";"24.03.2020";"229н";"«Об утверждении формы индивидуального дневника для заполнения частными медицинскими организациями при реализации пилотного проекта по вовлечению частных медицинских организаций в оказание медико-социальных услуг лицам в возрасте 65 лет и старше, являющимся гражданами Российской Федерации, в том числе проживающим в сельской местности»";;;false;00000
297;"Приказ Минздрава России";"21.02.2002";61;"«Об утверждении формы документа, свидетельствующего об отсутствии заболеваний, препятствующих назначению на должность судьи»";;;false;00000
298;"Постановление Правительства РФ";"20.09.2012";950;"«Об утверждении Правил определения момента смерти человека, в том числе критериев и процедуры установления смерти человека, Правил прекращения реанимационных мероприятий и формы протокола установления смерти человека»";;;false;00000
299;"Приказ Минздрава России";"08.06.2020";"557н";"«Об утверждении Правил проведения ультразвуковых исследований»";;;false;00000
300;"Федеральный закон";"13.12.1996";"150-ФЗ";"«Об оружии»";"04.07.2026";;false;00000
301;"Постановление Правительства РФ";"28.04.1993";377;"«О реализации Закона Российской Федерации «О психиатрической помощи и гарантиях прав граждан при ее оказании»»";"23.09.2002";"31.08.2022";false;00000
302;"Постановление Правительства РФ";"29.12.2014";1604;"«О перечнях медицинских противопоказаний, медицинских показаний и медицинских ограничений к управлению транспортным средством»";"03.08.2019";"01.09.2025";false;00000
303;"Постановление Правительства РФ";"19.02.2015";143;"«Об утверждении перечня заболеваний, при наличии которых противопоказано владение оружием, и о внесении изменения в Правила оборота гражданского и служебного оружия и патронов к нему на территории Российской Федерации»";;;false;00000
304;"Постановление Правительства РФ";"23.09.2002";695;"«О прохождении обязательного психиатрического освидетельствования работниками, осуществляющими отдельные виды деятельности, в том числе деятельность, связанную с источниками повышенной опасности (с влиянием вредных веществ и неблагоприятных производственных факторов), а также работающими в условиях повышенной опасности»";"25.03.2013";"31.08.2022";false;00000
305;"Постановление Правительства РФ";"14.08.2013";697;"«Об утверждении перечня специальностей и направлений подготовки, при приеме на обучение по которым поступающие проходят обязательные предварительные медицинские осмотры (обследования) в порядке, установленном при заключении трудового договора или служебного контракта по соответствующей должности или специальности»";;;false;00000
306;"Постановление Правительства РФ";"19.05.2007";300;"«Об утверждении перечня заболеваний, препятствующих исполнению обязанностей частного охранника»";;"31.08.2026";false;00000
307;"Распоряжение Правительства РФ";"10.12.2021";"3525-р";"«Об утверждении перечня специализированных продуктов лечебного питания для детей-инвалидов на 2022 год»";"01.03.2022";;false;00000
308;"Приказ Минфина России";"11.11.2021";493;"«Об утверждении перечней субъектов Российской Федерации в соответствии с положениями пункта 5 статьи 130 Бюджетного кодекса Российской Федерации»";"14.12.2021";;false;00000
309;"Постановление Правительства РФ";"12.04.2022";640;"«Об утверждении Правил ведения Федерального регистра доноров костного мозга и гемопоэтических стволовых клеток, донорского костного мозга и гемопоэтических стволовых клеток, реципиентов костного мозга и гемопоэтических стволовых клеток»";"22.04.2024";;false;00000
310;"Приказ Минздрава России";"03.07.2000";241;"«Об утверждении «Медицинской карты ребенка для образовательных учреждений»»";;;false;00000
311;"Приказ Минздрава России";"28.10.2020";"1170н";"«Об утверждении порядка оказания медицинской помощи населению по профилю «трансфузиология»»";;;false;00000
312;"Приказ Минздрава России";"13.10.2021";"987н";"«Об утверждении формы документа о рождении и порядка его выдачи»";;;false;00000
313;"Приказ Минтруда России";"30.12.2020";"979н";"«Об утверждении Порядка организации и деятельности федеральных учреждений медико-социальной экспертизы»";"22.02.2024";;false;00000
314;"Приказ Росгвардии, Минздрава России";"01.10.2018";"437; 664н";"«Об утверждении формы и порядка выдачи листка освобождения от выполнения служебных обязанностей по временной нетрудоспособности лицам, проходящим службу в войсках национальной гвардии Российской Федерации и имеющим специальные звания полиции»";;"11.02.2025";true;00000
315;"Приказ Минздрава России";"02.11.2020";"1186н";"«О внесении изменений в приказ Министерства здравоохранения Российской Федерации от 15 декабря 2014 г. №834н «Об утверждении унифицированных форм медицинской документации, используемых в медицинских организациях, оказывающих медицинскую помощь в амбулаторных условиях, и порядков по их заполнению»»";;"01.09.2025";false;00000
316;"Федеральный закон";"31.05.2002";"62-ФЗ";"«О гражданстве Российской Федерации»";"28.12.2022";"25.10.2023";false;00000
317;"Постановление Правительства РФ";"16.10.2000";789;"«Об утверждении Правил установления степени утраты профессиональной трудоспособности в результате несчастных случаев на производстве и профессиональных заболеваний»";"24.03.2023";;false;00000
318;"Гражданский кодекс Российской Федерации";"30.11.1994";"51-ФЗ";"Часть первая";"04.01.2026";;false;00000
319;"Семейный кодекс Российской Федерации";"29.12.1995";"223-ФЗ";;"03.04.2026";;false;00000
320;"Федеральный закон";"24.04.2008";"48-ФЗ";"«Об опеке и попечительстве»";"29.09.2025";;false;00000
321;"Постановление Правительства РФ";"18.05.2009";423;"«Об отдельных вопросах осуществления опеки и попечительства в отношении несовершеннолетних граждан»";"10.02.2020";;false;00000
322;"Закон РФ";"02.07.1992";"3185-1";"«О психиатрической помощи и гарантиях прав граждан при ее оказании»";"04.08.2023";;false;00000
323;"Постановление Правительства РФ";"09.02.2022";140;"«О единой государственной информационной системе в сфере здравоохранения»";"01.09.2026";;false;00000
324;"Приказ Минздрава России";"18.01.2021";"15н";"«Об утверждении типового контракта на поставку лекарственных препаратов для медицинского применения и информационной карты Типового контракта на поставку лекарственных препаратов для медицинского применения»";;;false;00000
325;"Приказ Минздрава России";"19.12.2019";"1064н";"«Об утверждении Порядка определения начальной (максимальной) цены контракта, цены контракта, заключаемого с единственным поставщиком (подрядчиком, исполнителем), начальной цены единицы товара, работы, услуги при осуществлении закупок лекарственных препаратов для медицинского применения»";;;false;00000
326;"Распоряжение Правительства РФ";"13.02.2019";"207-р";"«Об утверждении Стратегии пространственного развития Российской Федерации на период до 2025 года»";"30.09.2022";"28.12.2024";false;00000
327;"Постановление Правительства РФ";"08.07.1997";828;"«Об утверждении Положения о паспорте гражданина Российской Федерации, образца бланка и описания паспорта гражданина Российской Федерации»";"15.07.2021";"05.01.2024";false;00000
328;"Указ Президента РФ";"21.12.1996";1752;"«Об основных документах, удостоверяющих личность гражданина Российской Федерации за пределами Российской Федерации»";"22.10.2009";;false;00000
329;"Постановление Правительства РФ";"17.07.1995";713;"«Об утверждении Правил регистрации и снятия граждан Российской Федерации с регистрационного учета по месту пребывания и по месту жительства в пределах Российской Федерации и перечня лиц, ответственных за прием и передачу в органы регистрационного учета документов для регистрации и снятия с регистрационного учета граждан Российской Федерации по месту пребывания и по месту жительства в пределах Российской Федерации»";"10.06.2026";;false;00000
330;"Приказ Министра обороны РФ";"22.11.2021";700;"«Об утверждении Инструкции об организации работы по обеспечению функционирования системы воинского учета»";"20.12.2025";;false;00000
331;"Федеральный закон";"25.07.2002";"115-ФЗ";"«О правовом положении иностранных граждан в Российской Федерации»";"01.09.2026";;false;00000
332;"Федеральный закон";"19.02.1993";"4528-1";"«О беженцах»";"01.01.2026";;false;00000
333;"Постановление Правительства РФ";"08.04.2021";555;"«Об утверждении Правил ведения информационного ресурса, содержащего сведения о детях с тяжелыми жизнеугрожающими и хроническими заболеваниями, в том числе редкими (орфанными) заболеваниями, включая информацию о закупке для таких детей лекарственных препаратов и медицинских изделий, в том числе не зарегистрированных в Российской Федерации, технических средств реабилитации, и сведения о результатах лечения таких детей»";"18.05.2024";;false;00000
334;"Приказ Минздрава России";"17.05.2016";"302н";"«Об утверждении стандарта специализированной медицинской помощи при синдроме зависимости, вызванном употреблением психоактивных веществ»";;"12.09.2024";false;00000
335;"Приказ Минздрава России";"17.05.2016";"299н";"«Об утверждении стандарта первичной специализированной медико-санитарной помощи при синдроме зависимости, вызванном употреблением психоактивных веществ»";;"12.09.2024";false;00000
336;"Уголовный кодекс Российской Федерации";"13.06.1996";"63-ФЗ";;"15.08.2026";;false;00000
337;"Трудовой кодекс Российской Федерации";"30.12.2001";"197-ФЗ";;"01.09.2026";;false;00000
338;"Приказ Минтруда России";"25.04.2022";"253н";"«Об утверждении Порядка формирования классификатора мер социальной защиты (поддержки), его актуализации и использования участниками информационного взаимодействия при размещении информации в Единой государственной информационной системе социального обеспечения»";;;false;00000
339;"Приказ Минтруда России";"12.05.2022";"291н";"«Об утверждении перечня вредных производственных факторов на рабочих местах с вредными условиями труда, установленными по результатам специальной оценки условий труда, при наличии которых занятым на таких рабочих местах работникам выдаются бесплатно по установленным нормам молоко или другие равноценные пищевые продукты, норм и условий бесплатной выдачи молока или других равноценных пищевых продуктов, порядка осуществления компенсационной выплаты, в размере, эквивалентном стоимости молока или других равноценных пищевых продуктов»";;;false;00000
340;"Приказ Минтруда России";"18.07.2019";"512н";"«Об утверждении перечня производств, работ и должностей с вредными и (или) опасными условиями труда, на которых ограничивается применение труда женщин»";"13.05.2021";;false;00000
341;"Приказ Роспотребнадзора";"07.07.2020";379;"«Об утверждении обучающих (просветительских) программ по вопросам здорового питания»";;;false;00000
342;"Приказ Минздрава России";"23.10.2019";"878н";"«Об утверждении Порядка организации медицинской реабилитации детей»";;;false;00000
343;"Приказ Минстроя России";"19.05.2022";"389/пр";"«Об утверждении СП 118.13330.2022 «СНиП 31-06-2009 Общественные здания и сооружения»»";;;false;00000
344;"Приказ Минздрава России";"20.05.2022";"342н";"«Об утверждении порядка прохождения обязательного психиатрического освидетельствования работниками, осуществляющими отдельные виды деятельности, его периодичности, а также видов деятельности, при осуществлении которых проводится психиатрическое освидетельствование»";"01.09.2026";;false;00000
345;"Приказ Минздрава России";"15.03.2022";"168н";"«Об утверждении порядка проведения диспансерного наблюдения за взрослыми»";"28.02.2024";;false;00000
346;"Приказ Минздрава России";"04.05.2022";"303н";"«Об утверждении Порядка выдачи справки об отсутствии у работников, которые в соответствии со своими трудовыми обязанностями должны иметь доступ к наркотическим средствам, психотропным веществам, внесенным в список I и таблицу I списка IV перечня наркотических средств, психотропных веществ и их прекурсоров, подлежащих контролю в Российской Федерации, прекурсорам или культивируемым наркосодержащим растениям, заболеваний наркоманией, токсикоманией, хроническим алкоголизмом, формы такой справки и о признании утратившим силу приказа Министерства здравоохранения Российской Федерации от 22 декабря 2016 г. №988н»";;;false;00000
347;"Приказ Минтруда России";"30.05.2022";"326н";"«Об утверждении формы программы дополнительного обследования гражданина и порядка ее заполнения»";;;false;00000
348;"Приказ Минобрнауки России";"13.08.2021";748;"«О ведомственных наградах Министерства науки и высшего образования Российской Федерации»";"14.09.2025";;false;00000
349;"Приказ Минздравсоцразвития России";"22.03.2006";185;"«О массовом обследовании новорожденных детей на наследственные заболевания»";;;false;00000
350;"Приказ Минздрава России";"12.11.2012";"909н";"«Об утверждении Порядка оказания медицинской помощи детям по профилю «анестезиология и реаниматология»»";"09.07.2013";;false;00000
351;"Приказ Минтруда России";"20.06.2022";"360н";"«Об утверждении формы и состава сведений уведомления о причинах возврата направления на медико-социальную экспертизу в медицинскую организацию»";;;false;00000
352;"Приказ Минздравсоцразвития России";"22.11.2004";256;"«О Порядке медицинского отбора и направления больных на санаторно-курортное лечение»";"15.12.2014";;false;00000
353;"Приказ Минздрава России";"18.05.2021";"464н";"«Об утверждении Правил проведения лабораторных исследований»";"23.11.2021";;false;00000
354;"Приказ Минздрава России";"20.10.2020";"1134н";"«Об утверждении порядка медицинского обследования реципиента, проведения проб на индивидуальную совместимость, включая биологическую пробу, при трансфузии донорской крови и (или) ее компонентов»";;;false;00000
355;"Приказ Минздравсоцразвития России";"28.11.2005";701;"«О родовом сертификате»";"15.06.2021";;false;00000
356;"Приказ Минздрава России";"31.07.2020";"786н";"«Об утверждении Порядка оказания медицинской помощи взрослому населению при стоматологических заболеваниях»";"18.02.2021";;false;00000
357;"Приказ Минздрава России";"09.06.2020";"559н";"«Об утверждении Порядка оказания медицинской помощи населению по профилю «хирургия (комбустиология)»»";;;false;00000
358;"Приказ Минтруда России";"04.07.2022";"389н";"«Об утверждении формы и порядка заполнения протокола проведения медико-социальной экспертизы гражданина»";"01.04.2025";;false;00000
359;"Приказ Минздрава России";"01.07.2021";"698н";"«Об утверждении Порядка направления граждан на прохождение углубленной диспансеризации, включая категории граждан, проходящих углубленную диспансеризацию в первоочередном порядке»";;;false;00000
360;"Приказ Минздрава России";"07.06.2022";"385н";"«Об утверждении формы согласия гражданина (его законного или уполномоченного представителя) на направление и проведение медико-социальной экспертизы»";;;false;00000
361;"Постановление Правительства РФ";"08.02.2017";145;"«Об утверждении Правил формирования и ведения в единой информационной системе в сфере закупок каталога товаров, работ, услуг для обеспечения государственных и муниципальных нужд и Правил использования каталога товаров, работ, услуг для обеспечения государственных и муниципальных нужд»";"23.12.2024";;false;00000
362;"Приказ Минтруда России";"09.09.2022";"517н";"«Об утверждении формы и порядка составления акта медико-социальной экспертизы гражданина»";"01.04.2025";;false;00000
363;"Приказ Минздрава России";"29.09.2022";"639н";"«Об утверждении перечня лекарственных препаратов для медицинского применения в целях обеспечения в амбулаторных условиях лиц, находящихся под диспансерным наблюдением, которые перенесли острое нарушение мозгового кровообращения, инфаркт миокарда, а также которым выполнены аортокоронарное шунтирование, ангиопластика коронарных артерий со стентированием и катетерная абляция по поводу сердечно-сосудистых заболеваний, в течение 2 лет с даты постановки диагноза и (или) выполнения хирургического вмешательства»";;"23.03.2024";false;00000
364;"Приказ Минздравсоцразвития России";"31.07.2008";"370н";"«Об утверждении формы заключения врачебной комиссии медицинской организации, оказывающей лечебно-профилактическую помощь, о нуждаемости ветерана в обеспечении протезами (кроме зубных протезов), протезно-ортопедическими изделиями и порядка ее заполнения»";;;false;00000
365;"Приказ Минтруда России, Минздрава России";"12.08.2022";"488н; 551н";"«Об утверждении формы направления на медико-социальную экспертизу медицинской организацией и порядка ее заполнения»";;;true;00000
366;"Постановление Правительства РФ";"09.10.2019";1304;"«О модернизации первичного звена здравоохранения Российской Федерации»";"20.01.2026";;false;00000
367;"Федеральный конституционный закон";"04.10.2022";"5-ФКЗ";"«О принятии в Российскую Федерацию Донецкой Народной Республики и образовании в составе Российской Федерации нового субъекта - Донецкой Народной Республики»";"04.08.2026";;false;00000
368;"Федеральный конституционный закон";"04.10.2022";"6-ФКЗ";"«О принятии в Российскую Федерацию Луганской Народной Республики и образовании в составе Российской Федерации нового субъекта - Луганской Народной Республики»";"04.08.2026";;false;00000
369;"Федеральный конституционный закон";"04.10.2022";"7-ФКЗ";"«О принятии в Российскую Федерацию Запорожской области и образовании в составе Российской Федерации нового субъекта - Запорожской области»";"04.08.2026";;false;00000
370;"Федеральный конституционный закон";"04.10.2022";"8-ФКЗ";"«О принятии в Российскую Федерацию Херсонской области и образовании в составе Российской Федерации нового субъекта - Херсонской области»";"04.08.2026";;false;00000
371;"Постановление Правительства РФ";"29.12.2022";2497;"«О Программе государственных гарантий бесплатного оказания гражданам медицинской помощи на 2023 год и на плановый период 2024 и 2025 годов»";;;false;00000
372;"Постановление Правительства РФ";"29.12.2007";964;"«Об утверждении списков сильнодействующих и ядовитых веществ для целей статьи 234 и других статей Уголовного кодекса Российской Федерации, а также крупного размера сильнодействующих веществ для целей статьи 234 Уголовного кодекса Российской Федерации»";"14.11.2025";;false;00000
373;"Приказ Минздрава России";"21.04.2022";"274н";"«Об утверждении Порядка оказания медицинской помощи пациентам с врожденными и (или) наследственными заболеваниями»";"01.04.2026";;false;00000
374;"Приказ Минздрава России";"28.10.2022";"709н";"«Об утверждении Положения об аккредитации специалистов»";;;false;00000
375;"Приказ Минздрава России";"01.11.2022";"715н";"«Об утверждении Порядка допуска лиц, не завершивших освоение образовательных программ высшего медицинского или высшего фармацевтического образования в российских или иностранных организациях, осуществляющих образовательную деятельность, а также лиц с высшим медицинским или высшим фармацевтическим образованием, полученным в российских или иностранных организациях, осуществляющих образовательную деятельность, к осуществлению медицинской деятельности или фармацевтической деятельности на должностях специалистов со средним медицинским или средним фармацевтическим образованием»";"02.10.2024";;false;00000
376;"Приказ Росстата";"27.12.2022";985;"«Об утверждении форм федерального статистического наблюдения с указаниями по их заполнению для организации Министерством здравоохранения Российской Федерации федерального статистического наблюдения в сфере охраны здоровья»";"25.12.2023";;false;00000
377;"Распоряжение Правительства РФ";"05.12.2022";"3731-р";"«Об утверждении перечня специализированных продуктов лечебного питания для детей-инвалидов на 2023 год»";;;false;00000
378;"Приказ Минздрава России";"01.11.2022";"714н";"«Об утверждении Порядка проведения медицинского осмотра на наличие медицинских противопоказаний к работе на судне, включающего в себя химико-токсикологические исследования наличия в организме человека наркотических средств, психотропных веществ и их метаболитов, и формы медицинского заключения об отсутствии медицинских противопоказаний к работе на судне»";;;false;00000
379;"Приказ Минздрава России";"05.08.2022";"530н";"«Об утверждении унифицированных форм медицинской документации, используемых в медицинских организациях, оказывающих медицинскую помощь в стационарных условиях, в условиях дневного стационара и порядков их ведения»";"01.03.2024";;false;00000
380;"Приказ Минздрава России";"31.10.2012";"567н";"«Об утверждении Порядка оказания медицинской помощи по профилю «хирургия (трансплантация органов и (или) тканей человека)»»";"24.08.2026";;false;00000
381;"Закон РФ";"22.12.1992";"4180-1";"«О трансплантации органов и (или) тканей человека»";"01.05.2022";;false;00000
382;"Приказ Минздрава России";"12.12.2018";"875н";"«Об утверждении Порядка оказания медицинской помощи при заболеваниях (состояниях), для лечения которых применяется трансплантация (пересадка) костного мозга и гемопоэтических стволовых клеток и внесении изменения в Порядок оказания медицинской помощи по профилю «хирургия (трансплантация органов и (или) тканей человека)», утвержденный приказом Министерства здравоохранения Российской Федерации от 31 октября 2012 г. №567н»";;;false;00000
383;"Приказ Минздравсоцразвития России";"01.04.2005";249;"«Об организации внеочередного оказания медицинской помощи отдельным категориям граждан»";;;false;00000
384;"Федеральный закон";"08.01.1998";"3-ФЗ";"«О наркотических средствах и психотропных веществах»";"01.09.2026";;false;00000
385;"Постановление Правительства РФ";"30.06.1998";681;"«Об утверждении перечня наркотических средств, психотропных веществ и их прекурсоров, подлежащих контролю в Российской Федерации»";"27.07.2025";;false;00000
386;"Приказ Минздрава России";"19.03.2021";"231н";"«Об утверждении Порядка проведения контроля объемов, сроков, качества и условий предоставления медицинской помощи по обязательному медицинскому страхованию застрахованным лицам, а также ее финансового обеспечения»";"04.09.2024";;false;00000
387;"Постановление Правительства РФ";"27.05.2021";810;"«Об утверждении Правил оказания услуг по перевозкам на железнодорожном транспорте пассажиров, а также грузов, багажа и грузобагажа для личных, семейных, домашних и иных нужд, не связанных с осуществлением предпринимательской деятельности, и признании утратившими силу некоторых актов и отдельных положений некоторых актов Правительства Российской Федерации»";"01.09.2025";;false;00000
388;"Приказ Минздрава России";"20.06.2013";"388н";"«Об утверждении Порядка оказания скорой, в том числе скорой специализированной, медицинской помощи»";"21.02.2020";;false;00000
389;"Приказ Минздрава России";"23.09.2020";"1008н";"«Об утверждении порядка обеспечения пациентов лечебным питанием»";;;false;00000
390;"Приказ ФФОМС";"08.11.2022";"157н";"«Об установлении формы и порядка ведения отчетности №ЗПЗ «Организация защиты прав застрахованных лиц в сфере обязательного медицинского страхования»»";;"07.09.2024";false;00000
391;"Приказ Минздрава России";"14.10.2022";"668н";"«Об утверждении Порядка оказания медицинской помощи при психических расстройствах и расстройствах поведения»";"01.09.2026";;false;00000
392;"Приказ Минздрава России";"23.12.2020";"1363н";"«Об утверждении Порядка направления застрахованных лиц в медицинские организации, функции и полномочия учредителей в отношении которых осуществляют Правительство Российской Федерации или федеральные органы исполнительной власти, для оказания медицинской помощи в соответствии с едиными требованиями базовой программы обязательного медицинского страхования»";;;false;00000
393;"Указ Президента РФ";"27.03.2019";130;"«О включении нового наименования субъекта Российской Федерации в статью 65 Конституции Российской Федерации»";;;false;00000
394;"Приказ ФМБА России";"17.09.2013";227;"«О знаках отличия Федерального медико-биологического агентства»";"19.05.2023";"09.08.2026";false;00000
395;"Приказ Минздрава России";"17.11.2021";"1060н";"«Об утверждении требований к сертификату об отсутствии вируса иммунодефицита человека (ВИЧ-инфекции), предъявляемому иностранными гражданами и лицами без гражданства, прибывающими в Российскую Федерацию, формы, описания бланка и срока действия указанного сертификата»";"19.04.2023";;false;00000
396;"Приказ Минздрава России";"26.11.1993";281;"«О порядке ведения российского государственного медикодозиметрического регистра лиц, подвергшихся воздействию радиации вследствие катастрофы на Чернобыльской АЭС»";;;false;00000
397;"Приказ Минздрава России";"30.11.1993";283;"«О совершенствовании службы функциональной диагностики в учреждениях здравоохранения Российской Федерации»";;;false;00000
398;"Приказ Минздравмедпрома РФ";"31.05.1996";222;"«О совершенствовании службы эндоскопии в учреждениях здравоохранения Российской Федерации»";"16.06.1997";;false;00000
399;"Приказ Минздрава России";"13.08.2002";254;"«О совершенствовании организации оказания диализной помощи населению Российской Федерации»";;;false;00000
400;"Приказ Минздрава России";"16.09.2003";441;"«Об утверждении учетной формы на беспризорного и безнадзорного несовершеннолетнего»";;;false;00000
401;"Приказ Минздрава России";"13.08.2003";410;"«Об утверждении учетной формы №089/у-туб «Извещение о больном с впервые в жизни установленным диагнозом активного туберкулеза, с рецидивом туберкулеза»»";;;false;00000
402;"Приказ Минздрава России";"13.11.2003";547;"«Об утверждении Учетной формы №263/у-ТВ «Карта персонального учета на больного туберкулезом, сочетанным с ВИЧ-инфекцией»»";;;false;00000
403;"Приказ Минздрава России";"23.09.2003";455;"«О совершенствовании деятельности органов и учреждений здравоохранения по профилактике заболеваний в Российской Федерации»";;;false;00000
404;"Приказ Минздрава России";"31.12.2003";650;"«Об утверждении инструкций по заполнению отчетной и учетной документации центра, отделения (кабинета) медицинской профилактики»";;;false;00000
405;"Приказ Минздравсоцразвития России";"03.02.2005";112;"«О статистических формах службы медицины катастроф Министерства здравоохранения и социального развития Российской Федерации»";"17.09.2007";;false;00000
406;"Приказ Минздравсоцразвития России";"07.12.2005";765;"«Об организации деятельности врача-терапевта участкового»";;"31.08.2026";false;00000
407;"Приказ Минздравсоцразвития России";"30.12.2009";"1045н";"«Об утверждении статистического инструментария по учету пострадавшего от несчастного случая на производстве»";;;false;00000
408;"Приказ Минздравсоцразвития России";"25.06.2010";"480н";"«О порядке предоставления сведений о состоянии здоровья детей, оставшихся без попечения родителей, для внесения в государственный банк данных о детях, оставшихся без попечения родителей»";;;false;00000
409;"Приказ Минздрава России";"15.02.2013";"69н";"«О мерах по реализации постановления Правительства Российской Федерации от 26 апреля 2012 г. №404 «Об утверждении Правил ведения Федерального регистра лиц, больных гемофилией, муковисцидозом, гипофизарным нанизмом, болезнью Гоше, злокачественными новообразованиями лимфоидной, кроветворной и родственных им тканей, рассеянным склерозом, лиц после трансплантации органов и (или) тканей»»";"10.04.2015";;false;00000
410;"Приказ Росгвардии";"26.05.2022";170;"«Об учреждении официального геральдического знака - памятной медали Федеральной службы войск национальной гвардии Российской Федерации «Участнику специальной военной операции» и утверждении Положения об официальном геральдическом знаке - памятной медали Федеральной службы войск национальной гвардии Российской Федерации «Участнику специальной военной операции»»";;;false;00000
411;"Приказ Минздрава России";"17.06.2013";"378н";"«Об утверждении правил регистрации операций, связанных с обращением лекарственных средств для медицинского применения, включенных в перечень лекарственных средств для медицинского применения, подлежащих предметно-количественному учету, в специальных журналах учета операций, связанных с обращением лекарственных средств для медицинского применения, и правил ведения и хранения специальных журналов учета операций, связанных с обращением лекарственных средств для медицинского применения»";"05.04.2018";;false;00000
412;"Приказ Минздрава России";"13.10.2015";"711н";"«Об утверждении формы направления на медицинское обследование, а также перечня исследований при проведении медицинского обследования и формы заключения о состоянии здоровья ребенка-сироты, ребенка, оставшегося без попечения родителей, помещаемого под надзор в организацию для детей-сирот и детей, оставшихся без попечения родителей»";;;false;00000
413;"Приказ Министра обороны РФ, Минздрава России";"18.01.2017";"30; 9н";"«Об определении формы медицинского заключения о состоянии здоровья гражданина, проходящего альтернативную гражданскую службу, и правил его заполнения»";;;true;00000
414;"Приказ Минздрава России";"02.05.2023";"205н";"«Об утверждении Номенклатуры должностей медицинских работников и фармацевтических работников»";"15.07.2025";"31.08.2026";false;00000
415;"Постановление Правительства РФ";"11.05.2023";736;"«Об утверждении Правил предоставления медицинскими организациями платных медицинских услуг, внесении изменений в некоторые акты Правительства Российской Федерации и признании утратившим силу постановления Правительства Российской Федерации от 4 октября 2012 г. №1006»";"01.09.2026";;false;00000
416;"Приказ Минздрава России";"18.02.2022";"90н";"«Об утверждении формы, порядка ведения отчетности, учета и выдачи работникам личных медицинских книжек, в том числе в форме электронного документа»";"22.08.2026";;false;00000
417;"Приказ Минздрава России";"25.07.2023";"382н";"«Об утверждении Порядка представления доноров крови и (или) ее компонентов к награждению нагрудным знаком «Почетный донор России» и к оформлению дубликата удостоверения к нагрудному знаку «Почетный донор России», форм представления доноров крови и (или) ее компонентов к награждению нагрудным знаком «Почетный донор России», к оформлению дубликата удостоверения к нагрудному знаку «Почетный донор России», учетной карточки донора крови и (или) ее компонентов, подтверждающей сдачу крови и (или) ее компонентов, и перечня документов, подтверждающих донацию крови и (или) ее компонентов»";;;false;00000
418;"Приказ Минздравсоцразвития России";"16.04.2012";"366н";"«Об утверждении Порядка оказания педиатрической помощи»";;"06.04.2026";false;00000
419;"Приказ Минздрава России";"05.05.2016";"279н";"«Об утверждении Порядка организации санаторно-курортного лечения»";"01.01.2022";"01.09.2025";false;00000
420;"Приказ Минздрава России";"07.11.2012";"606н";"«Об утверждении Порядка оказания медицинской помощи населению по профилю «аллергология и иммунология»»";;;false;00000
421;"Приказ Минздрава России";"15.11.2012";"919н";"«Об утверждении Порядка оказания медицинской помощи взрослому населению по профилю «анестезиология и реаниматология»»";"14.09.2018";;false;00000
422;"Приказ Минздрава России";"07.03.2018";"92н";"«Об утверждении Положения об организации оказания первичной медико-санитарной помощи детям»";;"01.09.2025";false;00000
423;"Приказ Минздравсоцразвития России";"02.04.2010";"206н";"«Об утверждении Порядка оказания медицинской помощи населению с заболеваниями толстой кишки, анального канала и промежности колопроктологического профиля»";"21.02.2020";;false;00000
424;"Приказ Минздрава России";"13.11.2012";"910н";"«Об утверждении Порядка оказания медицинской помощи детям со стоматологическими заболеваниями»";"21.02.2020";;false;00000
425;"Приказ Минздрава России, Минтруда России";"31.05.2019";"345н; 372н";"«Об утверждении Положения об организации оказания паллиативной медицинской помощи, включая порядок взаимодействия медицинских организаций, организаций социального обслуживания и общественных объединений, иных некоммерческих организаций, осуществляющих свою деятельность в сфере охраны здоровья»";;"01.09.2025";true;00000
426;"Приказ Минздрава России";"15.11.2012";"921н";"«Об утверждении Порядка оказания медицинской помощи по профилю «неонатология»»";;"14.06.2025";false;00000
427;"Приказ Минздрава России";"15.11.2012";"932н";"«Об утверждении Порядка оказания медицинской помощи больным туберкулезом»";"19.05.2023";;false;00000
428;"Приказ Минздрава России";"14.06.2019";"422н";"«Об утверждении Порядка оказания медицинской помощи по профилю «челюстно-лицевая хирургия»»";;;false;00000
429;"Приказ Минздрава России";"06.12.2017";"974н";"«Об утверждении Правил проведения эндоскопических исследований»";;"01.09.2025";false;00000
430;"Приказ Минздрава России";"19.01.2018";"21н";"«Об утверждении Порядка оказания медицинской помощи населению по профилю «остеопатия»»";;;false;00000
431;"Приказ Минздрава России";"29.01.2016";"38н";"«Об утверждении Порядка оказания медицинской помощи по профилю «гериатрия»»";"01.01.2026";;false;00000
432;"Приказ Минздравсоцразвития России";"31.01.2012";"69н";"«Об утверждении порядка оказания медицинской помощи взрослым больным при инфекционных заболеваниях»";"21.02.2020";"30.11.2025";false;00000
433;"Приказ Минздрава России";"31.05.2018";"298н";"«Об утверждении Порядка оказания медицинской помощи по профилю «пластическая хирургия»»";"14.08.2018";;false;00000
434;"Приказ Минздравсоцразвития России";"18.04.2012";"381н";"«Об утверждении Порядка оказания медицинской помощи населению по профилю «косметология»»";"21.02.2020";;false;00000
435;"Приказ Минздрава России";"25.10.2012";"441н";"«Об утверждении Порядка оказания медицинской помощи детям по профилю «ревматология»»";"21.02.2020";;false;00000
436;"Приказ Минздрава России";"02.11.2012";"575н";"«Об утверждении Порядка оказания медицинской помощи по профилю «клиническая фармакология»»";;;false;00000
437;"Приказ Минздрава России";"12.11.2012";"902н";"«Об утверждении Порядка оказания медицинской помощи взрослому населению при заболеваниях глаза, его придаточного аппарата и орбиты»»";"01.02.2022";"01.02.2026";false;00000
438;"Приказ Минздрава России";"12.11.2012";"905н";"«Об утверждении порядка оказания медицинской помощи населению по профилю «оториноларингология»»";;;false;00000
439;"Приказ Минздрава России";"12.11.2012";"906н";"«Об утверждении Порядка оказания медицинской помощи населению по профилю «гастроэнтерология»»";;;false;00000
440;"Приказ Минздрава России";"12.11.2012";"908н";"«Об утверждении Порядка оказания медицинской помощи по профилю «детская эндокринология»»";"21.02.2020";"30.11.2024";false;00000
441;"Приказ Минздрава России";"15.11.2012";"916н";"«Об утверждении Порядка оказания медицинской помощи населению по профилю «пульмонология»»";"21.02.2020";;false;00000
442;"Приказ Минздрава России";"15.11.2012";"927н";"«Об утверждении Порядка оказания медицинской помощи пострадавшим с сочетанными, множественными и изолированными травмами, сопровождающимися шоком»»";"21.02.2020";;false;00000
443;"Приказ Минздрава России";"30.12.2015";"1034н";"«Об утверждении Порядка оказания медицинской помощи по профилю «психиатрия-наркология» и Порядка диспансерного наблюдения за лицами с психическими расстройствами и (или) расстройствами поведения, связанными с употреблением психоактивных веществ»";"07.06.2022";"31.08.2026";false;00000
444;"Приказ Минздрава России";"06.11.2020";"1202н";"«Об утверждении Порядка организации и оказания Всероссийской службой медицины катастроф медицинской помощи при чрезвычайных ситуациях, в том числе медицинской эвакуации»";"29.10.2024";;false;00000
445;"Приказ Минздрава России";"11.12.2020";"1317н";"«Об утверждении требований к организации и выполнению работ (услуг) по сестринскому делу»";;;false;00000
446;"Приказ Минздрава России";"13.03.2023";"104н";"«Об утверждении Порядка оказания медицинской помощи взрослому населению по профилю «эндокринология»»";;;false;00000
447;"Приказ Минздрава России";"19.02.2021";"117н";"«Об утверждении требований к организации и выполнению работ (услуг) по экспертизе качества медицинской помощи»";;;false;00000
448;"Приказ Минздрава России";"15.11.2012";"924н";"«Об утверждении Порядка оказания медицинской помощи населению по профилю «дерматовенерология»»";"08.08.2020";"07.11.2025";false;00000
449;"Приказ Минздравсоцразвития России";"05.05.2012";"521н";"«Об утверждении Порядка оказания медицинской помощи детям с инфекционными заболеваниями»";"21.02.2020";;false;00000
450;"Постановление Правительства РФ";"30.09.2002";717;"«Об утверждении Правил предоставления ежемесячной компенсации на питание детей, страдающих заболеваниями вследствие радиационного воздействия на их родителей в результате ядерных испытаний на Семипалатинском полигоне»";"03.10.2024";;false;00000
451;"Постановление Правительства РФ";"31.12.2004";907;"«О социальной поддержке граждан, подвергшихся воздействию радиации вследствие катастрофы на Чернобыльской АЭС»";"03.10.2024";;false;00000
452;"Постановление Правительства РФ";"21.01.2022";24;"«О предоставлении отдельных мер социальной поддержки гражданам, подвергшимся воздействию радиации»";"03.10.2024";;false;00000
453;"Постановление Правительства РФ";"03.03.2007";136;"«О порядке предоставления мер социальной поддержки гражданам, подвергшимся воздействию радиации вследствие катастрофы на Чернобыльской АЭС и ядерных испытаний на Семипалатинском полигоне, в связи с исполнением ими трудовых обязанностей, а также выплаты пособия на погребение граждан, погибших (умерших) в связи с чернобыльской катастрофой»";"03.10.2024";;false;00000
454;"Приказ Минздрава России";"10.06.2021";"629н";"«Об утверждении Порядка диспансерного наблюдения детей с онкологическими и гематологическими заболеваниями»";"31.08.2026";;false;00000
455;"Приказ Минздрава России";"26.04.2023";"193н";"«О внесении изменений в приложение №1 к приказу Министерства здравоохранения Российской Федерации от 28 сентября 2020 г. №1029н «Об утверждении перечней медицинских показаний и противопоказаний для санаторно-курортного лечения» и в приложение №2 к приказу Министерства здравоохранения Российской Федерации от 31 мая 2021 г. №557н «Об утверждении классификации природных лечебных ресурсов, медицинских показаний и противопоказаний к их применению в лечебно-профилактических целях»»";;"01.09.2024";false;00000
456;"Приказ Минздрава России";"13.10.2022";"664н";"«О внесении изменения в приложение №2 к приказу Министерства здравоохранения Российской Федерации от 28 сентября 2020 г. №1029н «Об утверждении перечней медицинских показаний и противопоказаний для санаторно-курортного лечения»»";;"01.09.2024";false;00000
457;"Приказ Министра обороны РФ";"04.12.2019";707;"«О персональных данных в Вооруженных Силах Российской Федерации»";"06.06.2024";;false;00000
458;"Приказ Минфина России";"01.12.2010";"157н";"«Об утверждении Единого плана счетов бухгалтерского учета для органов государственной власти (государственных органов), органов местного самоуправления, органов управления государственными внебюджетными фондами, государственных академий наук, государственных (муниципальных) учреждений и Инструкции по его применению»";"27.04.2023";"01.01.2026";false;00000
459;"Федеральный закон";"02.10.2007";"229-ФЗ";"«Об исполнительном производстве»";"01.09.2026";;false;00000
460;"Федеральный закон";"21.07.1997";"118-ФЗ";"«Об органах принудительного исполнения Российской Федерации»";"04.08.2026";;false;00000
461;"Федеральный закон";"29.12.2006";"255-ФЗ";"«Об обязательном социальном страховании на случай временной нетрудоспособности и в связи с материнством»";"01.07.2026";;false;00000
462;"Федеральный закон";"19.05.1995";"81-ФЗ";"«О государственных пособиях гражданам, имеющим детей»";"22.05.2026";;false;00000
463;"Федеральный закон";"28.04.2023";"138-ФЗ";"«О гражданстве Российской Федерации»";"26.07.2026";;false;00000
464;"Приказ Минздравсоцразвития России";"26.01.2009";18;"«Об утверждении статистического инструментария по учету пострадавших в дорожно-транспортных происшествиях»";;;false;00000
465;"Приказ Минздрава России";"31.10.2012";"560н";"«Об утверждении Порядка оказания медицинской помощи по профилю «детская онкология»»";"21.02.2020";;false;00000
466;"Приказ Минздрава России";"12.01.2017";"3н";"«Об утверждении Порядка проведения судебно-психиатрической экспертизы»";;"01.09.2025";false;00000
467;"Приказ Минздравсоцразвития России";"23.08.2010";"706н";"«Об утверждении Правил хранения лекарственных средств»";"28.12.2010";"01.09.2025";false;00000
468;"Приказ Минздрава России";"31.08.2016";"646н";"«Об утверждении Правил надлежащей практики хранения и перевозки лекарственных препаратов для медицинского применения»";;"31.05.2025";false;00000
469;"Приказ Минздрава России";"22.05.2023";"249н";"«Об утверждении правил изготовления и отпуска лекарственных препаратов для медицинского применения аптечными организациями, имеющими лицензию на фармацевтическую деятельность»";;;false;00000
470;"Приказ Минздрава России";"31.10.2012";"561н";"«Об утверждении Порядка оказания медицинской помощи по профилю «детская урология-андрология»»";"21.02.2020";;false;00000
471;"Приказ Минздрава России";"12.11.2012";"907н";"«Об утверждении Порядка оказания медицинской помощи взрослому населению по профилю «урология»»";"21.02.2020";;false;00000
472;"Приказ Минздрава России";"15.11.2012";"923н";"«Об утверждении Порядка оказания медицинской помощи взрослому населению по профилю «терапия»»";;;false;00000
473;"Приказ Минздрава России";"15.11.2012";"926н";"«Об утверждении Порядка оказания медицинской помощи взрослому населению при заболеваниях нервной системы»";"20.04.2025";;false;00000
474;"Приказ Минздравсоцразвития России";"18.01.2012";"17н";"«Об утверждении Порядка оказания медицинской помощи взрослому населению по профилю «нефрология»»";"21.02.2020";;false;00000
475;"Приказ Минздрава России";"13.06.2018";"327н";"«Об утверждении Порядка оказания медицинской помощи несовершеннолетним в период оздоровления и организованного отдыха»";"17.07.2019";"01.09.2025";false;00000
476;"Приказ Минздрава России";"25.10.2012";"440н";"«Об утверждении Порядка оказания медицинской помощи по профилю «детская кардиология»»";"21.02.2020";;false;00000
477;"Приказ Минздрава России";"25.10.2012";"442н";"«Об утверждении Порядка оказания медицинской помощи детям при заболеваниях глаза, его придаточного аппарата и орбиты»";"25.10.2020";"07.11.2025";false;00000
478;"Приказ Минздрава России";"31.10.2012";"562н";"«Об утверждении Порядка оказания медицинской помощи по профилю «детская хирургия»»";;;false;00000
479;"Приказ Минздрава России";"08.11.2012";"689н";"«Об утверждении порядка оказания медицинской помощи взрослому населению при заболевании, вызываемом вирусом иммунодефицита человека (ВИЧ-инфекции)»";"21.02.2020";;false;00000
480;"Приказ Минздрава России";"05.11.2013";"822н";"«Об утверждении Порядка оказания медицинской помощи несовершеннолетним, в том числе в период обучения и воспитания в образовательных организациях»";"21.02.2020";"01.09.2025";false;00000
481;"Приказ Минздрава России";"12.11.2012";"900н";"«Об утверждении Порядка оказания медицинской помощи взрослому населению по профилю «ревматология»»";"21.02.2020";;false;00000
482;"Приказ Минздрава России";"12.11.2012";"901н";"«Об утверждении Порядка оказания медицинской помощи населению по профилю «травматология и ортопедия»»";"21.02.2020";;false;00000
483;"Приказ Минздрава России";"15.11.2012";"920н";"«Об утверждении Порядка оказания медицинской помощи населению по профилю «диетология»»";;;false;00000
484;"Приказ Минздрава России";"26.12.2016";"997н";"«Об утверждении Правил проведения функциональных исследований»";;"01.09.2025";false;00000
485;"Приказ Минздрава России";"14.12.2012";"1047н";"«Об утверждении Порядка оказания медицинской помощи детям по профилю «неврология»»";"21.02.2020";;false;00000
486;"Приказ Минздрава России";"09.04.2015";"178н";"«Об утверждении Порядка оказания медицинской помощи населению по профилю «сурдология-оториноларингология»»";;;false;00000
487;"Приказ Минздрава России";"31.08.2023";"458н";"«Об утверждении порядка и сроков прохождения медицинскими работниками и фармацевтическими работниками аттестации для получения квалификационной категории»";;;false;00000
488;"Постановление Правительства РФ";"23.12.2023";2267;"«Об утверждении Положения о паспорте гражданина Российской Федерации, образца и описания бланка паспорта гражданина Российской Федерации»";;;false;00000
489;"Постановление Правительства РФ";"14.03.2023";388;"«Об утверждении Положения о нагрудном знаке «Почетный донор России» и описания нагрудного знака «Почетный донор России» и признании утратившими силу некоторых актов Правительства Российской Федерации и отдельного положения акта Правительства Российской Федерации»";;;false;00000
490;"Постановление Правительства РФ";"28.12.2023";2353;"«О Программе государственных гарантий бесплатного оказания гражданам медицинской помощи на 2024 год и на плановый период 2025 и 2026 годов»";"23.03.2024";;false;00000
491;"Постановление Правительства РФ";"31.12.2004";911;"«О порядке оказания медицинской помощи, возмещения расходов на ее оказание, проведение медицинских осмотров, диспансеризации, санаторно-курортного обеспечения и осуществления отдельных выплат некоторым категориям военнослужащих, сотрудников правоохранительных органов и членам их семей, а также отдельным категориям граждан, уволенных с военной службы»";"05.04.2024";;false;00000
492;"Постановление Правительства РФ";"15.12.2018";1563;"«О порядке оказания сотрудникам органов внутренних дел Российской Федерации, отдельным категориям граждан Российской Федерации, уволенных со службы в органах внутренних дел, органах по контролю за оборотом наркотических средств и психотропных веществ, членам их семей и лицам, находящимся на их иждивении, медицинской помощи и обеспечения их санаторно-курортным лечением»";;;false;00000
493;"Приказ Минздрава России";"31.01.2019";"36н";"«Об утверждении Порядка проведения экспертизы связи заболевания с профессией и формы медицинского заключения о наличии или об отсутствии профессионального заболевания»";"28.09.2020";"01.09.2025";false;00000
494;"Приказ Минздрава России";"21.03.2017";"124н";"«Об утверждении порядка и сроков проведения профилактических медицинских осмотров граждан в целях выявления туберкулеза»";"19.11.2020";"01.09.2025";false;00000
495;"Приказ Минздрава России";"28.04.2022";"292н";"«Об утверждении Порядка оказания медицинской помощи населению по профилю «мануальная терапия»»";;;false;00000
496;"Приказ Минздрава России";"06.10.2014";"581н";"«О Порядке проведения профилактических медицинских осмотров обучающихся в общеобразовательных организациях и профессиональных образовательных организациях, а также образовательных организациях высшего образования в целях раннего выявления незаконного потребления наркотических средств и психотропных веществ»";"19.11.2020";"01.09.2025";false;00000
497;"Приказ Минздрава России";"12.11.2012";"898н";"«Об утверждении Порядка оказания медицинской помощи взрослому населению по профилю «торакальная хирургия»»";"21.02.2020";;false;00000
498;"Приказ Минздрава России";"13.11.2012";"911н";"«Об утверждении порядка оказания медицинской помощи при острых и хронических профессиональных заболеваниях»";"21.02.2020";;false;00000
499;"Приказ Минздрава России";"15.11.2012";"925н";"«Об утверждении Порядка оказания медицинской помощи больным с острыми химическими отравлениями»";;;false;00000
500;"Приказ Минздрава России";"15.11.2012";"930н";"«Об утверждении Порядка оказания медицинской помощи населению по профилю «гематология»»";;;false;00000
501;"Приказ Минздрава России";"15.11.2012";"931н";"«Об утверждении Порядка оказания медицинской помощи взрослому населению по профилю «нейрохирургия»»";;;false;00000
502;"Приказ Минздрава России";"28.10.2020";"1167н";"«Об утверждении требований к организации деятельности субъектов обращения донорской крови и (или) ее компонентов по заготовке, хранению, транспортировке донорской крови и (или) ее компонентов, включая штатные нормативы и стандарт оснащения»";;;false;00000
503;"Приказ Росстандарта";"12.12.2014";"2020-ст";"«О принятии и введении в действие Общероссийского классификатора занятий (ОКЗ) ОК 010-2014 (МСКЗ - 08)»";;;false;00000
504;"Распоряжение Правительства РФ";"11.12.2023";"3551-р";"«Об утверждении перечня специализированных продуктов лечебного питания для детей-инвалидов»";"01.11.2025";;false;00000
505;"Указ Президента РФ";"01.02.2024";81;"«Об учреждении ордена «За доблестный труд»»";;;false;00000
506;"Приказ Минздрава России";"10.07.2002";223;"«О введении учетной медицинской документации в санаторно-курортных учреждениях»";;;false;00000
507;"Приказ Минздрава России";"30.04.2019";"266н";"«Об утверждении Порядка прохождения работниками ведомственной охраны ежегодного медицинского осмотра, предусмотренного статьей 6 Федерального закона от 14 апреля 1999 г. №77-ФЗ «О ведомственной охране», включающего в себя химико-токсикологические исследования наличия в организме человека наркотических средств, психотропных веществ и их метаболитов, и формы заключения, выдаваемого по его результатам»";;;false;00000
508;"Приказ Минздрава России";"31.07.2020";"789н";"«Об утверждении порядка и сроков предоставления медицинских документов (их копий) и выписок из них»";;;false;00000
509;"Приказ Минздрава России";"19.11.2021";"1073н";"«Об утверждении порядка и срока рассмотрения заявки на донорскую кровь и (или) ее компоненты, а также формы акта безвозмездной передачи донорской крови и (или) ее компонентов»";;;false;00000
510;"Приказ Минздрава России";"09.06.2022";"395н";"«Об утверждении формы медицинского заключения о наличии (об отсутствии) у трактористов, машинистов и водителей самоходных машин (кандидатов в трактористы, машинисты и водители самоходных машин) медицинских противопоказаний, медицинских показаний или медицинских ограничений к управлению самоходными машинами»";;;false;00000
511;"Приказ Минздрава России";"13.02.2004";50;"«О введении в действие учетной и отчетной документации мониторинга туберкулеза»";;;false;00000
512;"Приказ Минздрава России";"25.12.2014";"908н";"«О Порядке установления диагноза смерти мозга человека»";;;false;00000
513;"Приказ Минздрава России";"03.08.2023";408;"«Об утверждении Перечня документов, образующихся в деятельности Министерства здравоохранения Российской Федерации и подведомственных ему организаций, с указанием сроков хранения»";;;false;00000
514;"Приказ Минздрава России";"11.02.2022";"75н";"«Об утверждении Порядка проведения обязательных медицинских осмотров до рабочей смены, медицинских осмотров в течение рабочей смены (при необходимости) и медицинских осмотров после рабочей смены (при необходимости) работников, занятых на подземных работах с опасными и (или) вредными условиями труда по добыче (переработке) угля (горючих сланцев), в том числе с использованием технических средств и медицинских изделий, обеспечивающих автоматизированную дистанционную передачу информации о состоянии здоровья работников и дистанционный контроль состояния их здоровья, а также перечень включаемых в них исследований»";;;false;00000
515;"Приказ Минздрава России";"02.05.2023";"202н";"«Об утверждении перечня медицинских противопоказаний, в связи с наличием которых гражданину или получателю социальных услуг может быть отказано, в том числе временно, в предоставлении социальных услуг в форме социального обслуживания на дому, или в полустационарной форме, или в стационарной форме, а также формы заключения уполномоченной медицинской организации о наличии (об отсутствии) таких противопоказаний»";;;false;00000
516;"Указ Президента РФ";"11.03.2024";183;"«Об установлении почетного звания «Заслуженный работник уголовно-исполнительной системы Российской Федерации»»";;;false;00000
517;"Приказ Минздрава России";"28.02.2024";"91н";"«О внесении изменений в порядок проведения диспансерного наблюдения за взрослыми, утвержденный приказом Министерства здравоохранения Российской Федерации от 15 марта 2022 г. №168н»";;;false;00000
518;"Постановление Правительства РФ";"20.03.2024";341;"«О внесении изменений в некоторые акты Правительства Российской Федерации»";"01.03.2026";;false;00000
519;"Приказ Минздрава России";"19.02.2024";"70н";"«О внесении изменений в Инструкцию по организации лечебного питания в лечебно-профилактических учреждениях, утвержденную приказом Министерства здравоохранения Российской Федерации от 5 августа 2003 г. №330, и нормы лечебного питания, утвержденные приказом Министерства здравоохранения Российской Федерации от 21 июня 2013 г. №395н»";;;false;00000
520;"Федеральный закон";"06.04.2024";"70-ФЗ";"«О внесении изменения в Трудовой кодекс Российской Федерации»";;;false;00000
521;"Федеральный закон";"10.07.2023";"293-ФЗ";"«О внесении изменений в отдельные законодательные акты Российской Федерации и признании утратившими силу отдельных законодательных актов (положений законодательных актов) Российской Федерации»";"26.12.2024";;false;00000
522;"Федеральный закон";"06.04.2024";"71-ФЗ";"«О внесении изменений в отдельные законодательные акты Российской Федерации»";;;false;00000
523;"Приказ Росстата";"09.04.2024";143;"«Об утверждении формы федерального статистического наблюдения №32 «Сведения о медицинской помощи беременным, роженицам и родильницам» и указаний по ее заполнению»";"23.12.2024";;false;00000
524;"Постановление Правительства РФ";"03.04.2024";420;"«О внесении изменений в постановление Правительства Российской Федерации от 4 июля 2013 г. №565»";;;false;00000
525;"Федеральный закон";"06.04.2024";"74-ФЗ";"«О внесении изменений в отдельные законодательные акты Российской Федерации»";;;false;00000
526;"Федеральный закон";"06.04.2024";"79-ФЗ";"«О внесении изменений в Уголовный кодекс Российской Федерации и Уголовно-процессуальный кодекс Российской Федерации»";;;false;00000
527;"Указ Президента РФ";"10.05.2024";322;"«Об установлении почетного звания «Заслуженный работник избирательной системы Российской Федерации»»";;;false;00000
528;"Федеральный закон";"12.12.2023";"591-ФЗ";"«О внесении изменений в Уголовный кодекс Российской Федерации»";;;false;00000
529;"Приказ Минздрава России";"27.08.2020";"906н";"«Об утверждении перечня, порядка ведения и использования классификаторов, справочников и иной нормативно-справочной информации в сфере здравоохранения»";;;false;00000
530;"Федеральный закон";"24.06.2023";"263-ФЗ";"«О внесении изменений в статью 47 Федерального закона «Об исполнительном производстве»»";;;false;00000
531;"Постановление Правительства РФ";"18.05.2024";627;"«О внесении изменений в постановление Правительства Российской Федерации от 8 апреля 2021 г. №555»";;;false;00000
532;"Приказ Минтруда России";"16.04.2024";"203н";"«О внесении изменений в форму и порядок заполнения протокола проведения медико-социальной экспертизы гражданина, утвержденные приказом Министерства труда и социальной защиты Российской Федерации от 4 июля 2022 г. №389н»";;;false;00000
533;"Федеральный закон";"12.07.2024";"176-ФЗ";"«О внесении изменений в части первую и вторую Налогового кодекса Российской Федерации, отдельные законодательные акты Российской Федерации и признании утратившими силу отдельных положений законодательных актов Российской Федерации»";"01.01.2026";;false;00000
534;"Постановление Правительства РФ";"27.12.2000";1013;"«О порядке выплаты государственных единовременных пособий и ежемесячных денежных компенсаций гражданам при возникновении у них поствакцинальных осложнений»";"24.03.2023";;false;00000
535;"Постановление Правительства РФ";"09.12.2017";1497;"«О внесении изменений в некоторые акты Правительства Российской Федерации»";"21.01.2022";;false;00000
536;"Приказ Минздрава России";"30.05.2023";"266н";"«Об утверждении Порядка и периодичности проведения предсменных, предрейсовых, послесменных, послерейсовых медицинских осмотров, медицинских осмотров в течение рабочего дня (смены) и перечня включаемых в них исследований»";;;false;00000
537;"Приказ Минтруда России, Минздрава России";"16.05.2024";"259н; 238н";"«Об утверждении перечня медицинских обследований, необходимых для получения клинико-функциональных данных в зависимости от заболевания в целях проведения медико-социальной экспертизы»";;;true;00000
538;"Приказ Минтруда России";"13.02.2018";"86н";"«Об утверждении классификации технических средств реабилитации (изделий) в рамках федерального перечня реабилитационных мероприятий, технических средств реабилитации и услуг, предоставляемых инвалиду, утвержденного распоряжением Правительства Российской Федерации от 30 декабря 2005 г. №2347-р»";"10.07.2024";"12.06.2026";false;00000
539;"Распоряжение Правительства РФ";"30.12.2005";"2347-р";"«О федеральном перечне реабилитационных мероприятий, технических средств реабилитации и услуг, предоставляемых инвалиду»";"26.03.2026";;false;00000
540;"Приказ Минздрава России";"21.09.2016";"725н";"«Об утверждении Административного регламента Министерства здравоохранения Российской Федерации по предоставлению государственной услуги по государственной регистрации лекарственных препаратов для медицинского применения»";"03.10.2018";;false;00000
541;"Приказ Минздрава России";"08.08.2024";"407н";"«Об утверждении формы и порядка выдачи листка освобождения от выполнения служебных обязанностей по временной нетрудоспособности сотруднику органов принудительного исполнения Российской Федерации»";;;false;00000
542;"Приказ Минздрава России";"27.03.2024";"143н";"«Об утверждении классификации природных лечебных ресурсов, указанных в пункте 2 статьи 2.1 Федерального закона от 23 февраля 1995 г. №26-ФЗ «О природных лечебных ресурсах, лечебно-оздоровительных местностях и курортах», их характеристик и перечня медицинских показаний и противопоказаний для санаторно-курортного лечения и медицинской реабилитации с применением таких природных лечебных ресурсов»";"21.07.2026";;false;00000
543;"Постановление Правительства РФ";"11.07.2024";940;"«О внесении изменения в постановление Правительства Российской Федерации от 21 февраля 2022 г. №225»";;;false;00000
544;"Приказ Минздрава России";"28.08.2024";"437н";"«О внесении изменений в некоторые приказы Министерства здравоохранения Российской Федерации по вопросам детской онкологии и гематологии»";;;false;00000
545;"Приказ Минздрава России";"19.08.2022";"566н";"«О внесении изменений в некоторые приказы Министерства здравоохранения Российской Федерации по вопросам детской онкологии и гематологии»";;;false;00000
546;"Приказ Росстата";"25.12.2023";681;"«Об утверждении форм федерального статистического наблюдения с указаниями по их заполнению для организации Министерством здравоохранения Российской Федерации федерального статистического наблюдения в сфере охраны здоровья»";"24.11.2024";;false;00000
547;"Приказ ФФОМС";"30.07.2024";"118н";"«Об установлении формы и порядка ведения отчетности №ЗПЗ «Организация защиты прав застрахованных лиц в сфере обязательного медицинского страхования»»";;;false;00000
548;"Приказ Минздрава России";"30.07.2024";"397н";"«О признании утратившими силу некоторых приказов и отдельных положений приказов Министерства здравоохранения Российской Федерации о стандартах медицинской помощи»";;;false;00000
549;"Федеральный закон";"04.08.2023";"469-ФЗ";"«О внесении изменений в Федеральный закон «О природных лечебных ресурсах, лечебно-оздоровительных местностях и курортах», отдельные законодательные акты Российской Федерации и признании утратившими силу отдельных положений законодательных актов Российской Федерации»";"04.08.2026";;false;00000
550;"Приказ Минздрава России";"17.04.2002";123;"«Об утверждении отраслевого стандарта «Протокол ведения больных. Пролежни»»";;;false;00000
551;"Федеральный закон";"08.08.2024";"268-ФЗ";"«О внесении изменений в Трудовой кодекс Российской Федерации»";;;false;00000
552;"Приказ Минздрава России";"25.09.2023";"491н";"«Об утверждении Порядка проведения судебно-медицинской экспертизы»";;;false;00000
553;"Постановление Правительства РФ";"03.10.2024";1333;"«О внесении изменений в некоторые акты Правительства Российской Федерации»";;;false;00000
554;"Приказ Минздрава России";"04.09.2024";"449н";"«О внесении изменений в Правила обязательного медицинского страхования, утвержденные приказом Министерства здравоохранения Российской Федерации от 28 февраля 2019 г. №108н, и Порядок проведения контроля объемов, сроков, качества и условий предоставления медицинской помощи по обязательному медицинскому страхованию застрахованным лицам, а также ее финансового обеспечения, утвержденный приказом Министерства здравоохранения Российской Федерации от 19 марта 2021 г. №231н»";"09.09.2025";;false;00000
555;"Распоряжение Правительства РФ";"17.09.2024";"2562-р";"«О внесении изменений в распоряжение Правительства РФ от 11.12.2023 №3551-р»";;;false;00000
556;"Приказ ФМБА России";"02.08.2024";128;"«Об утверждении единых форматов электронных документов, которые используются в единой базе данных по осуществлению мероприятий, связанных с обеспечением безопасности донорской крови и ее компонентов, развитием, организацией и пропагандой донорства крови и ее компонентов»";;;false;00000
557;"Распоряжение Правительства РФ";"08.09.2023";"2417-р";"«Об утверждении перечня федеральных государственных бюджетных учреждений, находящихся в ведении Минтруда России и перечня федеральных казенных учреждений, находящихся в ведении Минтруда России»";;;false;00000
558;"Постановление Правительства РФ";"29.12.2023";2386;"«О государственной информационной системе «Единая централизованная цифровая платформа в социальной сфере»»";"31.07.2026";;false;00000
559;"Приказ Минтруда России";"16.02.2023";"90н";"«Об утверждении Порядка установления причин инвалидности»";"29.10.2024";;false;00000
560;"Приказ Минтруда России";"17.09.2024";"461н";"«О внесении изменений в Порядок установления причин инвалидности, утвержденный приказом Министерства труда и социальной защиты Российской Федерации от 16 февраля 2023 г. №90н»";;;false;00000
561;"Приказ Минтруда России, Минздрава России";"01.10.2024";"519н; 506н";"«О внесении изменения в пункт 16 Порядка предоставления набора социальных услуг отдельным категориям граждан, утвержденного приказом Министерства труда и социальной защиты Российской Федерации и Министерства здравоохранения Российской Федерации от 21 декабря 2020 г. №929н/1345н»";;;true;00000
562;"Постановление Правительства РФ";"11.11.2024";1522;"«О внесении изменений в постановление Правительства Российской Федерации от 26 декабря 2017 г. №1640»";"31.12.2025";;false;00000
563;"Приказ Минздрава России";"29.10.2024";"583н";"«Об утверждении Порядка оказания медицинской помощи по профилю «детская эндокринология»»";;;false;00000
564;"Федеральный закон";"24.07.2023";"340-ФЗ";"«О внесении изменений в отдельные законодательные акты Российской Федерации»";"01.01.2026";;false;00000
565;"Приказ Росстата";"29.11.2024";594;"«Об утверждении формы федерального статистического наблюдения №30 «Сведения о медицинской организации» и указаний по ее заполнению»";;"30.12.2025";false;00000
566;"Постановление Правительства РФ";"27.12.2024";1940;"«О Программе государственных гарантий бесплатного оказания гражданам медицинской помощи на 2025 год и на плановый период 2026 и 2027 годов»";"04.09.2025";;false;00000
567;"Постановление Правительства РФ";"21.10.2024";1415;"«О внесении изменения в постановление Правительства Российской Федерации от 6 августа 2015 г. №813»";;;false;00000
568;"Постановление Правительства РФ";"09.12.2024";1740;"«О внесении изменений в некоторые акты Правительства Российской Федерации по вопросам осуществления закупок товаров, работ, услуг для обеспечения государственных и муниципальных нужд»";;;false;00000
569;"Приказ Минздрава России";"02.10.2024";"511н";"«О внесении изменений в приказ Министерства здравоохранения Российской Федерации от 1 ноября 2022 г. №715н «Об утверждении Порядка допуска лиц, не завершивших освоение образовательных программ высшего медицинского или высшего фармацевтического образования в российских или иностранных организациях, осуществляющих образовательную деятельность, а также лиц с высшим медицинским или высшим фармацевтическим образованием, полученным в российских или иностранных организациях, осуществляющих образовательную деятельность, к осуществлению медицинской деятельности или фармацевтической деятельности на должностях специалистов со средним медицинским или средним фармацевтическим образованием»»";;;false;00000
570;"Федеральный закон";"08.07.2024";"173-ФЗ";"«О внесении изменений в статью 17 Федерального закона «Об обязательном пенсионном страховании в Российской Федерации» и статью 26.1 Федерального закона «О страховых пенсиях»»";"29.10.2024";;false;00000
571;"Постановление Правительства РФ";"13.12.2024";1774;"«О внесении изменений в постановление Правительства Российской Федерации от 26 декабря 2017 г. №1640»";"31.12.2025";;false;00000
572;"Приказ Минздравсоцразвития России";"26.01.2009";"19н";"«О рекомендуемом образце добровольного информированного согласия на проведение профилактических прививок детям или отказа от них»";;;false;00000
573;"Приказ Минздрава России";"07.04.2016";"216н";"«Об утверждении формы информированного добровольного согласия на проведение искусственного прерывания беременности по желанию женщины»";;"01.09.2025";false;00000
574;"Приказ Минстроя России";"01.02.2022";"63/пр";"«Об утверждении нормативов определения стоимости (предельной стоимости) капитального ремонта медицинских организаций первичного звена здравоохранения, центральных районных и районных больниц по субъектам Российской Федерации»";"04.03.2025";;false;00000
575;"Приказ Росстата";"23.12.2024";674;"«Об утверждении формы федерального статистического наблюдения №32 «Сведения о медицинской помощи беременным, роженицам и родильницам» и указаний по ее заполнению»";;"26.12.2025";false;00000
576;"Приказ Минтруда России";"26.07.2024";"374н";"«Об утверждении классификаций и критериев, используемых при осуществлении медико-социальной экспертизы граждан федеральными учреждениями медико-социальной экспертизы»";;;false;00000
577;"Приказ Росстата";"03.02.2025";42;"«Об утверждении формы федерального статистического наблюдения №14 «Сведения о деятельности подразделений медицинской организации, оказывающих медицинскую помощь в стационарных условиях» и указаний по ее заполнению»";;"15.12.2025";false;00000
578;"Федеральный закон";"30.12.2020";"492-ФЗ";"«О биологической безопасности в Российской Федерации»";"03.08.2025";;false;00000
579;"Постановление Правительства РФ";"27.12.2024";1951;"«Об утверждении положения о классификации средств размещения»";;;false;00000
580;"Приказ Минпросвещения России";"25.03.2025";226;"«О внесении изменений в перечни профессий и специальностей среднего профессионального образования и соответствия отдельных профессий и специальностей среднего профессионального образования, указанных в этих перечнях, профессиям и специальностям среднего профессионального образования, перечни которых утверждены приказом Министерства образования и науки Российской Федерации от 29 октября 2013 г. №1199 «Об утверждении перечней профессий и специальностей среднего профессионального образования», утвержденные приказом Министерства просвещения Российской Федерации от 17 мая 2022 г. №336»";;;false;00000
581;"Распоряжение Правительства РФ";"23.01.2025";"76-р";"«О внесении изменений в распоряжение Правительства Российской Федерации от 11 декабря 2023 г. №3551-р»";;;false;00000
582;"Федеральный закон";"23.05.2025";"115-ФЗ";"«О внесении изменений в отдельные законодательные акты Российской Федерации»";"26.07.2026";;false;00000
583;"Приказ Минздрава России";"17.04.2025";"222н";"«Об утверждении Порядка оказания медицинской помощи по профилю «неонатология»»";"21.07.2026";;false;00000
584;"Приказ Минпросвещения России";"03.07.2024";461;"«Об утверждении Порядка формирования, ведения и использования государственного банка данных о детях, оставшихся без попечения родителей»";;;false;00000
585;"Приказ Минздрава России";"21.05.2025";"293н";"«О внесении изменений в классификатор работ (услуг), составляющих медицинскую деятельность, утвержденный приказом Министерства здравоохранения Российской Федерации от 19 августа 2021 г. №866н»";"11.07.2025";;false;00000
586;"Федеральный закон";"02.07.2021";"297-ФЗ";"«О самоходных машинах и других видах техники»";"07.07.2026";;false;00000
587;"Приказ Минздрава России";"04.12.2023";"649н";"«О внесении изменений в Номенклатуру должностей медицинских работников и фармацевтических работников, утвержденную приказом Министерства здравоохранения Российской Федерации от 2 мая 2023 г. №205н»";"15.07.2025";"31.08.2026";false;00000
588;"Приказ Минздрава России";"03.06.2025";"328н";"«О внесении изменений в приказ Министерства здравоохранения Российской Федерации от 2 мая 2023 г. №205н и приказ Министерства здравоохранения Российской Федерации от 4 декабря 2023 г. №649н»";"15.07.2025";"31.08.2026";false;00000
589;"Приказ Минздрава России";"17.03.2025";"128н";"«Об утверждении Положения о межведомственной комиссии по определению дефектуры или риска возникновения дефектуры лекарственных препаратов в связи с введением в отношении Российской Федерации ограничительных мер экономического характера и форм заключений указанной межведомственной комиссии об определении дефектуры или риска возникновения дефектуры лекарственных препаратов для медицинского применения с указанием наименований (международных непатентованных, или химических, или группировочных), их форм, дозировок, наличия терапевтических аналогов, требуемых объемов для целей ввоза в Российскую Федерацию и в иных случаях обращения лекарственных препаратов, о возможности (невозможности) выдачи разрешения на временное обращение серии (партии) лекарственного препарата, не зарегистрированного в Российской Федерации, имеющего зарегистрированные в Российской Федерации аналоги по международному непатентованному наименованию и разрешенного для медицинского применения на территории иностранных государств уполномоченными органами соответствующих иностранных государств, и о возможности (невозможности) перевозки, реализации, передачи и до окончания срока годности хранения, отпуска, розничной торговли (в том числе дистанционным способом), применения зарегистрированных в Российской Федерации лекарственных препаратов в упаковках, предназначенных для обращения в иностранных государствах»";"07.03.2026";;false;00000
590;"Приказ Минздрава России";"14.04.2025";"211н";"«Об утверждении порядка прохождения несовершеннолетними профилактических медицинских осмотров, учетной формы №030-ПО/у «Карта профилактического медицинского осмотра несовершеннолетнего», порядка ее ведения, а также формы отраслевого статистического наблюдения №030-ПО/о «Сведения о профилактических медицинских осмотрах несовершеннолетних», порядка ее заполнения»";"01.09.2025";;false;00000
591;"Приказ Минздрава России";"14.04.2025";"212н";"«Об утверждении порядка проведения диспансеризации пребывающих в стационарных учреждениях детей-сирот и детей, находящихся в трудной жизненной ситуации, учетной формы №030/у-Д/с, порядка ее ведения, а также формы отраслевого статистического наблюдения №030/о-Д/с, порядка ее заполнения»";"01.09.2025";;false;00000
592;"Приказ Минздрава России";"13.05.2025";"274н";"«Об утверждении унифицированных форм медицинской документации, используемых в медицинских организациях, оказывающих медицинскую помощь в амбулаторных условиях, и порядков их ведения»";"01.09.2025";;false;00000
593;"Приказ Минздрава России";"21.03.2025";"141н";"«Об утверждении перечня профессиональных заболеваний»";"01.09.2025";;false;00000
594;"Приказ Минздрава России";"16.09.2003";442;"«Об утверждении учетных форм для регистрации детей, рожденных ВИЧ-инфицированными матерями»";;;false;00000
595;"Постановление Правительства РФ";"14.05.2025";641;"«Об утверждении Правил заготовки, хранения, транспортировки и клинического использования донорской крови и ее компонентов»";"01.09.2025";;false;00000
596;"Приказ Минздрава России";"29.04.2025";"261н";"«Об утверждении Порядка проведения патолого-анатомических вскрытий и унифицированных форм медицинской документации, используемых при проведении патолого-анатомических вскрытий»";"01.09.2025";;false;00000
597;"Приказ Минздрава России";"29.04.2025";"262н";"«Об утверждении порядка проведения медицинского освидетельствования на состояние опьянения (алкогольного, наркотического или иного токсического), включающего определение клинических признаков опьянения и правила химико-токсикологических исследований, а также критерии, при наличии которых имеются достаточные основания полагать, что лицо находится в состоянии опьянения и подлежит направлению на медицинское освидетельствование, учетной формы Акта медицинского освидетельствования на состояние опьянения (алкогольного, наркотического или иного токсического), а также формы и порядка ведения журнала регистрации медицинских освидетельствований на состояние опьянения (алкогольного, наркотического или иного токсического)»";"01.09.2025";;false;00000
598;"Приказ Минздрава России";"29.04.2025";"258н";"«Об утверждении порядка проведения экспертизы связи заболевания с профессией, учетной формы извещения об установлении диагноза - острое (хроническое) профессиональное заболевание, уточнении или отмене диагноза - острое (хроническое) профессиональное заболевание, учетной формы медицинского заключения о наличии или об отсутствии профессионального заболевания, порядка учета профессионального заболевания органом государственного санитарно-эпидемиологического контроля (надзора), проводившим расследование обстоятельств и причин возникновения у работника профессионального заболевания, формы протокола заседания комиссии по расследованию случая профессионального заболевания»";"01.09.2025";;false;00000
599;"Приказ Минздрава России";"30.04.2025";"268н";"«Об утверждении Порядка оказания медицинской помощи несовершеннолетним в период оздоровления и организованного отдыха»";"01.09.2025";;false;00000
600;"Приказ Минздрава России";"14.04.2025";"207н";"«Об утверждении Правил проведения патолого-анатомических исследований и унифицированных форм медицинской документации, используемых при проведении прижизненных патолого-анатомических исследований»";"01.09.2025";;false;00000
601;"Приказ Минздрава России";"14.04.2025";"201н";"«Об утверждении Порядка прохождения диспансеризации федеральными государственными гражданскими служащими, государственными гражданскими служащими субъектов Российской Федерации и муниципальными служащими, перечня заболеваний, препятствующих поступлению на государственную гражданскую службу Российской Федерации и муниципальную службу или ее прохождению, а также формы заключения медицинской организации»";"01.09.2025";;false;00000
602;"Приказ Минздрава России";"25.04.2025";"254н";"«Об утверждении Порядка медицинского освидетельствования лиц, желающих усыновить (удочерить), взять под опеку (попечительство), в приемную или патронатную семью детей, оставшихся без попечения родителей, и формы заключения о результатах медицинского освидетельствования таких лиц»";"01.09.2025";;false;00000
603;"Приказ Росгвардии, Минздрава России";"09.01.2025";"4;2н";"«Об утверждении формы и порядка выдачи листка освобождения от выполнения служебных обязанностей по временной нетрудоспособности лицам, проходящим службу в войсках национальной гвардии Российской Федерации и имеющим специальные звания полиции»";"11.02.2025";;true;00000
604;"Приказ МВД России, Минздрава России";"17.01.2025";"6;11н";"«Об утверждении формы и порядка выдачи листка освобождения от выполнения служебных обязанностей по временной нетрудоспособности»";"05.02.2025";;true;00000
605;"Приказ Минздрава России";"09.07.2025";"397н";"«Об утверждении перечня медицинских изделий для дооснащения и оснащения медицинскими изделиями приемных отделений медицинских организаций, подведомственных исполнительным органам субъектов Российской Федерации»";"19.08.2025";;false;00000
606;"Приказ Минздрава России";"09.07.2025";"398н";"«Об утверждении перечня медицинских изделий, предназначенных для поддержания функций органов и систем организма человека, предоставляемых пациенту при оказании паллиативной медицинской помощи для использования на дому»";"24.08.2025";;false;00000
607;"Приказ Минздрава России";"10.04.2025";"180н";"«Об утверждении порядка создания и деятельности врачебной комиссии медицинской организации»";"01.09.2025";;false;00000
608;"Приказ Минздрава России";"11.04.2025";"185н";"«Об утверждении положения об организации специализированной, в том числе высокотехнологичной, медицинской помощи»";"01.09.2025";;false;00000
609;"Приказ Минздрава России";"11.04.2025";"186н";"«Об утверждении порядка организации оказания высокотехнологичной медицинской помощи с применением единой государственной информационной системы в сфере здравоохранения»";"01.09.2025";;false;00000
610;"Приказ Минздрава России";"19.03.2025";"136н";"«Об утверждении формы информированного добровольного согласия на медицинское вмешательство по проведению искусственного прерывания беременности»";"01.09.2025";;false;00000
611;"Приказ Минздрава России";"14.04.2025";"203н";"«Об утверждении критериев оценки качества медицинской помощи»";"01.09.2025";;false;00000
612;"Приказ Минздрава России, РАН";"25.03.2025";"150н; 1";"«Об утверждении перечня объектов трансплантации»";"01.09.2026";;true;00000
613;"Приказ Минздрава России";"14.04.2025";"202н";"«Об утверждении Положения об организации оказания первичной медико-санитарной помощи взрослому населению»";"01.09.2025";;false;00000
614;"Приказ Минздрава России";"11.04.2025";"193н";"«Об утверждении Порядка организации и оказания медицинской помощи с применением телемедицинских технологий»";"01.09.2025";;false;00000
615;"Приказ Минздрава России";"11.04.2025";"194н";"«Об утверждении Порядка прохождения работниками подразделений транспортной безопасности профилактического медицинского осмотра, включающего в себя химико-токсикологические исследования наличия в организме человека наркотических средств, психотропных веществ и их метаболитов, и формы заключения, выдаваемого по его результатам»";"01.09.2025";;false;00000
616;"Приказ Минздрава России";"25.03.2025";"147н";"«Об утверждении Порядка проведения экспертизы профессиональной пригодности и формы медицинского заключения о пригодности или непригодности к выполнению отдельных видов работ»";"01.09.2025";;false;00000
617;"Приказ Минздрава России";"11.04.2025";"196н";"«Об утверждении учетной формы №315-1/у «Медицинское заключение о характере полученных повреждений здоровья в результате несчастного случая на производстве и степени их тяжести», учетной формы №316-1/у «Медицинское заключение об установлении заключительного диагноза пострадавшего в результате несчастного случая на производстве»»";"01.09.2025";;false;00000
618;"Распоряжение Правительства РФ";"12.04.2025";"892-р";"«Об утверждении перечней медицинских показаний, противопоказаний и ограничений к управлению транспортным средством»";"19.08.2026";;false;00000
619;"Приказ Минздрава России";"07.04.2025";"169н";"«Об утверждении Порядка организации санаторно-курортного лечения»";"01.09.2025";;false;00000
620;"Приказ Минздрава России";"27.05.2025";"313н";"«Об утверждении Положения об организации оказания первичной медико-санитарной помощи детям»";"01.09.2025";;false;00000
621;"Приказ Минздрава России, Минтруда России";"14.04.2025";"208н; 243н";"«Об утверждении Положения об организации оказания паллиативной медицинской помощи, включая порядок взаимодействия медицинских организаций, организаций социального обслуживания и общественных объединений, иных некоммерческих организаций, осуществляющих свою деятельность в сфере охраны здоровья»";"01.09.2025";;true;00000
622;"Указ Президента РФ";"30.08.2025";613;"«Об установлении почетного звания «Заслуженный работник судостроения Российской Федерации»»";;;false;00000
623;"Приказ Минздрава России";"14.04.2025";"206н";"«Об утверждении Правил проведения эндоскопических исследований»";"01.09.2025";;false;00000
624;"Приказ Минздрава России";"29.04.2025";"263н";"«Об утверждении Порядка проведения судебно-психиатрической экспертизы»";"01.09.2025";;false;00000
625;"Приказ Минздрава России";"29.04.2025";"260н";"«Об утверждении правил хранения лекарственных средств для медицинского применения»";"01.09.2025";;false;00000
626;"Приказ Минздрава России";"14.04.2025";"213н";"«Об утверждении порядка оказания несовершеннолетним медицинской помощи, в том числе в период обучения и воспитания в образовательных организациях»";"01.09.2025";;false;00000
627;"Приказ Минздрава России";"14.04.2025";"205н";"«Об утверждении Правил проведения функциональных исследований»";"01.09.2025";;false;00000
628;"Приказ Минздрава России";"11.04.2025";"190н";"«Об утверждении порядка и сроков проведения профилактических медицинских осмотров граждан в целях выявления туберкулеза»";"01.09.2025";;false;00000
629;"Приказ Минздрава России";"25.04.2025";"256н";"«Об утверждении Порядка проведения профилактических медицинских осмотров обучающихся в общеобразовательных организациях и профессиональных образовательных организациях, а также образовательных организациях высшего образования в целях раннего выявления незаконного потребления наркотических средств и психотропных веществ»";"01.09.2025";;false;00000
630;"Приказ Минздрава России";"11.04.2025";"195н";"«Об утверждении Порядка проведения экспертизы временной нетрудоспособности»";"01.09.2025";;false;00000
631;"Приказ Минздрава России";"14.04.2025";"204н";"«Об утверждении Порядка осуществления экспертизы качества медицинской помощи, за исключением медицинской помощи, оказываемой в соответствии с законодательством Российской Федерации об обязательном медицинском страховании»";"01.09.2025";;false;00000
632;"Приказ Минздрава России";"07.03.2025";"100н";"«Об утверждении Правил отпуска лекарственных препаратов для медицинского применения аптечными организациями, индивидуальными предпринимателями, имеющими лицензию на осуществление фармацевтической деятельности, медицинскими организациями, имеющими лицензию на осуществление фармацевтической деятельности, и их обособленными подразделениями, расположенными в сельских населенных пунктах, в которых отсутствуют аптечные организации, Правил отпуска наркотических средств и психотропных веществ, зарегистрированных в качестве лекарственных препаратов для медицинского применения, лекарственных препаратов для медицинского применения, содержащих наркотические средства и психотропные вещества, Порядка отпуска гражданам аптечными организациями иммунобиологических лекарственных препаратов для иммунопрофилактики»";"01.09.2025";;false;00000
633;"Приказ Минздрава России";"13.03.2025";"119н";"«О признании утратившим силу приказа Министерства здравоохранения и социального развития Российской Федерации от 22 ноября 2004 г. №255 «О Порядке оказания первичной медико-санитарной помощи гражданам, имеющим право на получение набора социальных услуг»»";"01.09.2025";;false;00000
634;"Приказ Минтруда России";"13.01.2021";"5н";"«Об утверждении профессионального стандарта «Врач-трансфузиолог»»";"25.11.2024";;false;00000
635;"Приказ Минздрава России";"21.08.2025";"496н";"«Об утверждении Правил обязательного медицинского страхования»";"09.09.2025";;false;00000
636;"Постановление Правительства РФ";"04.09.2025";1365;"«О внесении изменений в Программу государственных гарантий бесплатного оказания гражданам медицинской помощи на 2025 год и на плановый период 2026 и 2027 годов»";;;false;00000
637;"Приказ Минздрава России";"02.09.2025";"519н";"«Об утверждении учетной формы «Направление для оказания медицинской помощи» и порядка ее ведения»";"27.10.2025";;false;00000
638;"Приказ Минздрава России";"04.09.2025";"539н";"«О внесении изменения в абзац третий пункта 4 приказа Министерства здравоохранения Российской Федерации от 19 февраля 2021 г. №116н»";"24.10.2025";;false;00000
639;"Приказ Минпросвещения России";"16.09.2025";667;"«О внесении изменений в перечни профессий и специальностей среднего профессионального образования и соответствия отдельных профессий и специальностей среднего профессионального образования, указанных в этих перечнях, профессиям и специальностям среднего профессионального образования, перечни которых утверждены приказом Министерства образования и науки Российской Федерации от 29 октября 2013 г. №1199 «Об утверждении перечней профессий и специальностей среднего профессионального образования», утвержденные приказом Министерства просвещения Российской Федерации от 17 мая 2022 г. №336»";"27.10.2025";;false;00000
640;"Приказ Минздрава России";"09.10.2025";"614н";"«Об утверждении Порядка оказания медицинской помощи детям по профилю «офтальмология»»";"06.02.2026";;false;00000
641;"Приказ Минздрава России";"24.09.2025";"582н";"«Об утверждении Порядка оказания медицинской помощи населению по профилю «дерматовенерология»»";"08.11.2025";;false;00000
642;"Приказ Минздрава России";"16.09.2025";"567н";"«О внесении изменений в приказ Министерства здравоохранения Российской Федерации от 31 июля 2020 г. №788н»";"04.11.2025";;false;00000
643;"Приказ Минздрава России";"21.08.2025";"495н";"«Приказ Министерства здравоохранения Российской Федерации от 21 августа 2025 г. №495н «Об утверждении Порядка оказания медицинской помощи взрослому населению по профилю «инфекционные болезни»»";"01.12.2025";;false;00000
645;"Приказ Росстата";"29.12.2025";765;"«Об утверждении формы федерального статистического наблюдения №61 «Сведения о ВИЧ-инфекции» и указаний по ее заполнению»";;;false;00000
646;"Приказ Росстата";"30.12.2025";768;"«Об утверждении формы федерального статистического наблюдения №30 «Сведения о медицинской организации» и указаний по ее заполнению»";;;false;00000
647;"Приказ Минздрава России";"09.07.2025";"401н";"«О ведомственных наградах Министерства здравоохранения Российской Федерации»";"01.01.2026";;false;00000
648;"Приказ Росстата";"26.12.2025";757;"«Об утверждении формы федерального статистического наблюдения №32 «Сведения о медицинской помощи беременным, роженицам и родильницам» и указаний по ее заполнению»";;;false;00000
649;"Приказ Росстата";"15.12.2025";712;"«Об утверждении формы федерального статистического наблюдения №14 «Сведения о деятельности подразделений медицинской организации, оказывающих медицинскую помощь в стационарных условиях» и указаний по ее заполнению»";;;false;00000
650;"Распоряжение Правительства РФ";"18.12.2025";"3867-р";"«Об утверждении перечня жизненно необходимых и важнейших лекарственных препаратов, а также перечней лекарственных препаратов для медицинского применения и минимального ассортимента лекарственных препаратов, необходимых для оказания медицинской помощи»";"24.02.2026";;false;00000
651;"Приказ Минздрава России";"19.12.2025";"747н";"«О Порядке оказания медицинской помощи по профилю «акушерство и гинекология»»";"10.01.2026";;false;00000
652;"Указ Президента РФ";"22.12.2025";949;"«Об установлении почетного звания «Заслуженный сотрудник войск национальной гвардии Российской Федерации»»";;;false;00000
653;"Постановление Правительства РФ";"29.12.2025";2188;"«О Программе государственных гарантий бесплатного оказания гражданам медицинской помощи на 2026 год и на плановый период 2027 и 2028 годов»";"06.04.2026";;false;00000
654;"Приказ Минздрава России";"24.10.2025";"633н";"«Об утверждении Порядка оказания медицинской помощи взрослому населению по профилю «офтальмология»»";"01.09.2026";;false;00000
655;"Постановление Правительства РФ";"01.06.2021";853;"«Об утверждении Правил ввоза лекарственных средств для медицинского применения в Российскую Федерацию и признании утратившими силу некоторых актов и отдельных положений некоторых актов Правительства Российской Федерации»";"27.06.2025";;false;00000
656;"Постановление Главного государственного санитарного врача РФ";"02.12.2020";40;"«Об утверждении санитарных правил СП 2.2.3670-20 «Санитарно-эпидемиологические требования к условиям труда»»";"10.03.2026";"31.08.2026";false;00000
657;"Приказ Минздрава России";"10.10.2014";"605н";"«О Порядке проведения диспансеризации пребывающих в стационарных учреждениях детей-сирот и детей, находящихся в трудной жизненной ситуации, в Республике Крым и г. Севастополе в 2014 году»";;;false;00000
658;"Приказ Ростехрегулирования";"27.05.2021";"467-ст";"«Об утверждении национального стандарта Российской Федерации»";;;false;00000
659;"Федеральный закон";"10.12.1995";"196-ФЗ";"«О безопасности дорожного движения»";"04.08.2026";;false;00000
660;"Приказ Минтруда России";"28.03.2025";"160н";"«Об утверждении форм справки, подтверждающей факт установления инвалидности, выписки из акта медико-социальной экспертизы гражданина и порядка их составления, в том числе в форме электронного документа»";"01.03.2026";;false;00000
661;"Приказ Минздрава России";"20.02.2026";"120н";"«Об утверждении Порядка оказания медицинской помощи по профилю «педиатрия»»";"06.04.2026";;false;00000
662;"Приказ Минпросвещения России";"19.02.2026";106;"«О внесении изменений в перечни профессий и специальностей среднего профессионального образования и соответствия отдельных профессий и специальностей среднего профессионального образования, указанных в этих перечнях, профессиям и специальностям среднего профессионального образования, перечни которых утверждены приказом Министерства образования и науки Российской Федерации от 29 октября 2013 г. №1199 «Об утверждении перечней профессий и специальностей среднего профессионального образования», утвержденные приказом Министерства просвещения Российской Федерации от 17 мая 2022 г. №336»";"07.04.2026";;false;00000
663;"Постановление Правительства РФ";"31.05.2025";822;"«Об утверждении Правил ведения федерального регистра лиц с отдельными заболеваниями»";"01.03.2026";;false;00000
664;"Постановление Правительства РФ";"30.11.2021";2129;"«Об утверждении Положения о лицензировании деятельности по техническому обслуживанию медицинских изделий (за исключением случая, если техническое обслуживание осуществляется для обеспечения собственных нужд юридического лица или индивидуального предпринимателя, а также случая технического обслуживания медицинских изделий с низкой степенью потенциального риска их применения), внесении изменений в постановление Правительства Российской Федерации от 15 сентября 2020 г. №1445 и признании утратившими силу отдельных актов Правительства Российской Федерации»";"01.03.2026";;false;00000
665;"Приказ ФФОМС";"28.09.2018";200;"«О внесении изменений в приказ Федерального фонда обязательного медицинского страхования от 07 апреля 2011 г. №79»";;;false;00000
666;"Распоряжение Правительства РФ";"23.04.2026";"942-р";"«О перечне стратегически значимых лекарственных средств»";"07.07.2026";;false;00000
667;"Постановление Правительства РФ";"17.03.2026";277;"«Об утверждении Правил формирования перечня стратегически значимых лекарственных средств»";"24.03.2026";;false;00000
668;"Приказ Минздрава России";"14.05.2026";"434н";"«Об утверждении номенклатуры должностей медицинских работников и фармацевтических работников»";"01.09.2026";;false;00000
669;"Приказ Минздрава России";"14.05.2026";"435н";"«Об утверждении номенклатуры специальностей специалистов, имеющих медицинское и фармацевтическое образование»";"01.09.2026";;false;00000
670;"Приказ Минздрава России";"14.05.2026";"436н";"«Об утверждении квалификационных требований к медицинским и фармацевтическим работникам»";"01.09.2026";;false;00000
671;"Приказ Минздрава России";"19.01.2018";"20н";"«Об утверждении Административного регламента Министерства здравоохранения Российской Федерации по предоставлению государственной услуги по выдаче разрешения на проведение клинического исследования лекарственного препарата»";"24.10.2019";;false;00000
672;"Приказ Минздрава России";"05.12.2022";"777н";"«Об утверждении Административного регламента Министерства здравоохранения Российской Федерации по предоставлению государственной услуги по выдаче заключений (разрешительных документов) на ввоз в Российскую Федерацию и вывоз из Российской Федерации биологических материалов, полученных при проведении клинического исследования лекарственного препарата для медицинского применения»";;;false;00000
673;"Приказ ФФОМС";"13.12.2018";285;"«О внесении изменений в приказ Федерального фонда обязательного медицинского страхования от 7 апреля 2011 г. № 79»";;;false;00000
674;"Приказ ФФОМС";"09.09.2016";169;"«О внесении изменений в приказ Федерального фонда обязательного медицинского страхования от 7 апреля 2011 г. № 79»";;;false;00000
675;"Постановление Правительства РФ";"08.04.2025";462;"«О государственном регулировании цен на лекарственные препараты, включенные в перечень жизненно необходимых и важнейших лекарственных препаратов для медицинского применения»";;;false;00000
676;"Приказ Минздрава России";"18.05.2026";"447н";"«Об утверждении унифицированных форм медицинской документации, связанных с донорством крови и (или) ее компонентов и клиническим использованием донорской крови и (или) ее компонентов, и порядков их ведения»";"01.09.2026";;false;00000
677;"Приказ Минздрава России";"05.03.2026";"166н";"«Об утверждении перечня специальностей (направлений подготовки), после завершения обучения по которым в отношении лиц, получивших медицинское образование по основным профессиональным образовательным программам по специальностям (направлениям подготовки) и впервые прошедших первичную аккредитацию специалиста, первичную специализированную аккредитацию специалиста по соответствующей специальности, осуществляется наставничество в сфере здравоохранения, сроки, в течение которых осуществляется наставничество в сфере здравоохранения в зависимости от специальности (направления подготовки) и (или) места нахождения организации, в которой осуществляется медицинская деятельность»";"01.09.2026";;false;00000
678;"Приказ ФФОМС";"23.03.2018";54;"«О внесении изменений в приказ Федерального фонда обязательного медицинского страхования от 07.04.2011 №79»";;;false;00000
679;"Приказ ФФОМС";"30.08.2019";173;"«О внесении изменений в приказ Федерального фонда обязательного медицинского страхования от 07.04.2011 №79»";;;false;00000
680;"Постановление Правительства РФ";"02.03.2026";211;"«О внесении изменений в постановление Правительства Российской Федерации от 9 февраля 2022 г. № 140»";;;false;00000
681;"Приказ Минздрава России";"25.03.2026";"209н";"«Об утверждении Порядка организации системы документооборота в сфере охраны здоровья в части ведения медицинской документации в форме электронных документов»";"01.09.2026";;false;00000
682;"Приказ Минздрава России";"06.03.2026";"172н";"«О порядке представления информации о реакциях и об осложнениях, возникших у реципиентов в связи с трансфузией (переливанием) донорской крови и (или) ее компонентов, в уполномоченный федеральный орган исполнительной власти, осуществляющий функции по организации деятельности службы крови»";"01.09.2026";;false;00000
683;"Постановление Правительства РФ";"31.05.2023";894;"«Об утверждении Правил маркировки отдельных видов медицинских изделий средствами идентификации и особенностях внедрения государственной информационной системы мониторинга за оборотом товаров, подлежащих обязательной маркировке средствами идентификации, в отношении отдельных видов медицинских изделий»";"01.09.2026";;false;00000
684;"Приказ Минздрава России";"19.05.2026";"484н";"«Об утверждении порядка организации оказания медицинской помощи лицам, занимающимся физической культурой и спортом (в том числе при подготовке и проведении физкультурных мероприятий и спортивных мероприятий), включая порядок медицинского осмотра лиц, желающих пройти спортивную подготовку, заниматься физической культурой и спортом в организациях и (или) выполнить нормативы испытаний (тестов) Всероссийского физкультурно-спортивного комплекса «Готов к труду и обороне» (ГТО и форм медицинских заключений о допуске к участию в физкультурных и спортивных мероприятиях»";"01.09.2026";;false;00000
685;"Приказ Минздрава России";"08.05.2026";"359н";"«Об утверждении Правил проведения рентгенологических исследований и унифицированной формы протокола рентгенологического исследования (рентгенологического исследования легких (флюорографии), рентгенологического исследования молочных желез (маммографии), рентгенологического исследования зубочелюстной системы, рентгеновского компьютерно-томографического исследования, магнитно-резонансного исследования, рентгенологического исследования костной системы (рентгеновской остеоденситометрии)»";"01.09.2026";;false;00000
686;"Приказ Минздрава России";"13.04.2026";"271н";"«Об утверждении учетной формы № 131/у «Карта учета профилактического медицинского осмотра (диспансеризации)» и порядка ее ведения»";"01.09.2026";;false;00000
687;"Приказ Минздрава России";"13.04.2026";"272н";"«Об утверждении Порядка проведения медицинского освидетельствования на наличие медицинских противопоказаний к исполнению обязанностей частного охранника, включающего в себя химико-токсикологические исследования наличия в организме наркотических средств, психотропных веществ и их метаболитов и психиатрическое освидетельствование, и оформления медицинского заключения об отсутствии медицинских противопоказаний к исполнению обязанностей частного охранника по результатам указанного медицинского освидетельствования, формы медицинского заключения об отсутствии медицинских противопоказаний к исполнению обязанностей частного охранника, а также формы журнала регистрации оформленных медицинских заключений об отсутствии медицинских противопоказаний к исполнению обязанностей частного охранника и формы сообщения об аннулировании действующего медицинского заключения об отсутствии медицинских противопоказаний к исполнению обязанностей частного охранника»";"01.09.2026";;false;00000
688;"Приказ Минздрава России";"15.04.2026";"286н";"«Об утверждении порядка выдачи медицинскими организациями справок и медицинских заключений»";"01.09.2026";;false;00000
689;"Приказ Минздрава России";"24.03.2026";"202н";"«Об утверждении Правил проведения обязательного медицинского освидетельствования на выявление вируса иммунодефицита человека (ВИЧ-инфекции)»";"01.09.2026";;false;00000
690;"Приказ Минздрава России, РАН";"30.04.2026";"331н/4";"«О внесении изменения в перечень объектов трансплантации, утвержденный приказом Министерства здравоохранения Российской Федерации и Российской академии наук от 25.03.2025 № 150н/1»";"01.09.2026";;true;00000
691;"Приказ Минздрава России, РАН";"19.01.2026";"26н/1";"«О внесении изменений в перечень объектов трансплантации, утвержденный приказом Министерства здравоохранения Российской Федерации и Российской академии наук от 25.03.2025 № 150н/1»";"01.09.2026";;true;00000
692;"Приказ Минздравсоцразвития России";"23.07.2010";"541н";"«Об утверждении Единого квалификационного справочника должностей руководителей, специалистов и служащих, раздел «Квалификационные характеристики должностей работников в сфере здравоохранения»»";"01.07.2018";;false;00000
693;"Приказ Минздрава России";"10.03.2026";"176н";"«Об утверждении унифицированных форм медицинской документации, используемых при проведении судебно-психиатрической экспертизы, и порядков их ведения»";"01.09.2026";;false;00000
694;"Приказ Минздрава России";"13.11.2025";"666н";"«Об утверждении Порядка оказания медицинской помощи по профилю «психиатрия-наркология»»";"01.09.2026";;false;00000
695;"Приказ Минздрава России";"16.03.2026";"186н";"«Об утверждении перечня заболеваний, препятствующих исполнению обязанностей частного охранника»";"01.09.2026";;false;00000
696;"Приказ ФМБА России";"22.06.2026";108;"«О ведомственных наградах Федерального медико-биологического агентства»";"01.09.2026";;false;00000
697;"Приказ Минздрава России";"09.07.2026";"671н";"«Об утверждении форм медицинской документации «Паспорт врачебного участка (педиатрического)» и «Паспорт врачебного участка (терапевтического)» и порядков их ведения»";"01.09.2026";;false;00000
698;"Постановление Главного государственного санитарного врача РФ";"02.06.2026";15;"«Об утверждении санитарных правил СП 2.2.4285-26 «Санитарно-эпидемиологические требования к условиям труда»»";"01.09.2026";;false;00000